entry,year,n,mean20,win,exw20,t
EN1_MACD金叉,2015,17404,0.06473657328069536,0.6418639393242933,-0.02171782642011247,-4.806235262495307
EN1_MACD金叉,2016,19789,0.01651574576440413,0.5178129263732376,-0.009071590488123216,-4.157398360251051
EN1_MACD金叉,2017,23303,-0.011386006308282971,0.45543492254216195,-0.003225895254868986,-2.644197137054794
EN1_MACD金叉,2018,26603,-0.023261995420606904,0.3757470961921588,-0.012878984873039732,-7.383631255334599
EN1_MACD金叉,2019,29663,0.02477459010992108,0.5515625526750497,-0.003475563900161441,-2.007858728636464
EN1_MACD金叉,2020,32170,0.012066628109605883,0.47429281939695367,-0.002771884099644115,-1.2627268512076242
EN1_MACD金叉,2021,37490,0.02005995945971456,0.5147239263803681,-0.0036355160278457497,-2.4664773257461508
EN1_MACD金叉,2022,39481,-0.002541589701389406,0.458043109343735,-0.008126403568908997,-4.286969571708136
EN1_MACD金叉,2023,45487,4.968953281480958e-05,0.4578450985995999,-0.006990260002638631,-5.046762239323351
EN1_MACD金叉,2024,47034,0.029570854595392992,0.4863077773525535,-0.009344370446631532,-3.2595500255152614
EN1_MACD金叉,2025,50298,0.03811870952866286,0.5946160881148356,-0.006441042271315293,-3.867270081646309
EN1_MACD金叉,2026,29530,-0.009554225481713604,0.4319674906874365,-0.007711332508602462,-3.044897780161103
EN2_0轴下金叉,2015,8280,0.07738488529443462,0.7027777777777777,-0.011967180136472905,-1.6858766810438515
EN2_0轴下金叉,2016,12568,0.027763720398678464,0.5525938892425207,-0.011751484582420217,-4.205771516711242
EN2_0轴下金叉,2017,16502,-0.008380082321122216,0.4798812265179978,-0.006905495848998519,-4.380913633872374
EN2_0轴下金叉,2018,21281,-0.01721620474965486,0.39608101123067524,-0.012562675243341478,-6.751668313723338
EN2_0轴下金叉,2019,19598,0.04083813598677023,0.6098071231758343,-0.00024540205606702486,-0.09203684836416623
EN2_0轴下金叉,2020,19039,0.006195702012223439,0.46488786175744523,-0.006499931997739692,-2.366139914690358
EN2_0轴下金叉,2021,23638,0.027931276630024354,0.5539808782468906,0.0023672797837237442,1.3578909086502302
EN2_0轴下金叉,2022,26494,0.00682279606871648,0.49886766815127953,-0.0014785031676115739,-0.743118610893379
EN2_0轴下金叉,2023,31120,0.005543383021381788,0.4849293059125964,-0.0049200524555263,-3.1131371984393645
EN2_0轴下金叉,2024,31149,0.04904781090888083,0.5262448232688047,-0.004211521502189101,-1.0732785335905015
EN2_0轴下金叉,2025,28337,0.048994037288508804,0.6558210113985249,-0.006840586696647563,-3.3917022234048853
EN2_0轴下金叉,2026,20988,0.00012202832820460215,0.4696493234229083,-0.011367584015171761,-3.753367233178264
EN3_0轴上金叉,2015,9124,0.053258271716276125,0.5865848312143797,-0.030854374647543654,-5.061855577722783
EN3_0轴上金叉,2016,7221,-0.0030611196563907557,0.4572773854036837,-0.015286027637004412,-4.234235646763179
EN3_0轴上金叉,2017,6801,-0.018679603960999745,0.396118217909131,-0.000534435690110334,-0.23248531005771175
EN3_0轴上金叉,2018,5322,-0.04743720610616316,0.2944381811349117,-0.019956780983526278,-6.445333148538211
EN3_0轴上金叉,2019,10065,-0.006503439904434588,0.43815201192250375,-0.010172582937261105,-4.381399486655008
EN3_0轴上金叉,2020,13131,0.020579046201759137,0.487929327545503,0.0012938570588661431,0.43431813769850636
EN3_0轴上金叉,2021,13852,0.006627805599493444,0.4477331793242853,-0.01725727025159725,-6.3792671115700115
EN3_0轴上金叉,2022,12987,-0.0216453116227866,0.37475937475937476,-0.026174271020077886,-8.35101411192607
EN3_0轴上金叉,2023,14367,-0.011850062772064731,0.3991786733486462,-0.01348857761008947,-6.49504099232827
EN3_0轴上金叉,2024,15885,-0.008621635943406664,0.40799496380232925,-0.020859070379236285,-5.9373660580552095
EN3_0轴上金叉,2025,21961,0.024085916726388157,0.5156413642366012,-0.009085837070850155,-4.200439909910842
EN3_0轴上金叉,2026,8542,-0.033329127725048105,0.3393818777803793,-0.023032797532734885,-3.6237391692011034
EN4_柱连3日改善,2015,247291,0.05608091074595975,0.6179885236421867,-0.009378194322121737,-5.2951361710580205
EN4_柱连3日改善,2016,280274,0.016476205886748446,0.5279155397932024,-0.005440005213181126,-4.540079179759162
EN4_柱连3日改善,2017,319892,-0.009315048863373513,0.45666662498593275,-0.000635554917403077,-1.165033118589356
EN4_柱连3日改善,2018,364231,-0.023591989894989358,0.381700074952434,-0.005179851011104155,-5.295320868219928
EN4_柱连3日改善,2019,402070,0.02497820016238196,0.5590767776755291,-0.0037812193506028755,-5.716949261433743
EN4_柱连3日改善,2020,415059,0.008903001022257112,0.45615201694216967,-0.001579223770380743,-1.426434405683403
EN4_柱连3日改善,2021,468218,0.022519301986874938,0.5242728814355706,0.00046271546105503014,0.7928564614342773
EN4_柱连3日改善,2022,514805,-0.0012790499269744653,0.46590456580647044,-0.0013817305061255714,-1.5779584783276397
EN4_柱连3日改善,2023,551191,0.0019249027468145755,0.4564461321030278,-0.0011073270200081062,-1.4203383564659982
EN4_柱连3日改善,2024,571242,0.014157606247379053,0.45531140917509566,-0.002720249190157599,-2.2430290557688655
EN4_柱连3日改善,2025,650640,0.04018623809349466,0.6032368129841387,-0.0020040062957366934,-3.5269638341407705
EN4_柱连3日改善,2026,411853,-0.003192754515971044,0.4446198036678135,0.00017032559389734258,0.13119639249922432
EN5_柱连5日改善,2015,77515,0.05158344398924383,0.6136489711668709,-0.017706482430011196,-5.527944029921137
EN5_柱连5日改善,2016,93928,0.0120184938973901,0.5042905203986032,-0.009016332108680252,-5.568034003693645
EN5_柱连5日改善,2017,99105,-0.007176851060638455,0.47941072599767925,-0.002262328144160974,-2.0988267618717398
EN5_柱连5日改善,2018,120189,-0.007087585657057675,0.45121433741856576,-0.00899505040452322,-5.958080536242494
EN5_柱连5日改善,2019,129229,0.03507593021487052,0.6087410720503912,-0.008047652456931446,-4.954154709642651
EN5_柱连5日改善,2020,129864,0.008459892521096943,0.4578328097086182,-0.0026196206165138188,-0.9670040231364666
EN5_柱连5日改善,2021,144417,0.02764625954917261,0.5518325404903854,0.0027293537905789347,2.025474961245253
EN5_柱连5日改善,2022,161812,0.004544479974037281,0.4970644945986701,-0.005343445663699179,-2.8813149499825097
EN5_柱连5日改善,2023,167811,0.009003829618381566,0.49420478991246103,-0.0022927955232509485,-1.6370722862721083
EN5_柱连5日改善,2024,166740,0.012200765244505052,0.4448722562072688,-0.00953917694745655,-4.130835740616066
EN5_柱连5日改善,2025,207538,0.046134516164336156,0.6279139241970145,-0.006501336980864235,-3.564464618918763
EN5_柱连5日改善,2026,131413,-0.00014042474215868932,0.4582118968443,-0.003907289144491168,-1.694269227838643
EN6_金叉+不过热+量温和+RS正,2015,1095,0.0900605491050297,0.7324200913242009,-0.03453145057225285,-3.2235502091744124
EN6_金叉+不过热+量温和+RS正,2016,3984,0.020726598065021338,0.5416666666666666,0.003015678863247415,0.7415826531740438
EN6_金叉+不过热+量温和+RS正,2017,5782,-0.008635423765383917,0.4712902109996541,0.003751384799795436,1.7466518697580216
EN6_金叉+不过热+量温和+RS正,2018,7574,-0.020434011638909226,0.3842091365196726,-0.007082928956928054,-2.584751481595437
EN6_金叉+不过热+量温和+RS正,2019,6104,0.027324463642979933,0.5350589777195282,-0.0003180830030584366,-0.08369520559374335
EN6_金叉+不过热+量温和+RS正,2020,4366,0.01190932911168913,0.46220797068254693,0.0031128807375338146,0.8125565501891251
EN6_金叉+不过热+量温和+RS正,2021,4764,0.025435412214956432,0.5272879932829555,-0.002299496890310089,-0.7793945731781771
EN6_金叉+不过热+量温和+RS正,2022,7289,-0.003186130286051796,0.44231033063520375,-0.0011336303451057418,-0.3512547816067237
EN6_金叉+不过热+量温和+RS正,2023,8773,-0.0005382090877234208,0.46107374900262166,-0.006878574530446066,-3.1867642218254972
EN6_金叉+不过热+量温和+RS正,2024,9130,0.03233911041618947,0.4932092004381161,-0.006216401138891784,-1.9594689527859688
EN6_金叉+不过热+量温和+RS正,2025,6477,0.041178954681207615,0.6038289331480624,-0.009684030263252288,-2.798558727251584
EN6_金叉+不过热+量温和+RS正,2026,4671,0.00484970699804228,0.47291800470991224,-0.006903345791511865,-1.2539137110721768
EN7_0轴下金叉+距60日高点<-15%,2015,5425,0.06497871799116703,0.6589861751152074,-0.029869139927368733,-3.4710689886888377
EN7_0轴下金叉+距60日高点<-15%,2016,8033,0.039267156007409244,0.5904394373210506,-0.01102548172598341,-2.305886523630725
EN7_0轴下金叉+距60日高点<-15%,2017,9557,-0.0023904020543097167,0.5107251229465314,-0.01571930654747507,-5.547398645303155
EN7_0轴下金叉+距60日高点<-15%,2018,15614,-0.011055255551376398,0.422505443832458,-0.01382214191411976,-6.053671220748495
EN7_0轴下金叉+距60日高点<-15%,2019,11461,0.04287495896625658,0.6218480062821743,-0.007711796275008944,-2.137656727352618
EN7_0轴下金叉+距60日高点<-15%,2020,12325,0.0007908510585368612,0.45582150101419877,-0.014703458958939658,-4.806331224939677
EN7_0轴下金叉+距60日高点<-15%,2021,15618,0.028104360290717757,0.5590344474324498,-0.0012712560651049478,-0.5707495227267552
EN7_0轴下金叉+距60日高点<-15%,2022,18962,0.010199714600712076,0.5155046935977218,-0.0028558237580644254,-1.28973846212858
EN7_0轴下金叉+距60日高点<-15%,2023,15148,0.005590142754697371,0.4784790071296541,-0.0101398602982679,-4.730347438461883
EN7_0轴下金叉+距60日高点<-15%,2024,22391,0.05364309444936688,0.5294537984011434,-0.005967570928876372,-1.6857324170469867
EN7_0轴下金叉+距60日高点<-15%,2025,16837,0.05627338374733583,0.6784462790283304,-0.0075946947751628635,-2.8910466862578765
EN7_0轴下金叉+距60日高点<-15%,2026,15655,0.006854713764221471,0.49926541041200895,-0.012140702775033369,-3.500634560472372
EN8_金叉+放量跌为主,2015,179,0.04109766518966196,0.6033519553072626,-0.00399592469002587,-0.1860234732163102
EN8_金叉+放量跌为主,2016,162,0.056707106217980016,0.6419753086419753,0.000416167867507429,0.04674160212377526
EN8_金叉+放量跌为主,2017,254,-0.01249923601796335,0.4409448818897638,-0.0050717328290900135,-0.7648963957525207
EN8_金叉+放量跌为主,2018,496,0.011335844247891486,0.5161290322580645,-0.026690303516570875,-3.503103584724562
EN8_金叉+放量跌为主,2019,352,0.06023647355433235,0.6363636363636364,-0.006051453676914243,-0.8042803996302544
EN8_金叉+放量跌为主,2020,424,0.00833702731280348,0.4669811320754717,-0.0060701689378935735,-0.6986197035693924
EN8_金叉+放量跌为主,2021,692,0.00974541123244558,0.46098265895953755,0.0017281094863451233,0.22655401824467378
EN8_金叉+放量跌为主,2022,938,0.03156531757080493,0.5533049040511727,-0.00965024536316441,-1.3446860012674706
EN8_金叉+放量跌为主,2023,1003,-0.004255583196442918,0.42971086739780656,-0.014408274974457451,-3.035801005498984
EN8_金叉+放量跌为主,2024,2067,0.11040648820754081,0.7745524915336236,-0.005124311606971491,-0.4826290893231273
EN8_金叉+放量跌为主,2025,463,0.03682953110923048,0.5637149028077754,0.0034628546399156695,0.38931503211401736
EN8_金叉+放量跌为主,2026,671,-0.021473309257480987,0.4187779433681073,-0.017368885370809977,-2.1710818824820795
EN9_慢改善未翻红,2015,62980,0.06891176353925212,0.6327246744998413,-0.01578787965560003,-4.916869188756217
EN9_慢改善未翻红,2016,101137,0.015608606661125023,0.5207886332400605,-0.007854964123705205,-5.082248098675077
EN9_慢改善未翻红,2017,106117,-0.01943190295096441,0.4166438930614322,-0.0011912156542586874,-1.1660201391216498
EN9_慢改善未翻红,2018,117974,-0.006148192869375395,0.4533456524318918,-0.010336999432884263,-6.742399438855185
EN9_慢改善未翻红,2019,129172,0.010924682293901073,0.49445700306567986,7.630937027534865e-05,0.054114020666831374
EN9_慢改善未翻红,2020,143235,0.010727697202282198,0.47247530282403044,-0.0038086645869826784,-3.296067155651686
EN9_慢改善未翻红,2021,151428,0.01869860508496439,0.5106585307869086,-0.004463790360459408,-3.7049276467441095
EN9_慢改善未翻红,2022,177668,0.006211279073046642,0.4841839836098791,-0.0004336126338643759,-0.2568174607530746
EN9_慢改善未翻红,2023,191735,-0.002815662968244273,0.43592458340939316,-0.001905006974699638,-1.6485394241407347
EN9_慢改善未翻红,2024,198105,0.017793733169028023,0.4480452285404205,0.0023781218819185035,1.0360885858495057
EN9_慢改善未翻红,2025,220624,0.041925254051397416,0.6200685328885344,-0.00392881989117793,-3.6099731984185834
EN9_慢改善未翻红,2026,136765,-0.006557614933854132,0.4130296493986034,-0.0016711904540133754,-0.7247854916446351
