entry,exit,seg,n,mean,win,exw,t
EN1_MACD金叉,XA_固定持有5日,训练2015-2022,225903,0.0017652277968675408,0.4811312820104204,-0.00536067084606019,-11.467500645855885
EN1_MACD金叉,XA_固定持有5日,验证2023-2024,92521,0.004501305261628214,0.45652338388041636,-0.004198602387593663,-4.946565919305176
EN1_MACD金叉,XA_固定持有5日,测试2025-2026,82683,0.003620448565999031,0.48625473192796587,-0.0021970400202119284,-3.1878856364321657
EN1_MACD金叉,XA_固定持有10日,训练2015-2022,225903,0.0051718445725545655,0.4945441184933356,-0.006333178137421625,-9.530714774175747
EN1_MACD金叉,XA_固定持有10日,验证2023-2024,92521,0.0034743712415354257,0.45856616335750805,-0.006253423567010817,-5.30222785089979
EN1_MACD金叉,XA_固定持有10日,测试2025-2026,81959,0.01191391247013914,0.5226637709098452,-0.0031736756990911924,-3.2275248093789415
EN1_MACD金叉,XA_固定持有20日,训练2015-2022,225903,0.010376639154829484,0.4914808568279306,-0.008098594312938863,-9.740786618443561
EN1_MACD金叉,XA_固定持有20日,验证2023-2024,92521,0.015057076802227181,0.47231439348904575,-0.008164878257301757,-5.1379710097114994
EN1_MACD金叉,XA_固定持有20日,测试2025-2026,79828,0.020483521739210322,0.5344490654908053,-0.0069337996933360084,-4.903123729387018
EN1_MACD金叉,XA_固定持有30日,训练2015-2022,225903,0.013736861475393486,0.48492494566251887,-0.00984711472681385,-9.790155863220075
EN1_MACD金叉,XA_固定持有30日,验证2023-2024,92521,0.017317680011023906,0.45670712594978435,-0.006685469205191714,-3.5381337460020466
EN1_MACD金叉,XA_固定持有30日,测试2025-2026,79384,0.032060579413625015,0.5364557089589842,-0.006888345703191551,-4.257641194978121
EN1_MACD金叉,XA_固定持有40日,训练2015-2022,225903,0.01839541769820072,0.47648326936782603,-0.010160514815755023,-10.413205344838598
EN1_MACD金叉,XA_固定持有40日,验证2023-2024,92521,0.01655654741141978,0.4333934998540872,-0.006986905690721689,-3.627752643980354
EN1_MACD金叉,XA_固定持有40日,测试2025-2026,76525,0.03890310556563453,0.5324273113361646,-0.007519932521073857,-4.136284604277109
EN1_MACD金叉,XA_固定持有60日,训练2015-2022,225903,0.02648746478964184,0.4653280390255995,-0.012556654547989985,-9.835033380816935
EN1_MACD金叉,XA_固定持有60日,验证2023-2024,92521,0.039183837684430796,0.46943937052128704,-0.006877465777747284,-3.3942567103814545
EN1_MACD金叉,XA_固定持有60日,测试2025-2026,72263,0.04890760129976655,0.5076456831296791,-0.01083455845659804,-4.786313108700618
EN1_MACD金叉,XB_跌破MA20,训练2015-2022,225903,0.002938823898118026,0.32583453960328107,-0.011627352019013087,-7.4227897975395
EN1_MACD金叉,XB_跌破MA20,验证2023-2024,92521,0.004149363507238045,0.3147177397563796,-0.011178579753834775,-3.6601098871703024
EN1_MACD金叉,XB_跌破MA20,测试2025-2026,79776,0.006796790519203452,0.3277426795026073,-0.017529819619729905,-7.169335928278503
EN1_MACD金叉,XC_跌破MA60,训练2015-2022,225903,0.0003598598293455142,0.3609558084664657,-0.013960015854548107,-7.509128923561154
EN1_MACD金叉,XC_跌破MA60,验证2023-2024,92521,-0.0014766585550255644,0.3484506220209466,-0.016401662188312804,-5.202087667187641
EN1_MACD金叉,XC_跌破MA60,测试2025-2026,79615,0.007849164934786214,0.364202725617032,-0.017494588333468425,-6.927856289991698
EN1_MACD金叉,XD_ATR2倍止损,训练2015-2022,225903,0.011784348967858144,0.31246154322873093,-0.009609749819639066,-3.8823153098895182
EN1_MACD金叉,XD_ATR2倍止损,验证2023-2024,92521,0.015369346960046675,0.28150365862885185,-0.007407430534858887,-2.07908540016591
EN1_MACD金叉,XD_ATR2倍止损,测试2025-2026,74544,0.02347243271524241,0.3288795878943979,-0.016515998397241605,-4.32052239626603
EN1_MACD金叉,XD_ATR3倍止损,训练2015-2022,225903,0.012554656713780704,0.3761127563600306,-0.010652446778095518,-3.885860087433887
EN1_MACD金叉,XD_ATR3倍止损,验证2023-2024,92521,0.019658973391033216,0.3550329114471309,-0.004497158410317989,-1.0293650103544296
EN1_MACD金叉,XD_ATR3倍止损,测试2025-2026,73495,0.02845939178332695,0.40540172800870805,-0.018962873758114392,-4.123310481503936
EN1_MACD金叉,XE_固定止损-5%,训练2015-2022,225903,0.010974012528603798,0.2574290735404134,-0.008063604682896776,-3.6380276370102833
EN1_MACD金叉,XE_固定止损-5%,验证2023-2024,92521,0.01262484431275436,0.23148258233265961,-0.006594360253178277,-2.1792545887270887
EN1_MACD金叉,XE_固定止损-5%,测试2025-2026,76270,0.021416877628784994,0.2766094139242166,-0.011905946911250994,-3.7340683846116773
EN1_MACD金叉,XE_固定止损-8%,训练2015-2022,225903,0.01193769357193023,0.3287959876584198,-0.008045922805092054,-3.2848838794075133
EN1_MACD金叉,XE_固定止损-8%,验证2023-2024,92521,0.016585150081850023,0.3107726894434777,-0.005345512677774897,-1.4508176043619532
EN1_MACD金叉,XE_固定止损-8%,测试2025-2026,75198,0.026490756061182306,0.3587728397031836,-0.011361544065882736,-3.0421889605757597
EN1_MACD金叉,XE_固定止损-10%,训练2015-2022,225903,0.012360700911872316,0.3635896822972692,-0.008432852524524555,-3.283642616268599
EN1_MACD金叉,XE_固定止损-10%,验证2023-2024,92521,0.019228915632123297,0.3537899503896413,-0.004067075452068728,-0.9849255151470152
EN1_MACD金叉,XE_固定止损-10%,测试2025-2026,74603,0.02934481962879605,0.3996219991153171,-0.01133934478116677,-2.785614993058097
EN1_MACD金叉,XE_固定止损-15%,训练2015-2022,225903,0.01443232244304589,0.41964028808825027,-0.008756887923381449,-3.125373109591097
EN1_MACD金叉,XE_固定止损-15%,验证2023-2024,92521,0.02405071915316742,0.42022892100171855,-0.0013550160960183136,-0.2753101854271113
EN1_MACD金叉,XE_固定止损-15%,测试2025-2026,73537,0.03473801889835556,0.458612671172335,-0.013251732447074864,-2.714928421220993
EN1_MACD金叉,XF_移动止盈8%,训练2015-2022,225903,0.007171082451813296,0.3655241408923299,-0.008500085794843914,-5.383356329099676
EN1_MACD金叉,XF_移动止盈8%,验证2023-2024,92521,0.002187976609008287,0.33980393640362727,-0.012146342973351522,-5.047257767609152
EN1_MACD金叉,XF_移动止盈8%,测试2025-2026,78852,0.02395824537646948,0.42718003348044437,-0.0064107298098459685,-2.946438517602
EN1_MACD金叉,XF_移动止盈12%,训练2015-2022,225903,0.01210502101646394,0.3841161914627074,-0.004844952651892866,-2.595382921529541
EN1_MACD金叉,XF_移动止盈12%,验证2023-2024,92521,0.00462553563733372,0.3751904972925066,-0.013081221293301299,-5.042238750776359
EN1_MACD金叉,XF_移动止盈12%,测试2025-2026,76914,0.029737119160299114,0.43802168655901397,-0.002667772123073324,-0.9898154400944571
EN1_MACD金叉,XG_MACD死叉,训练2015-2022,225903,0.009200687781113518,0.35170404996834925,-0.007923243708958349,-5.640491257294679
EN1_MACD金叉,XG_MACD死叉,验证2023-2024,92521,0.010041842380142437,0.32746079268490397,-0.007078600344716847,-2.828171071272635
EN1_MACD金叉,XG_MACD死叉,测试2025-2026,79545,0.016984691109199295,0.38306618894965117,-0.01127029506127239,-5.497765813674241
EN1_MACD金叉,XH_hist连3日降,训练2015-2022,225903,0.00546541382540419,0.42069383762057166,-0.010653590796696396,-6.762565777871505
EN1_MACD金叉,XH_hist连3日降,验证2023-2024,92521,0.003317027598610127,0.39174890024967307,-0.010623679022243067,-3.727470849645122
EN1_MACD金叉,XH_hist连3日降,测试2025-2026,79830,0.010803673578015444,0.44232744582237254,-0.014031360840056016,-6.2232872429458235
EN2_0轴下金叉,XA_固定持有5日,训练2015-2022,147400,0.0024358392832380077,0.49109905020352784,-0.00470727974587531,-7.770657210500599
EN2_0轴下金叉,XA_固定持有5日,验证2023-2024,62269,0.008117021221519211,0.47681832051261464,-0.0036179333032876028,-3.395155652101699
EN2_0轴下金叉,XA_固定持有5日,测试2025-2026,50688,0.004144990431940511,0.4922466856060606,-0.0022935774634346793,-2.6041631627947783
EN2_0轴下金叉,XA_固定持有10日,训练2015-2022,147400,0.006490539207515215,0.5083446404341927,-0.005056919298008808,-6.15055810122112
EN2_0轴下金叉,XA_固定持有10日,验证2023-2024,62269,0.00819747173504443,0.4815397709935923,-0.0050187946461620805,-3.5667532759518275
EN2_0轴下金叉,XA_固定持有10日,测试2025-2026,50340,0.015209453319876349,0.5522050059594755,-0.004683342280269844,-3.8289972185702634
EN2_0轴下金叉,XA_固定持有20日,训练2015-2022,147400,0.015226075659243426,0.5171370420624152,-0.006005319527464564,-5.6334027651435745
EN2_0轴下金叉,XA_固定持有20日,验证2023-2024,62269,0.02730572743461642,0.5055966853490501,-0.004568739191163272,-2.175266094715747
EN2_0轴下金叉,XA_固定持有20日,测试2025-2026,49325,0.02819878692745732,0.5766041561074506,-0.008596651147661987,-5.040674805530426
EN2_0轴下金叉,XA_固定持有30日,训练2015-2022,147400,0.022606166200308146,0.518303934871099,-0.007236397801900185,-5.51373387705688
EN2_0轴下金叉,XA_固定持有30日,验证2023-2024,62269,0.03102841510706429,0.49229953909650065,-0.0012668999551391118,-0.41350101191184524
EN2_0轴下金叉,XA_固定持有30日,测试2025-2026,49177,0.04088388196402337,0.5805559509526811,-0.005757538282624687,-3.001710197692279
EN2_0轴下金叉,XA_固定持有40日,训练2015-2022,147400,0.030508469499765805,0.5114246947082768,-0.006618074936917281,-4.98574487261166
EN2_0轴下金叉,XA_固定持有40日,验证2023-2024,62269,0.03346874684806587,0.47183992034559735,-0.00037212621060498665,-0.11506230747745752
EN2_0轴下金叉,XA_固定持有40日,测试2025-2026,46521,0.043419804476273145,0.5644332666967606,-0.0057712703119241196,-2.4940749202685835
EN2_0轴下金叉,XA_固定持有60日,训练2015-2022,147400,0.042390037078328835,0.5006241519674356,-0.010669591949175895,-5.821571047742719
EN2_0轴下金叉,XA_固定持有60日,验证2023-2024,62269,0.060547857262531285,0.5162600973196936,-0.002250809070438966,-0.6856903515521078
EN2_0轴下金叉,XA_固定持有60日,测试2025-2026,42558,0.046826602880703276,0.5153672634992246,-0.011648317724075537,-4.406721614441516
EN2_0轴下金叉,XB_跌破MA20,训练2015-2022,147400,0.004270597762783097,0.35398236092265944,-0.00924819994472542,-5.4361506026410975
EN2_0轴下金叉,XB_跌破MA20,验证2023-2024,62269,0.01085281938974607,0.35420514220559185,-0.006847838763289319,-2.03057036885578
EN2_0轴下金叉,XB_跌破MA20,测试2025-2026,49292,0.006613640637984826,0.3533230544510265,-0.019467668365275356,-7.363265623470328
EN2_0轴下金叉,XC_跌破MA60,训练2015-2022,147400,0.0033043237690155865,0.4182225237449118,-0.008758985805978507,-4.397183078458124
EN2_0轴下金叉,XC_跌破MA60,验证2023-2024,62269,0.006095290213100487,0.4182819701617177,-0.00810075963122925,-2.288361960995009
EN2_0轴下金叉,XC_跌破MA60,测试2025-2026,49290,0.004046472267685585,0.41174680462568475,-0.019760590313445566,-7.132025759092995
EN2_0轴下金叉,XD_ATR2倍止损,训练2015-2022,147400,0.022962493209190894,0.34619402985074627,-0.002844699790185801,-1.0899220298684393
EN2_0轴下金叉,XD_ATR2倍止损,验证2023-2024,62269,0.032781985946325316,0.320207486871477,0.00017469719131879002,0.04360880650706995
EN2_0轴下金叉,XD_ATR2倍止损,测试2025-2026,44372,0.0266407483393237,0.3446092130172181,-0.01421625584967849,-3.5466276652978266
EN2_0轴下金叉,XD_ATR3倍止损,训练2015-2022,147400,0.02580145065755904,0.4087109905020353,-0.0032109298565327913,-1.1309621196587738
EN2_0轴下金叉,XD_ATR3倍止损,验证2023-2024,62269,0.040433272709819126,0.3983201914275161,0.0021229317279857014,0.4464276063959051
EN2_0轴下金叉,XD_ATR3倍止损,测试2025-2026,43479,0.03245680310318876,0.42236481979806345,-0.014005075047115635,-2.9719280734984816
EN2_0轴下金叉,XE_固定止损-5%,训练2015-2022,147400,0.018788920798946788,0.2906241519674356,-0.0028371759922926286,-1.192052552795897
EN2_0轴下金叉,XE_固定止损-5%,验证2023-2024,62269,0.02592840217233972,0.2655093224557966,-0.001038894391718952,-0.2875782543721163
EN2_0轴下金叉,XE_固定止损-5%,测试2025-2026,45977,0.02248523279650619,0.29025382256345567,-0.010100347025996393,-2.8975145830190985
EN2_0轴下金叉,XE_固定止损-8%,训练2015-2022,147400,0.021270979751827165,0.36515603799185886,-0.003335615912656716,-1.2831690453005857
EN2_0轴下金叉,XE_固定止损-8%,验证2023-2024,62269,0.0340441369852534,0.35332187765983075,0.0007316089754434762,0.17432075521875837
EN2_0轴下金叉,XE_固定止损-8%,测试2025-2026,45005,0.02824875881693475,0.3773136318186868,-0.008111814828847416,-2.0028182517633937
EN2_0轴下金叉,XE_固定止损-10%,训练2015-2022,147400,0.02241931579397351,0.39978290366350067,-0.003574787571296633,-1.3136798617955872
EN2_0轴下金叉,XE_固定止损-10%,验证2023-2024,62269,0.038978690002962,0.40113057861857426,0.0021080421268179625,0.4574274819441705
EN2_0轴下金叉,XE_固定止损-10%,测试2025-2026,44473,0.030942202143287474,0.4180289164211994,-0.008554216969728284,-1.9646139699058434
EN2_0轴下金叉,XE_固定止损-15%,训练2015-2022,147400,0.025924478567424726,0.4537856173677069,-0.0037956884219734546,-1.2901702123792036
EN2_0轴下金叉,XE_固定止损-15%,验证2023-2024,62269,0.04657952494338249,0.4713260209735181,0.0041283816837195475,0.765179875967881
EN2_0轴下金叉,XE_固定止损-15%,测试2025-2026,43528,0.03606179330207319,0.47459106781841576,-0.010706284584697435,-2.099206112065022
EN2_0轴下金叉,XF_移动止盈8%,训练2015-2022,147400,0.010547680563868605,0.3797218453188602,-0.006493553777464861,-3.7849549641126283
EN2_0轴下金叉,XF_移动止盈8%,验证2023-2024,62269,0.009093533248149425,0.36027557853827746,-0.01026777862141687,-3.8749631942329135
EN2_0轴下金叉,XF_移动止盈8%,测试2025-2026,48488,0.02941878994203909,0.4533286586371886,-0.00552423912770917,-2.2291858245178533
EN2_0轴下金叉,XF_移动止盈12%,训练2015-2022,147400,0.016237135699627186,0.40044097693351427,-0.00270903387668962,-1.2658448674053977
EN2_0轴下金叉,XF_移动止盈12%,验证2023-2024,62269,0.01693613870355131,0.4130787390194158,-0.010651156135721413,-3.659997847329862
EN2_0轴下金叉,XF_移动止盈12%,测试2025-2026,46673,0.03396879176325211,0.45589527135603025,-0.0012542091430193505,-0.40090888346829556
EN2_0轴下金叉,XG_MACD死叉,训练2015-2022,147400,0.012719164817930161,0.3776662143826323,-0.0048723505648274315,-3.4056232947947147
EN2_0轴下金叉,XG_MACD死叉,验证2023-2024,62269,0.017922416394891304,0.35997045078610546,-0.0029568456612440474,-0.9026467608802489
EN2_0轴下金叉,XG_MACD死叉,测试2025-2026,49046,0.02436382527523783,0.4306773233291196,-0.011709974954917204,-5.484029241285648
EN2_0轴下金叉,XH_hist连3日降,训练2015-2022,147400,0.007660042147460856,0.44436227951153323,-0.008458169034068689,-5.438951144697607
EN2_0轴下金叉,XH_hist连3日降,验证2023-2024,62269,0.008861640605930716,0.42393486325458896,-0.0084278355460216,-2.8954379761178477
EN2_0轴下金叉,XH_hist连3日降,测试2025-2026,49326,0.014863870864189915,0.4768073632567003,-0.014517074036717988,-6.287176005758813
EN3_0轴上金叉,XA_固定持有5日,训练2015-2022,78503,0.0005060640312661393,0.46241544909111754,-0.006896699699439999,-9.02398851449381
EN3_0轴上金叉,XA_固定持有5日,验证2023-2024,30252,-0.002941079278450214,0.4147494380536824,-0.006527597603763342,-5.343859393067298
EN3_0轴上金叉,XA_固定持有5日,测试2025-2026,31995,0.0027894444059477193,0.4767619940615721,-0.005903840859957974,-4.427545493038901
EN3_0轴上金叉,XA_固定持有10日,训练2015-2022,78503,0.0026958170424831035,0.46863177203418976,-0.009747523781394898,-10.463228236118393
EN3_0轴上金叉,XA_固定持有10日,验证2023-2024,30252,-0.006247390778506624,0.41127859315086607,-0.011152386717184114,-7.21697674046618
EN3_0轴上金叉,XA_固定持有10日,测试2025-2026,31619,0.006667145451075565,0.4756317404092476,-0.008259583998813196,-4.130789255946713
EN3_0轴上金叉,XA_固定持有20日,训练2015-2022,78503,0.0012711662334046454,0.4433078990611824,-0.014716709957837856,-11.984100166606945
EN3_0轴上金叉,XA_固定持有20日,验证2023-2024,30252,-0.010154850548964329,0.40380801269337563,-0.017158532515888714,-8.40576273553385
EN3_0轴上金叉,XA_固定持有20日,测试2025-2026,30503,0.008007520840600902,0.4662820050486837,-0.01449599301828151,-5.150383824424787
EN3_0轴上金叉,XA_固定持有30日,训练2015-2022,78503,-0.0029164577156236757,0.4222513789281938,-0.01833215201518206,-12.554040096382861
EN3_0轴上金叉,XA_固定持有30日,验证2023-2024,30252,-0.01090371902690214,0.3834457225968531,-0.020198563209451813,-7.805500166979348
EN3_0轴上金叉,XA_固定持有30日,测试2025-2026,30207,0.01769624169319798,0.4646605091535075,-0.01790931055148666,-5.444939367061393
EN3_0轴上金叉,XA_固定持有40日,训练2015-2022,78503,-0.004348475344749147,0.4108760174770391,-0.02077026732422993,-12.894172789951096
EN3_0轴上金叉,XA_固定持有40日,验证2023-2024,30252,-0.018254564142213527,0.3542575697474547,-0.019570748292102515,-7.073097179937935
EN3_0轴上金叉,XA_固定持有40日,测试2025-2026,30004,0.031899994313074234,0.4828022930275963,-0.017901483384067492,-5.25236352740758
EN3_0轴上金叉,XA_固定持有60日,训练2015-2022,78503,-0.003371765499040914,0.39905481319185254,-0.02419827395108804,-12.399656014037282
EN3_0轴上金叉,XA_固定持有60日,验证2023-2024,30252,-0.0047906478077263765,0.3730662435541452,-0.019482626784240915,-6.153370767271486
EN3_0轴上金叉,XA_固定持有60日,测试2025-2026,29705,0.051889022970141724,0.496583066823767,-0.013652262603706859,-3.715401672629007
EN3_0轴上金叉,XB_跌破MA20,训练2015-2022,78503,0.00043823834531582094,0.27298319809434035,-0.016332404268091776,-9.79067041799812
EN3_0轴上金叉,XB_跌破MA20,验证2023-2024,30252,-0.00964864966041673,0.23343911146370488,-0.016297589618304142,-5.65806711936126
EN3_0轴上金叉,XB_跌破MA20,测试2025-2026,30484,0.00709294010406858,0.2863797401915759,-0.017360825738239178,-6.080085947621171
EN3_0轴上金叉,XC_跌破MA60,训练2015-2022,78503,-0.005168769454979528,0.25342980523037334,-0.01823644053501817,-7.778562367561939
EN3_0轴上金叉,XC_跌破MA60,验证2023-2024,30252,-0.017062328191493933,0.204713737934682,-0.01814246907692632,-5.827173642473544
EN3_0轴上金叉,XC_跌破MA60,测试2025-2026,30325,0.014030029619415726,0.28692497938994227,-0.0199160723371583,-5.561888320461326
EN3_0轴上金叉,XD_ATR2倍止损,训练2015-2022,78503,-0.009204128684874203,0.24912423729029465,-0.018631316306083966,-6.725937090325999
EN3_0轴上金叉,XD_ATR2倍止损,验证2023-2024,30252,-0.0204718409626224,0.2018378950152056,-0.01895104812745814,-4.716198014336852
EN3_0轴上金叉,XD_ATR2倍止损,测试2025-2026,30172,0.018812996785515002,0.3057470502452605,-0.021959965828445314,-5.047723749287146
EN3_0轴上金叉,XD_ATR3倍止损,训练2015-2022,78503,-0.012317990539355185,0.3149051628600181,-0.02136605286664186,-6.959175468677951
EN3_0轴上金叉,XD_ATR3倍止损,验证2023-2024,30252,-0.02310166538595607,0.2659328308872141,-0.015281243789576874,-3.0188147917159673
EN3_0轴上金叉,XD_ATR3倍止损,测试2025-2026,30016,0.022669031749469295,0.380830223880597,-0.022550416806588675,-4.400044066750323
EN3_0轴上金叉,XE_固定止损-5%,训练2015-2022,78503,-0.003699534712247595,0.19510082417232463,-0.015278656276558554,-6.268895112149424
EN3_0轴上金叉,XE_固定止损-5%,验证2023-2024,30252,-0.014758444208947364,0.1614438714795716,-0.015752562096916844,-5.24717354413381
EN3_0轴上金叉,XE_固定止损-5%,测试2025-2026,30293,0.01979538865290549,0.25590070313273694,-0.015378295470110635,-4.408484227842798
EN3_0轴上金叉,XE_固定止损-8%,训练2015-2022,78503,-0.005586813554126206,0.2605250754748226,-0.0150200733096867,-5.620922418762221
EN3_0轴上金叉,XE_固定止损-8%,验证2023-2024,30252,-0.019351437763185847,0.2231918550839614,-0.016401885743050796,-4.407382572928491
EN3_0轴上金叉,XE_固定止损-8%,测试2025-2026,30193,0.023870317084510935,0.3311363561090319,-0.015590297157410626,-3.8402274976640567
EN3_0轴上金叉,XE_固定止损-10%,训练2015-2022,78503,-0.006525708952995473,0.2956320140631568,-0.01594076701955099,-5.703497649865702
EN3_0轴上金叉,XE_固定止损-10%,验证2023-2024,30252,-0.02142289913376839,0.25634668782229275,-0.016573829001761315,-3.9035644173822126
EN3_0轴上金叉,XE_固定止损-10%,测试2025-2026,30130,0.026987023659098826,0.3724527049452373,-0.014292226573766094,-3.264218032349726
EN3_0轴上金叉,XE_固定止损-15%,训练2015-2022,78503,-0.007145754990089669,0.35552781422366025,-0.01664313048261223,-5.418079083401641
EN3_0轴上金叉,XE_固定止损-15%,验证2023-2024,30252,-0.02232129617642738,0.3150535501785006,-0.015328331703932864,-2.974279519254771
EN3_0轴上金叉,XE_固定止损-15%,测试2025-2026,30009,0.03281788652989875,0.4354360358559099,-0.016553359979250882,-3.1832776559784364
EN3_0轴上金叉,XF_移动止盈8%,训练2015-2022,78503,0.000831062812857425,0.33886603059755677,-0.014264364327839663,-8.258969385580365
EN3_0轴上金叉,XF_移动止盈8%,验证2023-2024,30252,-0.012026029286888831,0.2976662699986778,-0.015977334127619366,-5.843951929686682
EN3_0轴上金叉,XF_移动止盈8%,测试2025-2026,30364,0.01523835060320709,0.3854235278619418,-0.012339106937924928,-4.497003697378067
EN3_0轴上金叉,XF_移动止盈12%,训练2015-2022,78503,0.0043464168319326205,0.35346419882042723,-0.012421588972525566,-6.372609994150156
EN3_0轴上金叉,XF_移动止盈12%,验证2023-2024,30252,-0.020713911087851502,0.29720349067830226,-0.020789810391375108,-7.30760616355169
EN3_0轴上金叉,XF_移动止盈12%,测试2025-2026,30241,0.023206089915312998,0.4104361628253034,-0.007213104889903909,-2.1834395388825745
EN3_0轴上金叉,XG_MACD死叉,训练2015-2022,78503,0.002594271271849244,0.3029565749079653,-0.014943749759324764,-8.821015995857996
EN3_0轴上金叉,XG_MACD死叉,验证2023-2024,30252,-0.006179083949501795,0.26054475737141347,-0.013878869485203565,-4.701073174545023
EN3_0轴上金叉,XG_MACD死叉,测试2025-2026,30499,0.005118170426307202,0.30650185251975476,-0.017768376731438038,-6.36945678399399
EN3_0轴上金叉,XH_hist连3日降,训练2015-2022,78503,0.0013447023281218896,0.3762531368227966,-0.01514086635190079,-8.592893281179405
EN3_0轴上金叉,XH_hist连3日降,验证2023-2024,30252,-0.008095689159053688,0.32549914055269075,-0.015232684431943961,-4.9711882407069545
EN3_0轴上金叉,XH_hist连3日降,测试2025-2026,30504,0.004238197203184541,0.3865722528193024,-0.019219537600141494,-6.648274850818015
EN4_柱连3日改善,XA_固定持有5日,训练2015-2022,3011840,0.0019818695943553295,0.4856635810667233,-0.0019196658889937403,-9.055104127861021
EN4_柱连3日改善,XA_固定持有5日,验证2023-2024,1122433,0.000103769017292986,0.4444951279942767,-0.001073102031371416,-2.4215372058831544
EN4_柱连3日改善,XA_固定持有5日,测试2025-2026,1094350,0.005777459722957923,0.4974870927948097,-0.00044092125950492145,-1.4150105617047066
EN4_柱连3日改善,XA_固定持有10日,训练2015-2022,3011840,0.004501177508682667,0.494508672439439,-0.0024560852266289753,-8.475132109347012
EN4_柱连3日改善,XA_固定持有10日,验证2023-2024,1122433,0.0029768521380611384,0.4562722229300101,-0.0008412247221850445,-1.4050571197226958
EN4_柱连3日改善,XA_固定持有10日,测试2025-2026,1084624,0.012327426700173673,0.5213659295755949,-0.0008107487828617915,-1.8224790014623904
EN4_柱连3日改善,XA_固定持有20日,训练2015-2022,3011840,0.010139034552352705,0.4931659716319592,-0.0033681190063452483,-9.042929631195843
EN4_柱连3日改善,XA_固定持有20日,验证2023-2024,1122433,0.008150516224919241,0.4558686353662089,-0.001913788105082853,-2.654155449974629
EN4_柱连3日改善,XA_固定持有20日,测试2025-2026,1062493,0.023371286613168406,0.5417522750738123,-0.0011605626911935156,-1.892159623930007
EN4_柱连3日改善,XA_固定持有30日,训练2015-2022,3011840,0.013700773487031035,0.48324578994900125,-0.004331146289512698,-10.0039351666346
EN4_柱连3日改善,XA_固定持有30日,验证2023-2024,1122433,0.00992457240687628,0.43542019880028476,-0.001542044196229061,-1.8295686869242438
EN4_柱连3日改善,XA_固定持有30日,测试2025-2026,1045114,0.03201483039682917,0.5379231356579283,-0.0012124632785880701,-1.611445187776136
EN4_柱连3日改善,XA_固定持有40日,训练2015-2022,3011840,0.018841063630231254,0.47423667923926904,-0.004163363589604506,-9.756002150251483
EN4_柱连3日改善,XA_固定持有40日,验证2023-2024,1122433,0.01607114643053462,0.4369472387215985,-0.0010499930246207314,-1.2100249661636375
EN4_柱连3日改善,XA_固定持有40日,测试2025-2026,1005034,0.0384853899623375,0.5283701844912709,-0.0006393897876359877,-0.8252818249930203
EN4_柱连3日改善,XA_固定持有60日,训练2015-2022,3011840,0.02567862064704044,0.46165533361665956,-0.004968266092447719,-10.750070368952406
EN4_柱连3日改善,XA_固定持有60日,验证2023-2024,1122433,0.028707757626864894,0.4477211557393626,-0.0023482415385664124,-2.234303880716002
EN4_柱连3日改善,XA_固定持有60日,测试2025-2026,954888,0.04706259424112873,0.5083758514087516,-0.00269814383351511,-3.1456070595954726
EN4_柱连3日改善,XB_跌破MA20,训练2015-2022,3011840,0.0031197794991537583,0.36399709147896303,-0.007868590469468922,-5.250538494968614
EN4_柱连3日改善,XB_跌破MA20,验证2023-2024,1122433,0.002751624539753378,0.34862125400803434,-0.006339226040097515,-2.104790102266933
EN4_柱连3日改善,XB_跌破MA20,测试2025-2026,1061147,0.005805778982712563,0.3716638693790775,-0.016617437924573375,-6.967964503715146
EN4_柱连3日改善,XC_跌破MA60,训练2015-2022,3011840,0.0017411099488657677,0.3752310879728007,-0.009358466506472969,-5.044796472256706
EN4_柱连3日改善,XC_跌破MA60,验证2023-2024,1122433,-0.002110444191587473,0.34801275443612223,-0.01125350806283878,-3.7918448570386345
EN4_柱连3日改善,XC_跌破MA60,测试2025-2026,1057581,0.0059854886739686254,0.37902061402389037,-0.0158961122282332,-6.81053868408745
EN4_柱连3日改善,XD_ATR2倍止损,训练2015-2022,3011840,0.010309569204976122,0.3095164417764556,-0.0034242719393214405,-1.4068864719061973
EN4_柱连3日改善,XD_ATR2倍止损,验证2023-2024,1122433,0.0066060455580475965,0.2635097150564889,-0.003768635546439554,-1.1120938207038649
EN4_柱连3日改善,XD_ATR2倍止损,测试2025-2026,985649,0.021845615635577895,0.3326457998739917,-0.01099909432271685,-3.0077928585930462
EN4_柱连3日改善,XD_ATR3倍止损,训练2015-2022,3011840,0.012262659930275126,0.3770635226306842,-0.0022573345039530344,-0.8434680994263327
EN4_柱连3日改善,XD_ATR3倍止损,验证2023-2024,1122433,0.011442306058006457,0.33946970554144434,0.00012737027223454935,0.030121596909755688
EN4_柱连3日改善,XD_ATR3倍止损,测试2025-2026,969540,0.0274944076054899,0.411461105266415,-0.012095770495653848,-2.717556408756851
EN4_柱连3日改善,XE_固定止损-5%,训练2015-2022,3011840,0.009110387828262895,0.2506750026561836,-0.0033804481912672974,-1.5551121914994626
EN4_柱连3日改善,XE_固定止损-5%,验证2023-2024,1122433,0.004458829320147494,0.21121884335189717,-0.004877749465152857,-1.752812851754389
EN4_柱连3日改善,XE_固定止损-5%,测试2025-2026,1012415,0.018817660163141296,0.2747450403243729,-0.007507612976553744,-2.5106908894060087
EN4_柱连3日改善,XE_固定止损-8%,训练2015-2022,3011840,0.011045848613899081,0.32487084307267317,-0.002397415042957513,-0.9951762002763961
EN4_柱连3日改善,XE_固定止损-8%,验证2023-2024,1122433,0.007726389047886952,0.2897250882680748,-0.0026061695931463777,-0.7519868000321329
EN4_柱连3日改善,XE_固定止损-8%,测试2025-2026,995321,0.023922208736072596,0.3576373853259401,-0.006103873093909863,-1.7249620926783484
EN4_柱连3日改善,XE_固定止损-10%,训练2015-2022,3011840,0.012143378260238312,0.3613840708669783,-0.0019491459825740807,-0.7683242313349595
EN4_柱连3日改善,XE_固定止损-10%,验证2023-2024,1122433,0.010083087305011888,0.3321071279978404,-0.0006776717546816803,-0.1720887993121364
EN4_柱连3日改善,XE_固定止损-10%,测试2025-2026,986566,0.026474385390408302,0.3970895003476706,-0.00617364890260053,-1.59645679953638
EN4_柱连3日改善,XE_固定止损-15%,训练2015-2022,3011840,0.01461684049641218,0.4177579154271143,-0.0008222966880801724,-0.2974200602128877
EN4_柱连3日改善,XE_固定止损-15%,验证2023-2024,1122433,0.013921567054255048,0.39670786585925394,0.0019854686523559885,0.41363899054661435
EN4_柱连3日改善,XE_固定止损-15%,测试2025-2026,971708,0.03218040585660873,0.45804295117463273,-0.006867417785060693,-1.496069975550528
EN4_柱连3日改善,XF_移动止盈8%,训练2015-2022,3011840,0.004802442428416957,0.3596044278580535,-0.005925257846677866,-4.067309331875617
EN4_柱连3日改善,XF_移动止盈8%,验证2023-2024,1122433,-0.001928869675168919,0.3251080465381898,-0.009549463676032066,-4.521533034757632
EN4_柱连3日改善,XF_移动止盈8%,测试2025-2026,1046452,0.02361023418215033,0.42769376904052936,-0.0014554019920214078,-0.7859069924653626
EN4_柱连3日改善,XF_移动止盈12%,训练2015-2022,3011840,0.010895374977417563,0.3816534078835529,-0.00010242228682707716,-0.058243700784270415
EN4_柱连3日改善,XF_移动止盈12%,验证2023-2024,1122433,-0.0009776260937555765,0.35587335725161323,-0.009461116665194395,-4.144230621053823
EN4_柱连3日改善,XF_移动止盈12%,测试2025-2026,1017003,0.029080655926124164,0.4373025448302512,0.0027238562253694004,1.101368237036372
EN4_柱连3日改善,XG_MACD死叉,训练2015-2022,3011840,0.009049277748698016,0.3923684525074373,-0.0032087163722279233,-2.8296332126024386
EN4_柱连3日改善,XG_MACD死叉,验证2023-2024,1122433,0.007904522075940059,0.35874836181758735,-0.0007895003790005116,-0.39105933217729755
EN4_柱连3日改善,XG_MACD死叉,测试2025-2026,1056676,0.02170682449199999,0.43735638928110415,-0.002792518022589175,-1.7972575487418738
EN4_柱连3日改善,XH_hist连3日降,训练2015-2022,3011840,0.0036677768841536784,0.4140488870590735,-0.007963762106266828,-5.2528765261755135
EN4_柱连3日改善,XH_hist连3日降,验证2023-2024,1122433,-0.00032078656136515894,0.3718912398334689,-0.007422278649035737,-2.746613102412346
EN4_柱连3日改善,XH_hist连3日降,测试2025-2026,1062512,0.011703552752126208,0.44430086436670835,-0.011501131445005032,-5.761576641499893
EN5_柱连5日改善,XA_固定持有5日,训练2015-2022,956059,0.001180257714291053,0.4823279734828081,-0.00503891449986288,-11.71366069865135
EN5_柱连5日改善,XA_固定持有5日,验证2023-2024,334551,-0.000502092612998951,0.44036036359179914,-0.004457902219293624,-4.887906420140928
EN5_柱连5日改善,XA_固定持有5日,测试2025-2026,346160,0.007273328180866588,0.5072856482551421,-0.002651004592043849,-3.575560322500494
EN5_柱连5日改善,XA_固定持有10日,训练2015-2022,956059,0.005251063511533,0.5030630954784171,-0.005425729798353691,-9.27431703548157
EN5_柱连5日改善,XA_固定持有10日,验证2023-2024,334551,0.0032985126038896076,0.458707342079384,-0.003533135312559014,-2.825803779954357
EN5_柱连5日改善,XA_固定持有10日,测试2025-2026,344483,0.017388581863821855,0.5455073254703425,-0.0037546325861858914,-3.625138890235497
EN5_柱连5日改善,XA_固定持有20日,训练2015-2022,956059,0.01456359516064242,0.5176720265171919,-0.00641409756123461,-8.997583363177158
EN5_柱连5日改善,XA_固定持有20日,验证2023-2024,334551,0.010597180247433132,0.46961748731882436,-0.005915986235353749,-4.353100657892005
EN5_柱连5日改善,XA_固定持有20日,测试2025-2026,338951,0.028193489852730035,0.5621195984080295,-0.005495081648870653,-3.8421381178889527
EN5_柱连5日改善,XA_固定持有30日,训练2015-2022,956059,0.017629847915108136,0.5056131473057625,-0.008559484326028113,-10.344922279983258
EN5_柱连5日改善,XA_固定持有30日,验证2023-2024,334551,0.011184329065402596,0.44052177395972514,-0.0054085760947948204,-3.515212208323249
EN5_柱连5日改善,XA_固定持有30日,测试2025-2026,332856,0.03759389283483105,0.5571989088374553,-0.005097930754874294,-3.128926956837704
EN5_柱连5日改善,XA_固定持有40日,训练2015-2022,956059,0.023719839093910584,0.49146757679180886,-0.00864975131977309,-10.267022888699609
EN5_柱连5日改善,XA_固定持有40日,验证2023-2024,334551,0.016998135332286415,0.43454959034646434,-0.004643659677846311,-2.788819897713615
EN5_柱连5日改善,XA_固定持有40日,测试2025-2026,311145,0.04215319428180704,0.5425348310273346,-0.00424884286277666,-2.271587857066385
EN5_柱连5日改善,XA_固定持有60日,训练2015-2022,956059,0.031546123399937814,0.47378561364936683,-0.01145937721389703,-11.982595369983486
EN5_柱连5日改善,XA_固定持有60日,验证2023-2024,334551,0.025109872100346185,0.4462279293739968,-0.009188532081168122,-4.468372171529782
EN5_柱连5日改善,XA_固定持有60日,测试2025-2026,301139,0.049596529317315494,0.5171598497703718,-0.006274313653982933,-2.8538540665525804
EN5_柱连5日改善,XB_跌破MA20,训练2015-2022,956059,0.004315683226243455,0.3609693544017681,-0.010231430292406422,-6.983753222865837
EN5_柱连5日改善,XB_跌破MA20,验证2023-2024,334551,0.003982690072729978,0.3527653481830872,-0.009354998856670535,-3.04201534153759
EN5_柱连5日改善,XB_跌破MA20,测试2025-2026,338252,0.0077759696724678615,0.3761633338457718,-0.018438078835887516,-7.5061048881149315
EN5_柱连5日改善,XC_跌破MA60,训练2015-2022,956059,0.0032820283786713293,0.3825245094706498,-0.012719910022877269,-6.732493973685478
EN5_柱连5日改善,XC_跌破MA60,验证2023-2024,334551,-0.0006816365052447511,0.36082689933672296,-0.01619946692798081,-5.0014712395224254
EN5_柱连5日改善,XC_跌破MA60,测试2025-2026,337488,0.006243874891629769,0.3892079125776324,-0.016912125762666375,-6.594496734088623
EN5_柱连5日改善,XD_ATR2倍止损,训练2015-2022,956059,0.015365126433521363,0.3256619099867268,-0.0073053759173856,-2.9753422225923036
EN5_柱连5日改善,XD_ATR2倍止损,验证2023-2024,334551,0.003642735651610755,0.26621352200411896,-0.008588862965094679,-2.584130736961672
EN5_柱连5日改善,XD_ATR2倍止损,测试2025-2026,310402,0.02801405022265599,0.3482290706889775,-0.014125220396385887,-3.8214601660215424
EN5_柱连5日改善,XD_ATR3倍止损,训练2015-2022,956059,0.01829889996021392,0.3926190747642143,-0.006421126652030107,-2.3764361083222796
EN5_柱连5日改善,XD_ATR3倍止损,验证2023-2024,334551,0.007703941859482283,0.33971203194729654,-0.006355405247902337,-1.5781857966150958
EN5_柱连5日改善,XD_ATR3倍止损,测试2025-2026,305231,0.033586136770649255,0.42391827828759204,-0.015053440349819931,-3.399007724057395
EN5_柱连5日改善,XE_固定止损-5%,训练2015-2022,956059,0.013134761364215632,0.26631201630861695,-0.006496188058714836,-2.978227305938799
EN5_柱连5日改善,XE_固定止损-5%,验证2023-2024,334551,0.0027591137787594065,0.2179876909649052,-0.007866267391108258,-2.8087416780433885
EN5_柱连5日改善,XE_固定止损-5%,测试2025-2026,320097,0.02342572472824393,0.2900558268274929,-0.011213747516157451,-3.602823984951078
EN5_柱连5日改善,XE_固定止损-8%,训练2015-2022,956059,0.016310083906871605,0.3417310019569922,-0.0060592517519556695,-2.4843367309856546
EN5_柱连5日改善,XE_固定止损-8%,验证2023-2024,334551,0.004936628119415314,0.29255330278492664,-0.00669930338808803,-2.016388581538498
EN5_柱连5日改善,XE_固定止损-8%,测试2025-2026,314117,0.02915450943530849,0.3731921545156741,-0.009684928798750438,-2.662719123914885
EN5_柱连5日改善,XE_固定止损-10%,训练2015-2022,956059,0.017550922572934502,0.37696418317279584,-0.006008867877085416,-2.3325497893078264
EN5_柱连5日改善,XE_固定止损-10%,验证2023-2024,334551,0.006855064353764847,0.33362028509853503,-0.005490890243903042,-1.471456953740482
EN5_柱连5日改善,XE_固定止损-10%,测试2025-2026,311124,0.0317521744464981,0.4118550802895309,-0.009671328211226127,-2.435742293270014
EN5_柱连5日改善,XE_固定止损-15%,训练2015-2022,956059,0.02000139101218176,0.4307725778429992,-0.005846259641832252,-2.0748188340000024
EN5_柱连5日改善,XE_固定止损-15%,验证2023-2024,334551,0.01140677503816626,0.3990213749174266,-0.003363828610489431,-0.7451436572553699
EN5_柱连5日改善,XE_固定止损-15%,测试2025-2026,305825,0.03725698148590401,0.4708117387394752,-0.010454590302459862,-2.228683691570476
EN5_柱连5日改善,XF_移动止盈8%,训练2015-2022,956059,0.007336153736221751,0.3699154550085298,-0.009683702657097873,-6.324383969518292
EN5_柱连5日改善,XF_移动止盈8%,验证2023-2024,334551,-0.002434171604741898,0.3272116956756967,-0.01149261803128851,-4.913674898176352
EN5_柱连5日改善,XF_移动止盈8%,测试2025-2026,333498,0.02911566293429923,0.44885426599259964,-0.006238833714138632,-2.9568946072551983
EN5_柱连5日改善,XF_移动止盈12%,训练2015-2022,956059,0.014442728128602873,0.39391606584949257,-0.0032275187737059448,-1.7550180178996542
EN5_柱连5日改善,XF_移动止盈12%,验证2023-2024,334551,-0.0009900431094489006,0.3599331641513551,-0.012127671301818965,-5.130417480803065
EN5_柱连5日改善,XF_移动止盈12%,测试2025-2026,322755,0.0351850428698713,0.45280166070239036,-0.0011534821550606734,-0.42885392780313925
EN5_柱连5日改善,XG_MACD死叉,训练2015-2022,956059,0.010789456213285488,0.40594252028379,-0.006638207900651348,-5.351418549466425
EN5_柱连5日改善,XG_MACD死叉,验证2023-2024,334551,0.008466697120872772,0.3655436689772262,-0.0038841170011703883,-1.752470843602104
EN5_柱连5日改善,XG_MACD死叉,测试2025-2026,335901,0.026214406829098414,0.45586646065358544,-0.007510752636256243,-3.981126931672425
EN5_柱连5日改善,XH_hist连3日降,训练2015-2022,956059,0.0034007426513358034,0.4195326857442898,-0.012481550518383368,-7.851295441274639
EN5_柱连5日改善,XH_hist连3日降,验证2023-2024,334551,-0.00045082751489444257,0.3781575903225517,-0.011125980526567263,-3.9414456430258107
EN5_柱连5日改善,XH_hist连3日降,测试2025-2026,338965,0.01527701709770994,0.466806307435871,-0.015675767668607777,-7.003696206243092
EN6_金叉+不过热+量温和+RS正,XA_固定持有5日,训练2015-2022,40958,0.0014532195040898516,0.4917476439279262,-0.0011431167256320577,-1.5422243004647431
EN6_金叉+不过热+量温和+RS正,XA_固定持有5日,验证2023-2024,17903,0.0041264135793771615,0.4618220409987153,-0.0015875082184814027,-1.3041745147697004
EN6_金叉+不过热+量温和+RS正,XA_固定持有5日,测试2025-2026,11402,0.005146730435589724,0.5076302403087177,-0.0012364452857308184,-0.8804162138178714
EN6_金叉+不过热+量温和+RS正,XA_固定持有10日,训练2015-2022,40958,0.004672751748952458,0.4978758728453538,-0.0006917420765928626,-0.7436729099469829
EN6_金叉+不过热+量温和+RS正,XA_固定持有10日,验证2023-2024,17903,0.002060224764200767,0.4510417248505837,-0.0038499681697042386,-2.4539169622062627
EN6_金叉+不过热+量温和+RS正,XA_固定持有10日,测试2025-2026,11240,0.014099075554662697,0.5438612099644128,-0.002390143858536784,-1.3029229702287923
EN6_金叉+不过热+量温和+RS正,XA_固定持有20日,训练2015-2022,40958,0.007159263164996078,0.4789052199814444,-0.0018739775368037887,-1.4458984417193232
EN6_金叉+不过热+量温和+RS正,XA_固定持有20日,验证2023-2024,17903,0.01622825055986216,0.47746187789755906,-0.006573545583873607,-3.5223825162199747
EN6_金叉+不过热+量温和+RS正,XA_固定持有20日,测试2025-2026,11148,0.02595703900771772,0.5489773950484392,-0.008629287877419714,-2.884368304894002
EN6_金叉+不过热+量温和+RS正,XA_固定持有30日,训练2015-2022,40958,0.014909900777982932,0.4950437033058255,-0.002033335227574791,-1.3253677000776283
EN6_金叉+不过热+量温和+RS正,XA_固定持有30日,验证2023-2024,17903,0.022570917108867473,0.46740769703401663,-0.006565784107160229,-2.72240211821267
EN6_金叉+不过热+量温和+RS正,XA_固定持有30日,测试2025-2026,11125,0.0411565201366624,0.5516404494382022,-0.009459923816093282,-2.8070648199255537
EN6_金叉+不过热+量温和+RS正,XA_固定持有40日,训练2015-2022,40958,0.021993911166485455,0.49560525416280093,-0.0015420800291173836,-0.8484262657566424
EN6_金叉+不过热+量温和+RS正,XA_固定持有40日,验证2023-2024,17903,0.027830895908790943,0.4552868234374127,-0.006005446623230984,-2.364675591004693
EN6_金叉+不过热+量温和+RS正,XA_固定持有40日,测试2025-2026,10419,0.0484795517884835,0.5470774546501583,-0.00765227724314416,-1.879505134911464
EN6_金叉+不过热+量温和+RS正,XA_固定持有60日,训练2015-2022,40958,0.03305891420229656,0.4910396015430441,-0.003950712953669334,-1.8525797375400685
EN6_金叉+不过热+量温和+RS正,XA_固定持有60日,验证2023-2024,17903,0.05462808354528297,0.4933809975981679,-0.004165856070683535,-1.2283224335561034
EN6_金叉+不过热+量温和+RS正,XA_固定持有60日,测试2025-2026,9800,0.05499817025909003,0.5144897959183673,-0.002726310307532332,-0.4166155691006368
EN6_金叉+不过热+量温和+RS正,XB_跌破MA20,训练2015-2022,40958,0.002727065964140959,0.2919331998632746,-0.006142112196436944,-3.6525912457290524
EN6_金叉+不过热+量温和+RS正,XB_跌破MA20,验证2023-2024,17903,0.008628438591868104,0.2760431212645925,-0.0055573871406844385,-1.7974203309472159
EN6_金叉+不过热+量温和+RS正,XB_跌破MA20,测试2025-2026,11144,0.011890069478386962,0.3124551328068916,-0.013726747221880433,-4.309113073560544
EN6_金叉+不过热+量温和+RS正,XC_跌破MA60,训练2015-2022,40958,0.002316796283205802,0.3322183700375995,-0.005895725390115788,-2.874121286357194
EN6_金叉+不过热+量温和+RS正,XC_跌破MA60,验证2023-2024,17903,0.007347398899297555,0.3092777746746355,-0.007915092209310534,-2.4609886051448204
EN6_金叉+不过热+量温和+RS正,XC_跌破MA60,测试2025-2026,11113,0.013284799599519519,0.3454512732835418,-0.004447928823820639,-0.7589033998147819
EN6_金叉+不过热+量温和+RS正,XD_ATR2倍止损,训练2015-2022,40958,0.013349813482046573,0.32784803945505153,0.001248481115262891,0.4895148260160394
EN6_金叉+不过热+量温和+RS正,XD_ATR2倍止损,验证2023-2024,17903,0.027486489276002595,0.28648829805060605,0.0011930631292114732,0.26475497223882977
EN6_金叉+不过热+量温和+RS正,XD_ATR2倍止损,测试2025-2026,10157,0.03137040259492755,0.34173476420202814,-0.003871205131609251,-0.5683292664434678
EN6_金叉+不过热+量温和+RS正,XD_ATR3倍止损,训练2015-2022,40958,0.015985317791805287,0.3954782948386152,0.002901699988062164,1.0179936997598331
EN6_金叉+不过热+量温和+RS正,XD_ATR3倍止损,验证2023-2024,17903,0.03287841249228676,0.36485505222588394,0.003681316987809538,0.6789963335855964
EN6_金叉+不过热+量温和+RS正,XD_ATR3倍止损,测试2025-2026,9996,0.03786438908851044,0.42246898759503804,-0.003663948427018346,-0.4950613818331758
EN6_金叉+不过热+量温和+RS正,XE_固定止损-5%,训练2015-2022,40958,0.0102016224873981,0.2789442843888862,0.00015182640300932698,0.06429743846620384
EN6_金叉+不过热+量温和+RS正,XE_固定止损-5%,验证2023-2024,17903,0.023697768348876824,0.24928782885549908,0.0014851613958498614,0.38737493667965084
EN6_金叉+不过热+量温和+RS正,XE_固定止损-5%,测试2025-2026,10346,0.027038307389406227,0.2857142857142857,-0.0020144291857569184,-0.3192904568482392
EN6_金叉+不过热+量温和+RS正,XE_固定止损-8%,训练2015-2022,40958,0.013200282711770532,0.35846476878753847,0.0016002822599525358,0.62213484769752
EN6_金叉+不过热+量温和+RS正,XE_固定止损-8%,验证2023-2024,17903,0.031204120213883697,0.340278165670558,0.0032922646913242154,0.6890871943536032
EN6_金叉+不过热+量温和+RS正,XE_固定止损-8%,测试2025-2026,10176,0.03364671736279211,0.37765330188679247,0.0009066222724260052,0.13297069093320224
EN6_金叉+不过热+量温和+RS正,XE_固定止损-10%,训练2015-2022,40958,0.01502237653938559,0.3968455490990771,0.002593072026795131,0.9387238565009248
EN6_金叉+不过热+量温和+RS正,XE_固定止损-10%,验证2023-2024,17903,0.03417904403903909,0.38362285650449646,0.00372916342926065,0.7161887377913047
EN6_金叉+不过热+量温和+RS正,XE_固定止损-10%,测试2025-2026,10097,0.036975655103826444,0.4186391997623056,0.0014515732831542694,0.2038412926745194
EN6_金叉+不过热+量温和+RS正,XE_固定止损-15%,训练2015-2022,40958,0.021514840671856758,0.4571268128326578,0.0060764044695379524,2.015154376192544
EN6_金叉+不过热+量温和+RS正,XE_固定止损-15%,验证2023-2024,17903,0.03997496542382339,0.44819304027258,0.008138946932102462,1.336663568543045
EN6_金叉+不过热+量温和+RS正,XE_固定止损-15%,测试2025-2026,9987,0.04364675695351114,0.4756183037949334,0.00350679526695838,0.45008563993463846
EN6_金叉+不过热+量温和+RS正,XF_移动止盈8%,训练2015-2022,40958,0.005460790754375624,0.3646662434689194,-0.001153851368764497,-0.657420199177788
EN6_金叉+不过热+量温和+RS正,XF_移动止盈8%,验证2023-2024,17903,0.0065704321721659475,0.3457521085851533,-0.008206027602943436,-3.0928464217369585
EN6_金叉+不过热+量温和+RS正,XF_移动止盈8%,测试2025-2026,10865,0.028405115299846694,0.4387482742751956,0.000321253331625594,0.09093247501946917
EN6_金叉+不过热+量温和+RS正,XF_移动止盈12%,训练2015-2022,40958,0.010981344265520953,0.39533180331070855,0.0022598527006309497,0.9643705926463457
EN6_金叉+不过热+量温和+RS正,XF_移动止盈12%,验证2023-2024,17903,0.013533070353173287,0.39283918896274367,-0.008216223087638676,-2.4885865555817683
EN6_金叉+不过热+量温和+RS正,XF_移动止盈12%,测试2025-2026,10460,0.03418401632428535,0.44904397705544935,0.0014696412893751495,0.3467989294950854
EN6_金叉+不过热+量温和+RS正,XG_MACD死叉,训练2015-2022,40958,0.005925001372238523,0.3314614971434152,-0.004547838927339331,-2.897822353214136
EN6_金叉+不过热+量温和+RS正,XG_MACD死叉,验证2023-2024,17903,0.009495070358213759,0.3092219181142825,-0.0029003994185754067,-1.0170484247346219
EN6_金叉+不过热+量温和+RS正,XG_MACD死叉,测试2025-2026,11144,0.020168984000911196,0.38370423546302945,-0.012107481122382989,-4.147057760080513
EN6_金叉+不过热+量温和+RS正,XH_hist连3日降,训练2015-2022,40958,0.0036291630083976857,0.4153034816153133,-0.004906372959087113,-2.9472591781954827
EN6_金叉+不过热+量温和+RS正,XH_hist连3日降,验证2023-2024,17903,0.0034521358373126774,0.3812768809696699,-0.005730548671968631,-1.8500561431097167
EN6_金叉+不过热+量温和+RS正,XH_hist连3日降,测试2025-2026,11148,0.01282628471030128,0.4538033728022964,-0.013349554612939438,-4.319744233265482
EN7_0轴下金叉+距60日高点<-15%,XA_固定持有5日,训练2015-2022,96995,0.0022311312685209922,0.49189133460487655,-0.006901192883521968,-9.982266346668515
EN7_0轴下金叉+距60日高点<-15%,XA_固定持有5日,验证2023-2024,37539,0.009530375810220315,0.4827779109725885,-0.0037541542491432668,-3.308027983158083
EN7_0轴下金叉+距60日高点<-15%,XA_固定持有5日,测试2025-2026,33374,0.005713683300759453,0.49961047522023133,-0.002636877345981786,-2.537012478657466
EN7_0轴下金叉+距60日高点<-15%,XA_固定持有10日,训练2015-2022,96995,0.006585811268278963,0.5093149131398526,-0.008045913691625285,-8.759180496040285
EN7_0轴下金叉+距60日高点<-15%,XA_固定持有10日,验证2023-2024,37539,0.009819094484889664,0.47776978608913395,-0.007005111611666536,-4.726056779797419
EN7_0轴下金叉+距60日高点<-15%,XA_固定持有10日,测试2025-2026,33150,0.01907223813249075,0.5689592760180996,-0.0061981692895494486,-4.3296376240747145
EN7_0轴下金叉+距60日高点<-15%,XA_固定持有20日,训练2015-2022,96995,0.016557129831282397,0.5262848600443322,-0.011163760929747092,-8.765954164498421
EN7_0轴下金叉+距60日高点<-15%,XA_固定持有20日,验证2023-2024,37539,0.034252431078716256,0.5088840938757025,-0.00810223060623948,-3.957308348417057
EN7_0轴下金叉+距60日高点<-15%,XA_固定持有20日,测试2025-2026,32492,0.03246292952519945,0.5921149821494521,-0.009362586775112505,-4.464801446867692
EN7_0轴下金叉+距60日高点<-15%,XA_固定持有30日,训练2015-2022,96995,0.021665653385149305,0.5218310222176401,-0.014086370343723315,-8.48409135563661
EN7_0轴下金叉+距60日高点<-15%,XA_固定持有30日,验证2023-2024,37539,0.03941144919080099,0.49697647779642506,-0.0041466343605994094,-1.3180279139910067
EN7_0轴下金叉+距60日高点<-15%,XA_固定持有30日,测试2025-2026,32376,0.047252698660423954,0.5994255003706449,-0.007248014435032411,-3.0757578979758313
EN7_0轴下金叉+距60日高点<-15%,XA_固定持有40日,训练2015-2022,96995,0.026392751919045117,0.5084282694984278,-0.015505325480609506,-9.331725466357957
EN7_0轴下金叉+距60日高点<-15%,XA_固定持有40日,验证2023-2024,37539,0.0378933693758107,0.4650896401076214,-0.004142070878077304,-1.1459089146158297
EN7_0轴下金叉+距60日高点<-15%,XA_固定持有40日,测试2025-2026,29836,0.047048726766851595,0.5736023595656254,-0.00736203215083179,-2.582852752604667
EN7_0轴下金叉+距60日高点<-15%,XA_固定持有60日,训练2015-2022,96995,0.03781411047891732,0.5004897159647405,-0.02020239604710778,-9.925859377267958
EN7_0轴下金叉+距60日高点<-15%,XA_固定持有60日,验证2023-2024,37539,0.07373592653044311,0.5348570819680866,-0.00791766551655673,-2.1673989494504537
EN7_0轴下金叉+距60日高点<-15%,XA_固定持有60日,测试2025-2026,26244,0.0470476418784203,0.5126124066453285,-0.015627493041965177,-4.666972217580201
EN7_0轴下金叉+距60日高点<-15%,XB_跌破MA20,训练2015-2022,96995,0.00046363577522661587,0.37775143048610754,-0.011186845453705524,-6.010475949722823
EN7_0轴下金叉+距60日高点<-15%,XB_跌破MA20,验证2023-2024,37539,0.00898242811788181,0.3768347585178081,-0.00815949493101719,-2.4276504887072283
EN7_0轴下金叉+距60日高点<-15%,XB_跌破MA20,测试2025-2026,32460,0.0056534720087274845,0.37988293284041896,-0.02156735128300737,-7.710703631432979
EN7_0轴下金叉+距60日高点<-15%,XC_跌破MA60,训练2015-2022,96995,-0.0001898631540055284,0.45273467704520853,-0.010740011972952178,-5.596096269710546
EN7_0轴下金叉+距60日高点<-15%,XC_跌破MA60,验证2023-2024,37539,0.0036429062119590887,0.4595487359812462,-0.00814447741715298,-2.205558775898607
EN7_0轴下金叉+距60日高点<-15%,XC_跌破MA60,测试2025-2026,32474,0.0022058704740015,0.45125331034058014,-0.020933850338292582,-7.068544652939544
EN7_0轴下金叉+距60日高点<-15%,XD_ATR2倍止损,训练2015-2022,96995,0.014933106325911057,0.34965719882468166,-0.01861454699488915,-8.297337522930256
EN7_0轴下金叉+距60日高点<-15%,XD_ATR2倍止损,验证2023-2024,37539,0.03758951828133094,0.32981699033005674,-0.004083471262463168,-0.9128975664089277
EN7_0轴下金叉+距60日高点<-15%,XD_ATR2倍止损,测试2025-2026,27855,0.023885787390003212,0.3388619637408006,-0.018857908966775933,-4.325279186224094
EN7_0轴下金叉+距60日高点<-15%,XD_ATR3倍止损,训练2015-2022,96995,0.017626371283067346,0.41080468065364195,-0.020761535964987764,-8.22053644184262
EN7_0轴下金叉+距60日高点<-15%,XD_ATR3倍止损,验证2023-2024,37539,0.049817602743419995,0.4187378459735209,-0.002157688599132807,-0.39901432111149254
EN7_0轴下金叉+距60日高点<-15%,XD_ATR3倍止损,测试2025-2026,27041,0.030075888024965802,0.41877149513701417,-0.01845713062198575,-3.594950469561546
EN7_0轴下金叉+距60日高点<-15%,XE_固定止损-5%,训练2015-2022,96995,0.010818402292671584,0.27438527759162845,-0.015720255908127995,-7.607508558315201
EN7_0轴下金叉+距60日高点<-15%,XE_固定止损-5%,验证2023-2024,37539,0.026638390574157397,0.2462505660779456,-0.005005898780379693,-1.2805896844677427
EN7_0轴下金叉+距60日高点<-15%,XE_固定止损-5%,测试2025-2026,29404,0.01828457264880834,0.26112093592708474,-0.014487928953188905,-3.9056900223993516
EN7_0轴下金叉+距60日高点<-15%,XE_固定止损-8%,训练2015-2022,96995,0.0114158835355182,0.34593535749265425,-0.019821248271306702,-8.91204941120648
EN7_0轴下金叉+距60日高点<-15%,XE_固定止损-8%,验证2023-2024,37539,0.038656130573875166,0.34231066357654705,-0.003725052706019318,-0.8062577775553983
EN7_0轴下金叉+距60日高点<-15%,XE_固定止损-8%,测试2025-2026,28495,0.023918639176742567,0.3495350061414283,-0.013345551381382487,-3.0801921745382113
EN7_0轴下金叉+距60日高点<-15%,XE_固定止损-10%,训练2015-2022,96995,0.012081689940947321,0.3809887107582865,-0.021093265703321255,-9.034917998395635
EN7_0轴下金叉+距60日高点<-15%,XE_固定止损-10%,验证2023-2024,37539,0.045585933651298254,0.39628120088441354,-0.0023516301333347616,-0.4606149141445941
EN7_0轴下金叉+距60日高点<-15%,XE_固定止损-10%,测试2025-2026,27993,0.02662338711027077,0.39402707819812094,-0.015024365776305344,-3.222890126270788
EN7_0轴下金叉+距60日高点<-15%,XE_固定止损-15%,训练2015-2022,96995,0.01580024590367106,0.44046600340223724,-0.022140820965016652,-8.331304428270615
EN7_0轴下金叉+距60日高点<-15%,XE_固定止损-15%,验证2023-2024,37539,0.057263609386747655,0.4812861290924106,-0.0007165156760888619,-0.11947387627519164
EN7_0轴下金叉+距60日高点<-15%,XE_固定止损-15%,测试2025-2026,27098,0.03331020945985174,0.46198981474647577,-0.0170360551663972,-3.120477707710116
EN7_0轴下金叉+距60日高点<-15%,XF_移动止盈8%,训练2015-2022,96995,0.0026929714216282308,0.3662147533378009,-0.017233204036533355,-10.678292936392475
EN7_0轴下金叉+距60日高点<-15%,XF_移动止盈8%,验证2023-2024,37539,0.008469389269607216,0.3509416873118623,-0.014612253268864095,-5.759163050280708
EN7_0轴下金叉+距60日高点<-15%,XF_移动止盈8%,测试2025-2026,31802,0.03084828907465337,0.4594050688635935,-0.00839428255127605,-3.2693658856492798
EN7_0轴下金叉+距60日高点<-15%,XF_移动止盈12%,训练2015-2022,96995,0.005665935200351657,0.3796278158667973,-0.01889271920170979,-9.5434807727418
EN7_0轴下金叉+距60日高点<-15%,XF_移动止盈12%,验证2023-2024,37539,0.018112797946686982,0.40501878046831297,-0.017288685692567442,-5.8540949729666805
EN7_0轴下金叉+距60日高点<-15%,XF_移动止盈12%,测试2025-2026,30108,0.03458864685196163,0.4492493689384881,-0.005268631189212289,-1.5690833545879725
EN7_0轴下金叉+距60日高点<-15%,XG_MACD死叉,训练2015-2022,96995,0.009928893305176253,0.38155575029640704,-0.011108466277219781,-6.793872369745762
EN7_0轴下金叉+距60日高点<-15%,XG_MACD死叉,验证2023-2024,37539,0.019354512517999897,0.35674898105969793,-0.005786851125717149,-1.7818278307914268
EN7_0轴下金叉+距60日高点<-15%,XG_MACD死叉,测试2025-2026,32213,0.02906983314976343,0.4523949958091454,-0.013233736350832246,-5.734202054570991
EN7_0轴下金叉+距60日高点<-15%,XH_hist连3日降,训练2015-2022,96995,0.007150042657020354,0.4484148667457085,-0.010831968033965597,-7.054021164427408
EN7_0轴下金叉+距60日高点<-15%,XH_hist连3日降,验证2023-2024,37539,0.010150869685453937,0.4291803191347665,-0.008957349085383946,-3.2095728065448776
EN7_0轴下金叉+距60日高点<-15%,XH_hist连3日降,测试2025-2026,32492,0.018394943553951756,0.4959066847223932,-0.01605151451188474,-6.881828073637106
EN8_金叉+放量跌为主,XA_固定持有5日,训练2015-2022,3497,0.00604882899941405,0.5055762081784386,-0.003911641808622948,-2.218250321782063
EN8_金叉+放量跌为主,XA_固定持有5日,验证2023-2024,3070,0.02597321696334429,0.6469055374592834,-0.0044400973042975,-1.5813294100863724
EN8_金叉+放量跌为主,XA_固定持有5日,测试2025-2026,1151,-0.003467532569971742,0.4422241529105126,-0.0004116768836400997,-0.11529401308855736
EN8_金叉+放量跌为主,XA_固定持有10日,训练2015-2022,3497,0.012840467166161855,0.5258793251358307,-0.0024060757439025417,-1.004018150309209
EN8_金叉+放量跌为主,XA_固定持有10日,验证2023-2024,3070,0.03722039706620275,0.6469055374592834,-0.005417872061275271,-1.1665704948368711
EN8_金叉+放量跌为主,XA_固定持有10日,测试2025-2026,1151,-0.002143014892378766,0.45525629887054736,-3.6641489273862097e-06,-0.0007954785392328672
EN8_金叉+放量跌为主,XA_固定持有20日,训练2015-2022,3497,0.022899924735680515,0.5261652845295968,-0.007326252974279348,-2.373205744560266
EN8_金叉+放量跌为主,XA_固定持有20日,验证2023-2024,3070,0.0729452316543826,0.6618892508143323,-0.010219820236827291,-1.8754211854431497
EN8_金叉+放量跌为主,XA_固定持有20日,测试2025-2026,1134,0.0023311132202856895,0.47795414462081126,-0.00562481717684384,-0.9177237024965804
EN8_金叉+放量跌为主,XA_固定持有30日,训练2015-2022,3497,0.025957028622260573,0.5215899342293394,-0.0032296626720719978,-0.7298448679445657
EN8_金叉+放量跌为主,XA_固定持有30日,验证2023-2024,3070,0.04774736511603147,0.6013029315960912,-0.015249825494554801,-2.347275832981715
EN8_金叉+放量跌为主,XA_固定持有30日,测试2025-2026,1128,0.012260223400327263,0.48226950354609927,-0.0033442846576521705,-0.36176094953994814
EN8_金叉+放量跌为主,XA_固定持有40日,训练2015-2022,3497,0.034082775558945386,0.5030025736345439,-0.0031964465437258776,-0.6772673230170001
EN8_金叉+放量跌为主,XA_固定持有40日,验证2023-2024,3070,0.006868404279054918,0.4498371335504886,-0.0205340421761261,-3.085244016557244
EN8_金叉+放量跌为主,XA_固定持有40日,测试2025-2026,1100,0.011693689069957,0.4709090909090909,-0.0030622751556265565,-0.24496209106021238
EN8_金叉+放量跌为主,XA_固定持有60日,训练2015-2022,3497,0.041326853485681506,0.5107234772662282,-0.010089410651585603,-2.005704785691509
EN8_金叉+放量跌为主,XA_固定持有60日,验证2023-2024,3070,0.051202777041719334,0.5736156351791531,-0.0241865565798553,-3.1767852900077056
EN8_金叉+放量跌为主,XA_固定持有60日,测试2025-2026,914,0.0013714037543011964,0.39059080962800874,0.0025314046786378388,0.12686437734407177
EN8_金叉+放量跌为主,XB_跌破MA20,训练2015-2022,3497,0.005566060939320682,0.3883328567343437,-0.008931405606061118,-2.6415238046950713
EN8_金叉+放量跌为主,XB_跌破MA20,验证2023-2024,3070,0.01690992165035684,0.5130293159609121,-0.014658457395836176,-2.7712579623109677
EN8_金叉+放量跌为主,XB_跌破MA20,测试2025-2026,1133,0.002383210713619248,0.31509267431597526,-0.0013360444217491957,-0.08463537687467174
EN8_金叉+放量跌为主,XC_跌破MA60,训练2015-2022,3497,0.0032175715022582005,0.43179868458678866,-0.010973134985797472,-2.9445333194886154
EN8_金叉+放量跌为主,XC_跌破MA60,验证2023-2024,3070,0.008630677800311891,0.539413680781759,-0.017718550793268825,-3.1543910130158164
EN8_金叉+放量跌为主,XC_跌破MA60,测试2025-2026,1131,-0.0011591761714402468,0.3421750663129973,-0.002720053049904252,-0.16874727836984432
EN8_金叉+放量跌为主,XD_ATR2倍止损,训练2015-2022,3497,0.020261228950111,0.3677437803831856,-0.01157661834147401,-2.180094753946385
EN8_金叉+放量跌为主,XD_ATR2倍止损,验证2023-2024,3070,0.03551910406832491,0.45895765472312705,-0.020744696399825232,-2.792934144637415
EN8_金叉+放量跌为主,XD_ATR2倍止损,测试2025-2026,1001,-0.012856563922873612,0.23476523476523475,0.002542984502501256,0.13111361965336704
EN8_金叉+放量跌为主,XD_ATR3倍止损,训练2015-2022,3497,0.021437150682681122,0.4303688876179583,-0.009940792712368108,-1.7507815978729986
EN8_金叉+放量跌为主,XD_ATR3倍止损,验证2023-2024,3070,0.03991660454720834,0.50814332247557,-0.025156937950497976,-3.098794929382128
EN8_金叉+放量跌为主,XD_ATR3倍止损,测试2025-2026,972,-0.015959845882710617,0.2962962962962963,-0.0007670930975319916,-0.038773853119369275
EN8_金叉+放量跌为主,XE_固定止损-5%,训练2015-2022,3497,0.02352182875000508,0.28910494709751217,-0.007537806713429714,-1.589710189960199
EN8_金叉+放量跌为主,XE_固定止损-5%,验证2023-2024,3070,0.01756749380546104,0.3022801302931596,-0.016398929367318644,-2.3958555543882905
EN8_金叉+放量跌为主,XE_固定止损-5%,测试2025-2026,1055,-0.006535871952615421,0.18578199052132702,0.0025625559832890906,0.1403466337060081
EN8_金叉+放量跌为主,XE_固定止损-8%,训练2015-2022,3497,0.02247369711657234,0.35573348584501,-0.008628285483386377,-1.6822321997820227
EN8_金叉+放量跌为主,XE_固定止损-8%,验证2023-2024,3070,0.022737033836792007,0.39218241042345275,-0.017419306576811688,-2.4007772989136074
EN8_金叉+放量跌为主,XE_固定止损-8%,测试2025-2026,1022,-0.007851170373910539,0.25929549902152643,0.0046662329119269135,0.24651934572103346
EN8_金叉+放量跌为主,XE_固定止损-10%,训练2015-2022,3497,0.021753871265702128,0.38776093794681155,-0.010127912377977836,-1.9203948519396652
EN8_金叉+放量跌为主,XE_固定止损-10%,验证2023-2024,3070,0.026690270661506435,0.4420195439739414,-0.018966817156609174,-2.4829512069835205
EN8_金叉+放量跌为主,XE_固定止损-10%,测试2025-2026,1003,-0.01052526229350796,0.2931206380857428,0.0036594771362493264,0.19067014244021147
EN8_金叉+放量跌为主,XE_固定止损-15%,训练2015-2022,3497,0.023153173609216496,0.4449528167000286,-0.009739710658069256,-1.711918408094162
EN8_金叉+放量跌为主,XE_固定止损-15%,验证2023-2024,3070,0.03318608517516344,0.5179153094462541,-0.02220804467254004,-2.6191562606199046
EN8_金叉+放量跌为主,XE_固定止损-15%,测试2025-2026,969,-0.016413665709347998,0.33436532507739936,0.003703976560425914,0.18628994871055218
EN8_金叉+放量跌为主,XF_移动止盈8%,训练2015-2022,3497,0.014745121254631515,0.40348870460394626,-0.009450297179810198,-2.4793124375665707
EN8_金叉+放量跌为主,XF_移动止盈8%,验证2023-2024,3070,0.01737753309414378,0.4514657980456026,-0.01742955994940571,-3.301240702521841
EN8_金叉+放量跌为主,XF_移动止盈8%,测试2025-2026,1110,-0.0004336147180603956,0.36036036036036034,-0.009788047785092936,-1.6832230908170895
EN8_金叉+放量跌为主,XF_移动止盈12%,训练2015-2022,3497,0.020000249358775788,0.4177866742922505,-0.007106298098305034,-1.5475843535693798
EN8_金叉+放量跌为主,XF_移动止盈12%,验证2023-2024,3070,0.024925177216674654,0.48697068403908794,-0.024394951944071555,-4.1584997679821205
EN8_金叉+放量跌为主,XF_移动止盈12%,测试2025-2026,1064,-0.0033994093022886693,0.3449248120300752,0.001227411580925411,0.08829109704652464
EN8_金叉+放量跌为主,XG_MACD死叉,训练2015-2022,3497,0.01979973786842248,0.40148698884758366,-0.005275413533955113,-1.228926299540294
EN8_金叉+放量跌为主,XG_MACD死叉,验证2023-2024,3070,0.04132787686940477,0.5465798045602606,-0.01805563001230915,-3.687870634382674
EN8_金叉+放量跌为主,XG_MACD死叉,测试2025-2026,1130,0.004952970365556873,0.36283185840707965,-0.012749716341415748,-2.5491202847827945
EN8_金叉+放量跌为主,XH_hist连3日降,训练2015-2022,3497,0.01131146224666123,0.46782956820131544,-0.00878952472258182,-2.9673119535147805
EN8_金叉+放量跌为主,XH_hist连3日降,验证2023-2024,3070,0.035589485544512085,0.6117263843648209,-0.012523372842013592,-2.6260926856970253
EN8_金叉+放量跌为主,XH_hist连3日降,测试2025-2026,1134,0.0008469915631221928,0.3888888888888889,-0.01046189543140855,-2.1793799730917907
EN9_慢改善未翻红,XA_固定持有5日,训练2015-2022,989711,0.0012920687377970595,0.48329461832797654,-0.0037674938053753088,-10.323788899544063
EN9_慢改善未翻红,XA_固定持有5日,验证2023-2024,389840,0.000961965557560457,0.4504104247896573,-0.0013971354259534959,-1.8528093029701862
EN9_慢改善未翻红,XA_固定持有5日,测试2025-2026,366862,0.0042706655346255095,0.4977348430745076,-0.0005322358895443142,-0.7742405159325892
EN9_慢改善未翻红,XA_固定持有10日,训练2015-2022,989711,0.003916265321581127,0.48869013277613366,-0.0055936707471637825,-10.550754826759466
EN9_慢改善未翻红,XA_固定持有10日,验证2023-2024,389840,0.001138897267725681,0.4472860660783911,-0.0010257614869339116,-1.1130325498931268
EN9_慢改善未翻红,XA_固定持有10日,测试2025-2026,364192,0.011382453656643107,0.5124659520253053,-0.000937579738580301,-1.0330177446635112
EN9_慢改善未翻红,XA_固定持有20日,训练2015-2022,989711,0.010118176962529299,0.4901562173200055,-0.005477938192771423,-8.844069710443925
EN9_慢改善未翻红,XA_固定持有20日,验证2023-2024,389840,0.007657414247470708,0.4420839318694849,0.0002365574536094328,0.1837702504317714
EN9_慢改善未翻红,XA_固定持有20日,测试2025-2026,357389,0.02337191419827398,0.5408392535864283,-0.0030530643916229145,-2.738505955856777
EN9_慢改善未翻红,XA_固定持有30日,训练2015-2022,989711,0.01338488490337757,0.4877120694829097,-0.005651229137187737,-8.153586061972112
EN9_慢改善未翻红,XA_固定持有30日,验证2023-2024,389840,0.003815788447298989,0.4213882618510158,0.001033403340353458,0.6214461803681857
EN9_慢改善未翻红,XA_固定持有30日,测试2025-2026,356212,0.03472071610292958,0.5464975913220217,-0.0027918934829197126,-2.1933172979375084
EN9_慢改善未翻红,XA_固定持有40日,训练2015-2022,989711,0.01919257265588894,0.4909948459701873,-0.005932759933842827,-7.32045220119855
EN9_慢改善未翻红,XA_固定持有40日,验证2023-2024,389840,0.006275709394637875,0.41364149394623434,0.003478447274883218,1.7720956250908702
EN9_慢改善未翻红,XA_固定持有40日,测试2025-2026,346466,0.04757206051932857,0.5543199044062044,-0.0022505976045328322,-1.4623183457127849
EN9_慢改善未翻红,XA_固定持有60日,训练2015-2022,989711,0.026588497769615443,0.4752528768499087,-0.009025786021991567,-9.859449457328585
EN9_慢改善未翻红,XA_固定持有60日,验证2023-2024,389840,0.028020802850221363,0.444649086804843,0.00481581039855241,1.9718500491909905
EN9_慢改善未翻红,XA_固定持有60日,测试2025-2026,330515,0.05515780542368196,0.5231109026821779,-0.000247374315088233,-0.14568056960668976
EN9_慢改善未翻红,XB_跌破MA20,训练2015-2022,989711,0.0015862101360156118,0.43039937921271965,-0.009198211959192387,-5.223313805037643
EN9_慢改善未翻红,XB_跌破MA20,验证2023-2024,389840,0.000248930217390726,0.4003591216909501,-0.007385971281994709,-2.0771599784999615
EN9_慢改善未翻红,XB_跌破MA20,测试2025-2026,357346,0.002126411108617514,0.4208442238054994,-0.018363433155552018,-6.739156299475302
EN9_慢改善未翻红,XC_跌破MA60,训练2015-2022,989711,-0.0008278541351032625,0.40883550854744466,-0.011120497048492436,-6.474151326401023
EN9_慢改善未翻红,XC_跌破MA60,验证2023-2024,389840,-0.004207554275763539,0.36844089883028935,-0.01005259426142034,-3.0564820928326295
EN9_慢改善未翻红,XC_跌破MA60,测试2025-2026,356963,0.004694786791371867,0.4038485781439533,-0.0159812676630529,-6.498103141449187
EN9_慢改善未翻红,XD_ATR2倍止损,训练2015-2022,989711,0.010682220859295277,0.33345188645978474,-0.007076014592693952,-2.99905064391151
EN9_慢改善未翻红,XD_ATR2倍止损,验证2023-2024,389840,0.005150627449148038,0.2624333059716807,0.0033912186650941535,0.92014927022597
EN9_慢改善未翻红,XD_ATR2倍止损,测试2025-2026,336325,0.028278022196949457,0.3613023117520256,-0.010669509961596121,-2.618722834112142
EN9_慢改善未翻红,XD_ATR3倍止损,训练2015-2022,989711,0.013431806476695613,0.3983182969573946,-0.005584448125078253,-2.1265722120702635
EN9_慢改善未翻红,XD_ATR3倍止损,验证2023-2024,389840,0.00875380405574001,0.33772316847937617,0.007800546077164662,1.677817138020823
EN9_慢改善未翻红,XD_ATR3倍止损,测试2025-2026,333371,0.035058581962780624,0.4377885298961217,-0.011476466839238449,-2.3198474523049084
EN9_慢改善未翻红,XE_固定止损-5%,训练2015-2022,989711,0.0076385285891819605,0.2607528864486704,-0.0059557878490489515,-2.873234397206181
EN9_慢改善未翻红,XE_固定止损-5%,验证2023-2024,389840,0.003935498570943808,0.20848040221629385,0.001892722297736855,0.645969124986304
EN9_慢改善未翻红,XE_固定止损-5%,测试2025-2026,344804,0.02319237645138885,0.2902924560039907,-0.006629288468404841,-2.124138241191588
EN9_慢改善未翻红,XE_固定止损-8%,训练2015-2022,989711,0.007974768626118064,0.3308521376442214,-0.0060768312333684535,-2.668782829577077
EN9_慢改善未翻红,XE_固定止损-8%,验证2023-2024,389840,0.00564215121560857,0.2852837061358506,0.004995383887513079,1.3656980739333004
EN9_慢改善未翻红,XE_固定止损-8%,测试2025-2026,341036,0.02924502571903965,0.37322745985761036,-0.0045893565165050654,-1.2279507163818184
EN9_慢改善未翻红,XE_固定止损-10%,训练2015-2022,989711,0.008824400363771091,0.36744665867106663,-0.0061175931465046055,-2.544200162797463
EN9_慢改善未翻红,XE_固定止损-10%,验证2023-2024,389840,0.00750170710232562,0.32788579930227785,0.007262886662472638,1.7269433653326824
EN9_慢改善未翻红,XE_固定止损-10%,测试2025-2026,339008,0.0319926497945958,0.4112557815744761,-0.004522898407016957,-1.1010672814512288
EN9_慢改善未翻红,XE_固定止损-15%,训练2015-2022,989711,0.012640044608954952,0.42769555961285666,-0.005324052177904008,-2.0010164355393214
EN9_慢改善未翻红,XE_固定止损-15%,验证2023-2024,389840,0.010442334100424734,0.3923122306587318,0.010011599926885556,1.9450442085855562
EN9_慢改善未翻红,XE_固定止损-15%,测试2025-2026,335413,0.03823120011592239,0.47140689239832684,-0.005453340770440684,-1.1225143676957994
EN9_慢改善未翻红,XF_移动止盈8%,训练2015-2022,989711,0.004458924925793112,0.36046785374720497,-0.007974258903787028,-5.556045379363174
EN9_慢改善未翻红,XF_移动止盈8%,验证2023-2024,389840,-0.004087904472842264,0.31999538272111633,-0.006812456020239025,-3.259938099119035
EN9_慢改善未翻红,XF_移动止盈8%,测试2025-2026,354247,0.02580631928143278,0.43239886294026486,-0.002792998601763533,-1.323462223606327
EN9_慢改善未翻红,XF_移动止盈12%,训练2015-2022,989711,0.008398121609572408,0.3844394979948692,-0.002471843523665649,-1.428330694346748
EN9_慢改善未翻红,XF_移动止盈12%,验证2023-2024,389840,-0.005160597422837879,0.3463266981325672,-0.006957254535053472,-2.910667611448312
EN9_慢改善未翻红,XF_移动止盈12%,测试2025-2026,348202,0.03216607714664401,0.44800719122808025,0.0010231355572578738,0.35771198058771564
EN9_慢改善未翻红,XG_MACD死叉,训练2015-2022,989711,0.011523732475984842,0.4276642373379704,-0.0027270629806744355,-2.408969604342532
EN9_慢改善未翻红,XG_MACD死叉,验证2023-2024,389840,0.010150209717517766,0.3925456597578494,0.006678043621002041,2.6426005926144494
EN9_慢改善未翻红,XG_MACD死叉,测试2025-2026,354709,0.03014231950923655,0.48520336388419805,0.0003616902432100337,0.21687173124572603
EN9_慢改善未翻红,XH_hist连3日降,训练2015-2022,989711,0.004851551919529742,0.4354826813079778,-0.00949519305538368,-7.37452932769489
EN9_慢改善未翻红,XH_hist连3日降,验证2023-2024,389840,0.00046020840929854616,0.3848938025856762,-0.005465412694016218,-2.4243033823882905
EN9_慢改善未翻红,XH_hist连3日降,测试2025-2026,357381,0.016929823138771397,0.4768888105411312,-0.008956805494561177,-4.950268775818183
