label,dim,grp,n,mean1,median1,win1,ex1,exw1,t1,ndays1,mean5,median5,win5,ex5,exw5,t5,ndays5,mean20,median20,win20,ex20,exw20,t20,ndays20,mean60,median60,win60,ex60,exw60,t60,ndays60
hist_z,规模D1,Q5(高),182800,0.0014364513335749507,0.0,0.48213894967177245,0.0007416207226924598,0.0003798506804741919,1.9832407886625278,2792,0.007347180973738432,0.0007143020629882812,0.5020787746170678,0.003992898389697075,0.002330935327336192,5.0216727745752285,2792,0.025010844692587852,0.004661235027015209,0.5191849015317287,0.016133656725287437,0.009087242186069489,9.514602759359732,2792,0.05230940133333206,0.0019763014279305935,0.5036368041196455,0.03339482843875885,0.026163196191191673,19.50983660492097,2752
hist_z,规模D2,Q5(高),189559,0.000994922942481935,0.0,0.47531375455662883,0.0003655236214399338,0.00021004219888709486,1.4338842374153862,2792,0.004744106438010931,0.0,0.4928280904626,0.001843716949224472,0.0007787708891555667,2.382115159353222,2792,0.014792287722229958,0.0,0.498525525034422,0.006001367699354887,0.0037607992999255657,6.298116494897864,2792,0.036901846528053284,-0.004771368578076363,0.48584603699886075,0.013469685800373554,0.012335799634456635,14.074333637407891,2752
hist_z,规模D3,Q5(高),196898,0.0005895531503483653,-0.0009145146468654275,0.46655120925555366,6.625396508752601e-06,-0.00010127149289473891,-0.7287203239882355,2792,0.0030432057101279497,-0.00213483814150095,0.4747127954575465,0.00030664156656712294,-0.00037779114791192114,-1.223035983405286,2792,0.010077881626784801,-0.004164917394518852,0.479842354924885,0.0016410865355283022,-0.00020216767734382302,-0.3765361139773801,2792,0.029659923166036606,-0.013674586080014706,0.4640812172142913,0.005799536593258381,0.004990423563867807,6.027370242896566,2752
hist_z,规模D4,Q5(高),203070,0.0003877169219776988,-0.001306778285652399,0.46237750529374105,-0.00018968027143273503,-0.00021988623484503478,-1.6694097015781937,2792,0.0018746120622381568,-0.0031373430974781513,0.46813906534692473,-0.000722258526366204,-0.0011550792260095477,-4.1737492436974994,2792,0.006831762846559286,-0.00790095329284668,0.46582459250504754,-0.0019240807741880417,-0.002846409333869815,-5.708789904558288,2792,0.02102827839553356,-0.020833324640989304,0.44706368899917287,-0.0025480277836322784,-0.0020482821855694056,-2.6977510918400682,2752
hist_z,规模D5,Q5(高),206587,-2.9474507755367085e-05,-0.0017595902318134904,0.45686805074859504,-0.0005413063336163759,-0.0005335459136404097,-3.9367857396975254,2792,0.00034959556069225073,-0.004510287661105394,0.4589833823038236,-0.0020346532110124826,-0.002358764410018921,-8.275831849814372,2792,0.00356748653575778,-0.011291475966572762,0.4549318204920929,-0.005357301793992519,-0.00600025849416852,-12.422251848003102,2792,0.015141967684030533,-0.02631576545536518,0.43686373008064155,-0.009273470379412174,-0.009284070692956448,-13.259551440901484,2752
hist_z,规模D6,Q5(高),210567,-0.000274913152679801,-0.001915693050250411,0.4556886881610129,-0.0007947059930302203,-0.0008556268294341862,-6.120574662810231,2792,-0.000418326846556738,-0.0054884436540305614,0.4536038410577156,-0.0029397131875157356,-0.0033047397155314684,-11.129123704952368,2792,0.0010547784622758627,-0.01397630013525486,0.44656095209600744,-0.008840327151119709,-0.00942163821309805,-18.980125125767668,2792,0.01073641236871481,-0.030826900154352188,0.4280047408267421,-0.014720017090439796,-0.014573980122804642,-20.596222879191906,2752
hist_z,规模D7,Q5(高),213796,-0.0003255634510423988,-0.0020722083281725645,0.4549523845160808,-0.000902524043340236,-0.0009193350560963154,-6.08617724801659,2792,-0.0009111629915423691,-0.006107319612056017,0.45115904881288704,-0.003812215756624937,-0.003946363925933838,-13.442751461822441,2792,-0.000729191757272929,-0.01600000262260437,0.44139272951785813,-0.011557502672076225,-0.012184696272015572,-22.725210100103066,2792,0.005498137325048447,-0.038181766867637634,0.41510889702765646,-0.019991552457213402,-0.01984715275466442,-24.118287815245115,2752
hist_z,规模D8,Q5(高),215347,-0.0004747630446217954,-0.0023219299037009478,0.4540625130603166,-0.0009938775328919291,-0.001092542544938624,-6.544239687603089,2792,-0.0017026920104399323,-0.006796884350478649,0.4484993986449776,-0.004349984228610992,-0.00480386707931757,-14.357557167024943,2792,-0.0023123358841985464,-0.01946474239230156,0.43389041871955497,-0.01310829259455204,-0.01437827292829752,-21.53356781564926,2792,-0.0007074137683957815,-0.04427136480808258,0.40534282750165046,-0.026261568069458008,-0.025888681411743164,-27.861054043493827,2752
hist_z,规模D9,Q5(高),219115,-0.0006763060810044408,-0.0024067272897809744,0.45402642448029573,-0.0012187950778752565,-0.001284077181480825,-6.742921307454942,2792,-0.0020196796394884586,-0.007407424505800009,0.44677452479291696,-0.004808632656931877,-0.005416984669864178,-14.100069348939849,2792,-0.00260447571054101,-0.018615955486893654,0.43822650206512564,-0.014784237369894981,-0.015858830884099007,-20.083396352914576,2792,-0.0041871280409395695,-0.04807691276073456,0.40283147442494366,-0.02989199571311474,-0.030692582949995995,-26.153806587628203,2752
hist_z,规模D10,Q5(高),223336,-0.0003145451482851058,-0.002086312510073185,0.46049450155819033,-0.0008215345442295074,-0.0011452786857262254,-4.343921104259262,2792,-0.0004999837256036699,-0.006944458931684494,0.45134684958985566,-0.0033220406621694565,-0.004680455196648836,-8.769960922709656,2792,0.0001598650123924017,-0.018803419545292854,0.4391186373894043,-0.012925539165735245,-0.016034618020057678,-14.819476161290085,2792,-0.005897311959415674,-0.049398474395275116,0.4004418155261415,-0.03151437267661095,-0.033815689384937286,-20.841035094055265,2752
vr20m,规模D1,Q5(高),232144,0.0013370817760005593,0.0,0.4742659728444414,0.0006526327924802899,0.00030869292095303535,1.8122248911624843,2831,0.006120740436017513,0.0,0.4931206492521883,0.0029182753060013056,0.0018874563975259662,4.656087317997623,2831,0.02773136831820011,0.004329003393650055,0.5154559239092977,0.015605202876031399,0.011126640252768993,11.906077135519814,2831,0.06309349834918976,0.007376254070550203,0.5177165094940461,0.03627863526344299,0.032111756503582,23.40436750655459,2791
vr20m,规模D2,Q5(高),216189,0.0008481753757223487,-0.0009634308516979218,0.46729019515331494,0.00022274018556345254,0.00018200214253738523,1.413348710945388,2831,0.004362856969237328,-0.0010050081182271242,0.4850200518990328,0.0012222990626469254,0.0007747220806777477,2.7135277819373393,2831,0.016889583319425583,0.0,0.49916045682250254,0.0057913255877792835,0.004972753114998341,9.752174644012573,2831,0.04365678131580353,-0.002795302541926503,0.4910880076913651,0.014827673323452473,0.015244666486978531,18.605801271749748,2791
vr20m,规模D3,Q5(高),214276,0.0003716969513334334,-0.0015151286497712135,0.4599161828669566,-0.00025233023916371167,-0.0002980113204102963,-2.3603749912673337,2831,0.002577821956947446,-0.0028588068671524525,0.4704213257667681,-0.0004163002595305443,-0.0006759220850653946,-2.5870654061028557,2831,0.012654170393943787,-0.003180521307513118,0.4846553043737983,0.0016943431692197919,0.0016329159261658788,3.5501000605665975,2831,0.03532212972640991,-0.01078864373266697,0.4716666666666667,0.006100368686020374,0.0069684553891420364,9.350336289209348,2791
vr20m,规模D4,Q5(高),212751,0.00036551442462950945,-0.001782487495802343,0.4568815187707696,-0.00025096730678342283,-0.00015567395894322544,-1.2530176346601507,2831,0.0016926978714764118,-0.003731286386027932,0.4648203768724941,-0.0013256813399493694,-0.0013583843829110265,-5.46393837807192,2831,0.008952588774263859,-0.007843130268156528,0.4666018021066881,-0.001892884261906147,-0.0018544396152719855,-4.314003438179791,2831,0.027301505208015442,-0.01869271695613861,0.45346419602514176,-0.0017785464879125357,-0.0008826907724142075,-1.3175215870286896,2791
vr20m,规模D5,Q5(高),212015,6.774971552658826e-05,-0.002047606511041522,0.45472254321628186,-0.0005065292352810502,-0.0004844266804866493,-3.9355752444643364,2831,0.0006085657514631748,-0.005076137371361256,0.45626960356578544,-0.0022015846334397793,-0.002312710275873542,-9.187098942981178,2831,0.0059050219133496284,-0.011213799007236958,0.4567318350116737,-0.004807184915989637,-0.004824734292924404,-10.843017654337574,2831,0.020795106887817383,-0.025757575407624245,0.43881382647970424,-0.00834305677562952,-0.00755858002230525,-11.814133482320985,2791
vr20m,规模D6,Q5(高),209202,-0.00016041220806073397,-0.0022253338247537613,0.4535233888777354,-0.0006560990586876869,-0.000639482750557363,-4.881656426354863,2831,-0.00027749367291107774,-0.006029680371284485,0.4511190141585644,-0.003046236699447036,-0.0033186282962560654,-12.6366996393559,2831,0.002178796799853444,-0.014760132879018784,0.44545941243391557,-0.008863495662808418,-0.009229926392436028,-19.725607338260225,2831,0.013001100160181522,-0.032955069094896317,0.42405975369674703,-0.016453372314572334,-0.016587408259510994,-25.389981000906545,2791
vr20m,规模D7,Q5(高),205135,-0.0002355411124881357,-0.0024450039491057396,0.45245813732420115,-0.0008479957468807697,-0.0008086588932201266,-5.621446838455566,2831,-0.0010595222702249885,-0.0067934198305010796,0.44821702781095374,-0.0039796470664441586,-0.004002698231488466,-14.264667747874746,2831,-0.0006425792234949768,-0.01800004579126835,0.43616642698710606,-0.011439558118581772,-0.011905815452337265,-23.814142802373848,2831,0.007269585505127907,-0.03971124440431595,0.4121205482725829,-0.021549703553318977,-0.022086894139647484,-29.391255348313475,2791
vr20m,规模D8,Q5(高),201604,-0.00034747686004266143,-0.002554297214373946,0.4529820836888157,-0.0008958925027400255,-0.0008832349558360875,-5.428720724299881,2831,-0.0021195891313254833,-0.007728329859673977,0.44431658102021787,-0.004778538830578327,-0.0051638344302773476,-16.30962144665238,2831,-0.0022414487320929766,-0.02061856910586357,0.43037836550862085,-0.013356191106140614,-0.014290597289800644,-24.175974047863438,2831,0.0024943696334958076,-0.045506931841373444,0.4046495615722646,-0.026627499610185623,-0.027615787461400032,-31.037141392386758,2791
vr20m,规模D9,Q5(高),194488,-0.0005204849876463413,-0.0025290767662227154,0.45379149356258486,-0.0010911603458225727,-0.0010566222481429577,-5.700784815412262,2831,-0.002504676580429077,-0.008688528090715408,0.44060301920941136,-0.005338835064321756,-0.005623959936201572,-15.036753578833265,2831,-0.003949318081140518,-0.02272731438279152,0.4252807371148863,-0.01537288073450327,-0.016299838200211525,-23.200168391485903,2831,-0.0022796750999987125,-0.0501992367208004,0.39810712635955153,-0.03086407668888569,-0.032943204045295715,-30.916991541198414,2791
vr20m,规模D10,Q5(高),180377,-4.546913260128349e-05,-0.001957531552761793,0.4633850213719044,-0.0006609378033317626,-0.0009441176080144942,-3.7590513780386328,2831,-0.001158578204922378,-0.007704167161136866,0.4482666858856728,-0.004331315401941538,-0.005801426712423563,-11.294849449117791,2831,-0.002523940522223711,-0.022407718002796173,0.4290402878415763,-0.01463121548295021,-0.018468640744686127,-18.34975401580336,2831,-0.006261449307203293,-0.053758781403303146,0.39439017630389656,-0.03501328080892563,-0.04002419859170914,-26.248169270572326,2791
volz20,规模D1,Q5(高),242347,0.0013278998667374253,0.0,0.4777529740413539,0.0006276760250329971,0.0003419147396925837,2.0660371636372523,2831,0.005648342426866293,0.0,0.49773259004650355,0.002659326186403632,0.0020109093748033047,5.24268358147697,2831,0.024699045345187187,0.004958633333444595,0.5184797005946019,0.013482077047228813,0.01074580941349268,12.919632598716905,2831,0.05921829119324684,0.007985197007656097,0.5198072917762396,0.03275894746184349,0.030908090993762016,24.665728364450057,2791
volz20,规模D2,Q5(高),224887,0.0008150942740030587,-0.0007961711380630732,0.4685508722158239,0.00021533991093747318,0.00020904155098833144,1.6558459849104483,2831,0.004093628376722336,-0.000580960011575371,0.48724915179623546,0.0011162117589265108,0.0007893040892668068,2.8089595167693915,2831,0.01651717908680439,0.0012330280151218176,0.5025057028641051,0.005733713041990995,0.00524350069463253,10.33928063108867,2831,0.04332229867577553,-0.0016286969184875488,0.49416271847301246,0.01483536884188652,0.015605069696903229,19.020615727011855,2791
volz20,规模D3,Q5(高),216878,0.00037733971839770675,-0.0013495220337063074,0.4617987993249661,-0.0002358672209084034,-0.0002557019470259547,-2.0532160114882174,2831,0.002552823396399617,-0.002488840837031603,0.4734551222346204,-0.0003670408041216433,-0.0005116919055581093,-2.012735049408868,2831,0.012523923069238663,-0.002518116030842066,0.4872647294792464,0.0016334297833964229,0.001768611604347825,3.9070557215565125,2831,0.034590184688568115,-0.010055923834443092,0.473122784553898,0.00575835769996047,0.00686317402869463,9.223765558415922,2791
volz20,规模D4,Q5(高),211780,0.0003537994052749127,-0.0016474841395393014,0.4585182736802342,-0.00024948170175775886,-0.00015113937843125314,-1.2408574183862398,2831,0.001702220644801855,-0.0034039269667118788,0.4672159788459722,-0.0012670328142121434,-0.0012258354108780622,-5.062317284970694,2831,0.009043151512742043,-0.007181399501860142,0.46867976201718764,-0.0018497456330806017,-0.0016024073120206594,-3.8029415543613343,2831,0.027278011664748192,-0.01751682162284851,0.4553772542891182,-0.0018412199569866061,-0.0007513171876780689,-1.1214302035051118,2791
volz20,规模D5,Q5(高),208438,0.0001239473494933918,-0.0018903182353824377,0.4567161458083459,-0.0004869969852734357,-0.0004552641185000539,-3.7566368957674023,2831,0.0008343056542798877,-0.0045871427282691,0.45948435506001784,-0.0020563818980008364,-0.0020971132908016443,-8.504948183817124,2831,0.006250579841434956,-0.010204063728451729,0.45967146105796447,-0.004626057110726833,-0.0045412625186145306,-10.213541238971807,2831,0.021419180557131767,-0.02447061613202095,0.4415473046145704,-0.007898406125605106,-0.006998769473284483,-10.831882525676503,2791
volz20,规模D6,Q5(高),203600,-0.00010862438648473471,-0.002087653148919344,0.45516699410609035,-0.0006177996401675045,-0.0005735059385187924,-4.432315200327865,2831,-0.000135598995257169,-0.005597923882305622,0.45391453831041256,-0.0029135269578546286,-0.003158706007525325,-12.139929698714216,2831,0.0027634380385279655,-0.013461562804877758,0.4494302554027505,-0.008539318107068539,-0.008847443386912346,-18.76567540080774,2831,0.013905216008424759,-0.0310262069106102,0.42769908529395534,-0.016055947169661522,-0.01612776704132557,-24.24996181646757,2791
volz20,规模D7,Q5(高),199219,-0.00020076322834938765,-0.002304153284057975,0.4536464895416602,-0.0008026186842471361,-0.000760323484428227,-5.3329383550601515,2831,-0.0007041201461106539,-0.0062112268060445786,0.4519950406336745,-0.003747023409232497,-0.0037690692115575075,-13.490935031860483,2831,0.00011774663289543241,-0.01686932146549225,0.4400032125449882,-0.010902779176831245,-0.011276457458734512,-22.26872016022394,2831,0.0086323581635952,-0.03753169625997543,0.41629599262068256,-0.020321233198046684,-0.02075670287013054,-27.59203415436357,2791
volz20,规模D8,Q5(高),195895,-0.00022499595070257783,-0.002423311350867152,0.45443732611858395,-0.0007659965776838362,-0.0007246428867802024,-4.5426243997414275,2831,-0.0015489624347537756,-0.006993000395596027,0.44838816713035046,-0.004319421947002411,-0.004577608313411474,-14.370328095850814,2831,-0.0011785227106884122,-0.01910828799009323,0.4351770080910692,-0.012559850700199604,-0.013313514180481434,-22.493744032634552,2831,0.004338700789958239,-0.04325725510716438,0.409390625,-0.025151913985610008,-0.02610117569565773,-28.580879639487584,2791
volz20,规模D9,Q5(高),191003,-0.00042087348992936313,-0.002355301985517144,0.45576247493494865,-0.0009925488848239183,-0.0009481277666054666,-5.205779616855437,2831,-0.0020230456721037626,-0.007772031705826521,0.44573121888137884,-0.005027125123888254,-0.0052499123848974705,-14.100353207428814,2831,-0.0025343792513012886,-0.02069445699453354,0.4313178327041984,-0.014354437589645386,-0.015066317282617092,-21.28730854738834,2831,-0.0004562071699183434,-0.04724404960870743,0.40356841238788577,-0.02945222519338131,-0.030939636752009392,-28.19257480806911,2791
volz20,规模D10,Q5(高),184134,5.456862709252164e-05,-0.0017667794600129128,0.46602474285031553,-0.0005494520883075893,-0.0007775822887197137,-3.1720554676574717,2831,-0.0007161779794842005,-0.006852425634860992,0.45328402141918384,-0.003935798536986113,-0.005257294047623873,-10.247721363164894,2831,-0.0011366649996489286,-0.02029389515519142,0.43509617995590166,-0.01335213240236044,-0.01689053513109684,-16.55245510365913,2831,-0.004699684679508209,-0.05054299905896187,0.4000210668706827,-0.0331595279276371,-0.037494730204343796,-23.956224041624107,2791
dvt5,规模D1,Q5(高),233208,0.0009919038275256753,0.0,0.47689616136667695,0.0004106616834178567,0.0003336216905154288,2.097301427248953,2827,0.005970768164843321,0.0,0.49887225138074165,0.002408126136288047,0.0022927429527044296,6.4072086144722,2827,0.026204673573374748,0.0043161362409591675,0.5160028815478028,0.01375643815845251,0.011301119811832905,12.607886456231062,2827,0.06626467406749725,0.006651825271546841,0.5155178517576409,0.038749467581510544,0.03403846174478531,21.437220647927305,2787
dvt5,规模D2,Q5(高),223465,0.0008759289630688727,0.0,0.47569418029669075,0.00026509142480790615,0.00019420315220486373,1.6788433547598933,2827,0.005031032022088766,0.0,0.49428322108607614,0.0018249887507408857,0.0014946131268516183,5.839344128655519,2827,0.017563389614224434,0.0022486033849418163,0.5068892220258207,0.006367248483002186,0.006189195904880762,12.397724891108671,2827,0.04577556625008583,0.0,0.4992480037918839,0.01634114980697632,0.01665135659277439,20.013677791672297,2787
dvt5,规模D3,Q5(高),225208,0.0005715114530175924,-0.0006257122149690986,0.47033409115129127,2.6897881980403326e-05,-5.646736826747656e-05,-0.5306505346678203,2827,0.0034022985491901636,-0.0014245249330997467,0.48151042591737414,0.0003676876949612051,0.00025444666971452534,1.060352265028429,2827,0.013112426735460758,-0.0014319614274427295,0.49122144861639017,0.002382755046710372,0.0024762346874922514,5.6045136787672805,2827,0.036942508071660995,-0.007670830003917217,0.4791140760748875,0.00801935512572527,0.0088797090575099,11.65386897569831,2787
dvt5,规模D4,Q5(高),224049,0.0003791309427469969,-0.001133129931986332,0.46409490781034507,-0.00021285434195306152,-0.00026646669721230865,-2.6380344524312007,2827,0.002808391349390149,-0.002222177106887102,0.4754138603609032,-0.00045779344509355724,-0.0005880507524125278,-2.6946604864512516,2827,0.010838386602699757,-0.004878058563917875,0.47782404741819867,-0.0002918842656072229,-0.00018334655032958835,-0.4585261162289019,2827,0.03049999475479126,-0.014830496162176132,0.4620712295788327,0.0014224641490727663,0.0021206706296652555,3.3222638690122226,2787
dvt5,规模D5,Q5(高),219806,0.000185125318239443,-0.0013680015690624714,0.46276716741126267,-0.00034389778738841414,-0.00036086051841266453,-3.6632268982767777,2827,0.001270861946977675,-0.0037735896185040474,0.4638317425366005,-0.0013657265808433294,-0.00131874973885715,-5.998113601069408,2827,0.006973866373300552,-0.008468232117593288,0.46510559311392774,-0.003413822501897812,-0.0030866521410644054,-7.455991481091755,2827,0.022573331370949745,-0.022058814764022827,0.4460144085521729,-0.005621551536023617,-0.005018835887312889,-8.280155993622948,2787
dvt5,规模D6,Q5(高),214205,-8.195096597773954e-05,-0.001555159455165267,0.46054480520996244,-0.0006203305092640221,-0.0007138091023080051,-6.662752762840323,2827,0.0005467906594276428,-0.004511325154453516,0.45948974113582786,-0.002271446166560054,-0.002572953235358,-11.239143981228796,2827,0.004260380752384663,-0.011204506270587444,0.4561985014355407,-0.007030698470771313,-0.007508328650146723,-17.971999455511767,2827,0.015545232221484184,-0.028384458273649216,0.4329027457116144,-0.013552679680287838,-0.01397028099745512,-22.293295694005806,2787
dvt5,规模D7,Q5(高),204115,-1.7505062714917585e-05,-0.001704991445876658,0.46053450260882345,-0.0006389706395566463,-0.0007026674575172365,-5.902879824311169,2827,-7.891884888522327e-05,-0.005208369344472885,0.4570217769394704,-0.0028690670151263475,-0.002945207990705967,-12.06791484359093,2827,0.0017582278233021498,-0.014234867878258228,0.44749283492149033,-0.009241566061973572,-0.009799950756132603,-22.152031979736133,2827,0.00958968885242939,-0.03579285740852356,0.41855029230399615,-0.018318509683012962,-0.019285202026367188,-26.71932017747822,2787
dvt5,规模D8,Q5(高),194720,-0.00026722581242211163,-0.001917544286698103,0.4584069433032046,-0.0008067344897426665,-0.0009182566427625716,-6.692697891378703,2827,-0.0009174117585644126,-0.005865106824785471,0.4523110106820049,-0.003492290386930108,-0.003982303198426962,-14.60815820283184,2827,4.6266290155472234e-05,-0.017341062426567078,0.4382549301561216,-0.010935148224234581,-0.011777144856750965,-22.438236018301808,2827,0.0046394094824790955,-0.04077206179499626,0.411158195053389,-0.023250136524438858,-0.024793030694127083,-29.390462431440394,2787
dvt5,规模D9,Q5(高),181320,-0.0003993052232544869,-0.002071598544716835,0.45716412971542025,-0.0010226122103631496,-0.0011215468402951956,-7.075774550712826,2827,-0.0011392936576157808,-0.006612703204154968,0.44939885285682774,-0.0037409865763038397,-0.0042052012868225574,-12.736293148844165,2827,-0.001763158943504095,-0.019128959625959396,0.43250055151114053,-0.012980950996279716,-0.013404551893472672,-20.573287912062884,2827,-2.0946456061210483e-05,-0.04501517117023468,0.404847467555876,-0.027479682117700577,-0.029877670109272003,-28.529268610842937,2787
dvt5,规模D10,Q5(高),156346,-8.082892600214109e-05,-0.001859875861555338,0.4620393230399243,-0.0009008478955365717,-0.0011340293567627668,-4.973708217062465,2827,-0.0003479330916889012,-0.0063907187432050705,0.45312320110524096,-0.0030243536457419395,-0.004299635998904705,-8.928080877986664,2827,-0.0009082099422812462,-0.019943229854106903,0.43324421475445485,-0.011799878440797329,-0.014282596297562122,-14.813416932462726,2827,-0.002561642089858651,-0.047794073820114136,0.40143437006486643,-0.029816994443535805,-0.03428028151392937,-23.357615013045894,2787
upvol_r20,规模D1,Q5(高),171287,0.0015253139426931739,0.0,0.4880405401460706,0.0008614776306785643,0.00046103785280138254,2.6648524552840747,2831,0.007029692176729441,0.0007384973578155041,0.5025133255880482,0.0041008018888533115,0.002322177868336439,5.848187596948976,2831,0.024657394737005234,0.0021505355834960938,0.5069970283792699,0.016560478135943413,0.010418492369353771,11.843526210646157,2831,0.07022707909345627,0.010704293847084045,0.526790390933765,0.04379827529191971,0.03343361243605614,21.993757266772004,2791
upvol_r20,规模D2,Q5(高),172120,0.0010938569903373718,0.0,0.4829769927957239,0.0006048641516827047,0.0004112448950763792,3.2140097119427944,2831,0.00460705254226923,0.0,0.4955205670462468,0.002264197450131178,0.0014451607130467892,5.081513347868999,2831,0.014679969288408756,0.0,0.4973274459679293,0.006941745523363352,0.005313267465680838,9.57184570570387,2831,0.045338407158851624,-0.0006091037066653371,0.49670953436807097,0.018909581005573273,0.016547074541449547,18.52342138977626,2791
upvol_r20,规模D3,Q5(高),180766,0.0007239936967380345,-0.0005555974785238504,0.4749565736919553,0.0001423372741555795,2.8761567591573112e-05,0.24477710197547772,2831,0.0036390237510204315,-0.001172379357740283,0.4843997211865063,0.000804219045676291,0.00032849403214640915,1.2578249318922088,2831,0.013060025870800018,-0.0026513002812862396,0.4872708363298408,0.0037192669697105885,0.0030262628570199013,6.007476226217934,2831,0.03711402416229248,-0.008021465502679348,0.4792217828595926,0.009775248356163502,0.009309127926826477,10.25304713999254,2791
upvol_r20,规模D4,Q5(高),185852,0.0005257459706626832,-0.0010561873205006123,0.46884617867980977,-8.712275302968919e-05,-9.320540266344324e-05,-0.8341043003521651,2831,0.0023474623449146748,-0.0022920630872249603,0.4763467705486086,-0.00045872959890402853,-0.0006214629393070936,-2.589382114224176,2831,0.009731300175189972,-0.0060724420472979546,0.47325291091836513,-0.0003054585831705481,-0.0004961311351507902,-1.0537171515353037,2831,0.032049935311079025,-0.015872802585363388,0.462024829284921,0.0039109131321311,0.0033238076139241457,4.146022470116324,2791
upvol_r20,规模D5,Q5(高),195338,0.0001295542169827968,-0.0013927124673500657,0.46585405809417524,-0.000446032005129382,-0.00049585074884817,-4.57957879419614,2831,0.0007293215021491051,-0.003577745519578457,0.4684342012306873,-0.0019765649922192097,-0.002129234606400132,-8.937224113145042,2831,0.007110254373401403,-0.008541664108633995,0.46640182657752205,-0.003939456306397915,-0.004421656485646963,-9.761662620049204,2831,0.023021971806883812,-0.023696724325418472,0.4455439833023924,-0.00564018776640296,-0.005670422222465277,-7.820723850901135,2791
upvol_r20,规模D6,Q5(高),206043,4.65643715870101e-05,-0.0015455958200618625,0.46452924874904755,-0.0006225116085261106,-0.000714606954716146,-6.205634137341303,2831,0.0009960683528333902,-0.004222317133098841,0.46478162325339856,-0.0022591170854866505,-0.0025869461242109537,-10.506929066668937,2831,0.005505780689418316,-0.010660914704203606,0.45997194760317023,-0.006691565737128258,-0.006897476501762867,-15.15975441219483,2831,0.017120154574513435,-0.028859134763479233,0.43601578535095636,-0.012560215778648853,-0.012593850493431091,-19.44034216995852,2791
upvol_r20,规模D7,Q5(高),217011,-0.00013775384286418557,-0.0017605386674404144,0.46256180562275645,-0.0007920389762148261,-0.0007989525329321623,-6.267035664241912,2831,-0.0002757793408818543,-0.005186642054468393,0.4598015768785914,-0.0034849585499614477,-0.0034606573171913624,-13.241380090100048,2831,0.003264195052906871,-0.013975935988128185,0.44975600315191394,-0.009138570167124271,-0.009254736825823784,-17.917115065808627,2831,0.012296591885387897,-0.03639517351984978,0.4201778904846974,-0.017330532893538475,-0.017707113176584244,-22.421760093736275,2791
upvol_r20,规模D8,Q5(高),228694,-0.00031648488948121667,-0.0019608072470873594,0.4610571331123685,-0.0008865818963386118,-0.0010550086153671145,-7.636505302053539,2831,-0.0009803493740037084,-0.0058479513972997665,0.45698181849982944,-0.0038466746918857098,-0.004495291970670223,-15.45602185846743,2831,0.000276640901574865,-0.018282290548086166,0.43823624581318266,-0.011643536388874054,-0.012874645181000233,-21.067124748714754,2831,0.006246671080589294,-0.04380419850349426,0.4086846377535547,-0.023356882855296135,-0.024333592504262924,-27.823797694138182,2791
upvol_r20,规模D9,Q5(高),246449,-0.0005533740622922778,-0.00212543155066669,0.46091077667184693,-0.001130856340751052,-0.0013140109367668629,-7.786008974075337,2831,-0.0017920521786436439,-0.007292162626981735,0.44965489817365867,-0.004832266829907894,-0.005668059457093477,-15.82002140125301,2831,-0.0013624920975416899,-0.020158866420388222,0.4347390332279701,-0.014304738491773605,-0.015556869097054005,-21.170749975861966,2831,0.001311398227699101,-0.04912777245044708,0.4026901485419047,-0.028762124478816986,-0.030605042353272438,-28.22439158657455,2791
upvol_r20,规模D10,Q5(高),274623,-0.00040005359915085137,-0.001996132545173168,0.46422914322543996,-0.0009853255469352007,-0.0013785222545266151,-5.683683057127474,2831,-0.0009571437840349972,-0.00787402968853712,0.44945980489616677,-0.004235565196722746,-0.0058434344828128815,-11.322023115005551,2831,-0.0017155816312879324,-0.023411348462104797,0.4272657424906144,-0.015411479398608208,-0.018330907449126244,-16.921363841164766,2831,-0.004729811567813158,-0.05532520264387131,0.391177169329453,-0.034587468951940536,-0.037992529571056366,-24.397998034495963,2791
rs_mkt20,规模D1,Q5(高),83830,0.0019022430060431361,-0.0003091343678534031,0.4779553859000358,0.0013049234403297305,0.00031776833930052817,1.1103842699079354,2830,0.008861922658979893,-0.0015428224578499794,0.4824287248001909,0.005646856967359781,0.0023201184812933207,3.52652663932245,2830,0.03072921186685562,-0.0018846883904188871,0.4894190623881665,0.02227143570780754,0.010736208409070969,8.402542965994215,2830,0.0765019878745079,0.012077445164322853,0.5254379766574888,0.04835361987352371,0.03314545750617981,19.3097214061,2790
rs_mkt20,规模D2,Q5(高),103129,0.0008470661123283207,-0.000995049485936761,0.471370807435348,0.00041320419404655695,0.00011203844769624993,0.5380115040856649,2830,0.003865447361022234,-0.002967356238514185,0.47201078261206836,0.001237973803654313,0.0005295040900819004,1.153341992825124,2830,0.014044149778783321,-0.006127422209829092,0.47313558746812245,0.006065767258405685,0.0042040045373141766,4.982611000676152,2830,0.05118321254849434,-0.0010683512082323432,0.4958155880513447,0.02148696593940258,0.019415518268942833,15.752917907585788,2790
rs_mkt20,规模D3,Q5(高),130130,0.0004990966990590096,-0.0013947339029982686,0.4664489356797049,-4.547211938188411e-05,-0.0001271860091947019,-0.7236499225152963,2830,0.002710088388994336,-0.0039965445175766945,0.46469684161991853,-8.240373426815495e-05,-0.00021265425311867148,-0.5384774148491168,2830,0.011892267502844334,-0.007874003611505032,0.4695151002843311,0.002027821261435747,0.0016864878125488758,2.2542218315768605,2830,0.0437227338552475,-0.00952378660440445,0.4779186638646864,0.012837439775466919,0.012331286445260048,10.006468932950085,2790
rs_mkt20,规模D4,Q5(高),155398,0.0001873765286291018,-0.0017212160164490342,0.4616146925957863,-0.00036868746974505484,-0.0003633231099229306,-2.3319471181146136,2830,0.0009122365736402571,-0.005076134577393532,0.45827488127260324,-0.0017191326478496194,-0.0017312183044850826,-5.155428904498563,2830,0.006917768158018589,-0.012652324512600899,0.45173683058984027,-0.003115756204351783,-0.003093674313277006,-4.824027768528033,2830,0.03203490749001503,-0.021481569856405258,0.4521146821053187,0.0021711469162255526,0.002099299803376198,2.031159449378791,2790
rs_mkt20,规模D5,Q5(高),182991,-0.0001734256074996665,-0.002028372837230563,0.4590116453814668,-0.0007028141408227384,-0.000769767677411437,-5.149716031569872,2830,-0.00036449337494559586,-0.00611884007230401,0.4532190107710215,-0.0030366696882992983,-0.0033005622681230307,-10.143065792727382,2830,0.004870731383562088,-0.014180575497448444,0.4479892453727232,-0.0056554460898041725,-0.006170161534100771,-10.457890781854596,2830,0.02302345260977745,-0.02663307823240757,0.4420904666700268,-0.005852797068655491,-0.006569272838532925,-7.854558787051228,2790
rs_mkt20,规模D6,Q5(高),213563,-0.000201705057406798,-0.0022222534753382206,0.4574762482265186,-0.000793261278886348,-0.0008975542150437832,-6.14337331817036,2830,-0.0006014673272147775,-0.006802682299166918,0.4495207503172366,-0.003491699229925871,-0.0038905744440853596,-12.513669795979489,2830,0.0014533589128404856,-0.016596445813775063,0.44251579159311305,-0.009785173460841179,-0.010339670814573765,-18.256121582840134,2830,0.016398664563894272,-0.03260874003171921,0.4308604858245325,-0.012608655728399754,-0.013943104073405266,-16.963401662831544,2790
rs_mkt20,规模D7,Q5(高),244751,-0.0003719263768289238,-0.002257383894175291,0.45744450482326937,-0.0010061304783448577,-0.0010146861895918846,-6.640172316429679,2830,-0.0014635002007707953,-0.007692299783229828,0.44559572790305246,-0.004505592864006758,-0.004623261280357838,-14.95338497093575,2830,-0.00024181368644349277,-0.019330497831106186,0.43529137776760873,-0.011776328086853027,-0.012177830561995506,-20.137002096166277,2830,0.012565028853714466,-0.039662107825279236,0.41752844062732136,-0.01685769110918045,-0.017804628238081932,-20.43320202699779,2790
rs_mkt20,规模D8,Q5(高),277163,-0.00042293386650271714,-0.002456980524584651,0.45672762958980817,-0.001011766609735787,-0.0011568213813006878,-7.048648616711188,2830,-0.002285442780703306,-0.008447026833891869,0.44352961975444055,-0.005009623244404793,-0.005720648914575577,-16.661333846502856,2830,-0.0031176479533314705,-0.02365780435502529,0.42365322932714683,-0.01416682731360197,-0.015953773632645607,-22.544984051224716,2830,0.002405791776254773,-0.049036212265491486,0.40255672104386575,-0.025927554816007614,-0.02772904746234417,-29.108280574525903,2790
rs_mkt20,规模D9,Q5(高),315413,-0.0005633387481793761,-0.0024389848113059998,0.4589950319105427,-0.0011931658955290914,-0.0014105283189564943,-7.464156478683692,2830,-0.0024080248549580574,-0.009266393259167671,0.4407427721748945,-0.005465332418680191,-0.006493911612778902,-16.233716977813067,2830,-0.004008234478533268,-0.024714859202504158,0.4227124436849464,-0.01616339012980461,-0.018134433776140213,-22.11853826484985,2830,-0.0025335680693387985,-0.0552845373749733,0.3944734081187959,-0.030573202297091484,-0.034043822437524796,-28.812355519563578,2790
rs_mkt20,规模D10,Q5(高),371453,-0.0004197147209197283,-0.0021543812472373247,0.46355528155648223,-0.0011083941208198667,-0.0014618673594668508,-5.768679675084612,2830,-0.0018189104739576578,-0.009740626439452171,0.44041911089693714,-0.005176097620278597,-0.006800434086471796,-12.761234634536804,2830,-0.0038502102252095938,-0.027290409430861473,0.41833287118424134,-0.016918973997235298,-0.020844213664531708,-18.509719410224633,2830,-0.009205843321979046,-0.06310974061489105,0.3810307347763474,-0.0364808589220047,-0.04136785864830017,-26.23417945699902,2790
ret20,规模D1,Q5(高),83831,0.0019018693128600717,-0.00031058015883900225,0.47794968448426,0.0013047440443187952,0.00031280165421776474,1.0932506039550811,2831,0.008861586451530457,-0.0015431932406499982,0.48242297002302253,0.0056462399661540985,0.002303009619936347,3.5005743690280795,2831,0.030727993696928024,-0.001884954166598618,0.4894132242249287,0.0222691111266613,0.01067135576158762,8.343989287865822,2831,0.0765087902545929,0.0120810242369771,0.5254437581472412,0.04835456237196922,0.033178672194480896,19.33237945395663,2791
ret20,规模D2,Q5(高),103133,0.0008463723352178931,-0.000995049485936761,0.47137191781486043,0.0004131350142415613,0.00011151485523441806,0.5356847522979299,2831,0.0038633679505437613,-0.0029717653524130583,0.47200217195272126,0.0012349581811577082,0.0005022893310524523,1.0925315440041803,2831,0.014042464084923267,-0.0061274743638932705,0.4731269331833652,0.006060448940843344,0.004156229551881552,4.919842924805541,2831,0.05118758976459503,-0.0010636590886861086,0.49582568124286497,0.021472284570336342,0.019283775240182877,15.562917284631544,2791
ret20,规模D3,Q5(高),130137,0.0004993675975129008,-0.0013947357656434178,0.4664468982687475,-4.4329142838250846e-05,-0.00011965123121626675,-0.6803945386315976,2831,0.002710963599383831,-0.0039983876049518585,0.4646795300337337,-8.281799091491848e-05,-0.00021532911341637373,-0.5454308032038614,2831,0.011897020973265171,-0.007874003611505032,0.46951289794601075,0.002027638489380479,0.0016854096902534366,2.2535746845187767,2831,0.043779030442237854,-0.009507370181381702,0.4779474264127184,0.01286736223846674,0.0125260716304183,10.043401082512684,2791
ret20,规模D4,Q5(高),155407,0.00018668202392291278,-0.0017221374437212944,0.4616008287914959,-0.00036844241549260914,-0.00036182987969368696,-2.3230771117988787,2831,0.0009116226574406028,-0.005076131317764521,0.4582805150347153,-0.0017211445374414325,-0.0017434840556234121,-5.190326823303754,2831,0.0069150314666330814,-0.012658216059207916,0.45172353883673194,-0.003123799804598093,-0.003142742207273841,-4.887975510703683,2831,0.03204995021224022,-0.021474601700901985,0.45214060120134775,0.002157721435651183,0.0020182651933282614,1.947474394505429,2791
ret20,规模D5,Q5(高),183006,-0.00017591548385098577,-0.0020297595765441656,0.4589849513130717,-0.0007039762567728758,-0.0007747527561150491,-5.182014653375268,2831,-0.0003639445931185037,-0.006117546930909157,0.4532255773034764,-0.0030380957759916782,-0.0033066151663661003,-10.163499523808976,2831,0.004871245939284563,-0.014180967584252357,0.44797984765526816,-0.005662399344146252,-0.006199948024004698,-10.498710127784754,2831,0.023046372458338737,-0.026615984737873077,0.44213172955235247,-0.005870256572961807,-0.006643491331487894,-7.915020379191599,2791
ret20,规模D6,Q5(高),213589,-0.00020465099078137428,-0.0022244593128561974,0.4574346057147138,-0.000794227875303477,-0.0009003222803585231,-6.163390464993009,2831,-0.0006015058606863022,-0.006802621763199568,0.4495268951116396,-0.0034946443047374487,-0.0038989789318293333,-12.540549109635304,2831,0.001455622143112123,-0.016596445813775063,0.4425087434277982,-0.009793916717171669,-0.010364845395088196,-18.288967444416045,2831,0.016443682834506035,-0.03255818784236908,0.43093131904953375,-0.012623452581465244,-0.013985224068164825,-16.998427066077166,2791
ret20,规模D7,Q5(高),244787,-0.000375457078916952,-0.00226238532923162,0.4573935707370081,-0.001007263665087521,-0.0010174047201871872,-6.6592616023269855,2831,-0.0014645818155258894,-0.007692293263971806,0.44559964377193234,-0.004510164260864258,-0.004634196870028973,-14.984672582460922,2831,-0.0002447853039484471,-0.01933327689766884,0.4352641275884749,-0.011792553588747978,-0.01221666019409895,-20.16679632241484,2831,0.01261219009757042,-0.03962935134768486,0.4176075908169141,-0.01688266173005104,-0.01786385104060173,-20.46128233420392,2791
ret20,规模D8,Q5(高),277205,-0.0004262563888914883,-0.0024629931431263685,0.4566908966288487,-0.0010126259876415133,-0.0011587734334170818,-7.062538129774611,2831,-0.0022808972280472517,-0.00844122376292944,0.4435670352266373,-0.005008720327168703,-0.005718291737139225,-16.659962608436604,2831,-0.00311491871252656,-0.023655299097299576,0.4236647968110243,-0.014177825301885605,-0.01597878523170948,-22.574203006282875,2831,0.0024469809141010046,-0.04900569096207619,0.4026489628020336,-0.02596067450940609,-0.02780526503920555,-29.105681373671707,2791
ret20,规模D9,Q5(高),315488,-0.0005681129405274987,-0.0024429908953607082,0.45894297088954256,-0.001194065436720848,-0.0014117880491539836,-7.473296593820426,2831,-0.002400902332738042,-0.009259281679987907,0.44077746221726344,-0.005463846959173679,-0.006491340696811676,-16.23268876820637,2831,-0.004001966677606106,-0.02471049875020981,0.42272289278831526,-0.016178399324417114,-0.018156040459871292,-22.14502684852901,2831,-0.0024675026070326567,-0.05522899329662323,0.39460061319993545,-0.030623702332377434,-0.03411734104156494,-28.82914726339632,2791
ret20,规模D10,Q5(高),371597,-0.00042310572462156415,-0.0021573228295892477,0.46352096491629374,-0.0011054464848712087,-0.0014590556966140866,-5.759264567398166,2831,-0.0018014671513810754,-0.009722702205181122,0.44052831427594946,-0.005167725495994091,-0.006792228203266859,-12.748829066141377,2831,-0.00385813950560987,-0.027297530323266983,0.41828916810415584,-0.0169612318277359,-0.020881347358226776,-18.539164786652133,2831,-0.009119303897023201,-0.06300507485866547,0.38125550769298133,-0.03658439964056015,-0.041460249572992325,-26.257139968484648,2791
hv20,规模D1,Q5(高),35743,0.004577985033392906,0.0,0.49741208068712756,0.0035704453475773335,0.00032188091427087784,0.563992491778439,2699,0.024685921147465706,0.0036206457298249006,0.5165486948493412,0.018144434317946434,0.004318658262491226,3.1748368322557456,2699,0.07882324606180191,0.012195090763270855,0.5282712698990012,0.06264855712652206,0.01563928835093975,6.985055817992785,2699,0.11600909382104874,0.0049619232304394245,0.5076086343910274,0.09902472794055939,0.03510909900069237,9.64577028202871,2659
hv20,规模D2,Q5(高),49041,0.002226968063041568,0.0,0.49705348585877124,0.001124927424825728,-4.386185173643753e-05,-0.1424137133920954,2828,0.011017188429832458,0.0,0.49532024224628374,0.00601830193772912,0.0007138425717130303,1.0627616698199707,2828,0.03362055867910385,0.0034844004549086094,0.5075549030403133,0.02080680988729,0.009621229022741318,7.195856133741128,2828,0.07347797602415085,-0.001449258765205741,0.49648924122310306,0.047389209270477295,0.028772329911589622,12.135385295379688,2788
hv20,规模D3,Q5(高),73151,0.0014127831673249602,0.0,0.4858853604188596,0.0006577416206710041,6.28936177236028e-05,0.2639411835384889,2831,0.0078742615878582,-0.002101561287418008,0.48408087380897047,0.004065003711730242,0.0021633063443005085,4.076956450316653,2831,0.028158938512206078,0.0,0.49758718267692853,0.015837302431464195,0.012700260616838932,11.739617209120242,2831,0.06464428454637527,-0.004660505801439285,0.49088622638641294,0.03540141135454178,0.02812243439257145,15.298295286391768,2791
hv20,规模D4,Q5(高),108277,0.000993578229099512,-0.0005572865484282374,0.48181054148157043,0.0001522191596450284,6.411636422853917e-05,0.3351133659839299,2831,0.005384920164942741,-0.0024558664299547672,0.48111787360196534,0.0014577088877558708,0.001267615589313209,3.176659639377775,2831,0.019028538838028908,-0.005878823809325695,0.4806468594438339,0.006347896531224251,0.005382837727665901,7.130233771551406,2831,0.052441176027059555,-0.014650175347924232,0.47078671639140474,0.020500168204307556,0.015564803965389729,11.526439436214233,2791
hv20,规模D5,Q5(高),151678,0.0006117527955211699,-0.0009373622015118599,0.4772940044040665,-9.267593122785911e-05,-0.000100135468528606,-0.6313233390728508,2831,0.003928922116756439,-0.003795078955590725,0.47331847730059734,0.0002586156770121306,0.0002452327171340585,0.7011790824260355,2831,0.015456232242286205,-0.008779220283031464,0.4715911338493387,0.0025634870398789644,0.0027706134133040905,4.274333274948956,2831,0.03954442963004112,-0.02057860791683197,0.45864007495649844,0.007822792045772076,0.006368428468704224,5.599190845389924,2791
hv20,规模D6,Q5(高),205187,0.0003736742364708334,-0.001273846486583352,0.47419183476536036,-0.00023081836116034538,-0.0002369674330111593,-1.6206613654574513,2831,0.002196892397478223,-0.0051194895058870316,0.46410834994419725,-0.0007372170803137124,-0.0006195097812451422,-1.9261346937705135,2831,0.00898903887718916,-0.013348166830837727,0.457699561863081,-0.0025079594925045967,-0.002046044683083892,-3.2977533902081726,2831,0.024323010817170143,-0.03186972439289093,0.4363657094134035,-0.005737920291721821,-0.005684620700776577,-6.261855788237833,2791
hv20,规模D7,Q5(高),266616,0.00013520635548047721,-0.0015453334199264646,0.4705719086626459,-0.0005104998126626015,-0.00045782679808326066,-3.0779133046067315,2831,0.0008903963025659323,-0.006451600696891546,0.4570805953131095,-0.0021703257225453854,-0.001966841286048293,-6.188698601562103,2831,0.004162071272730827,-0.01853303425014019,0.4431354457346896,-0.007181241642683744,-0.006740120239555836,-10.929127879417898,2831,0.011380585841834545,-0.04255199432373047,0.4153011518844677,-0.01790386065840721,-0.01697418838739395,-21.610213761316288,2791
hv20,规模D8,Q5(高),327525,-0.00018545966304372996,-0.0018315252382308245,0.46738722234943897,-0.0007096370100043714,-0.0007107885321602225,-4.425313887023162,2831,-0.0007553044706583023,-0.008152185939252377,0.4483963056255248,-0.003394132712855935,-0.0034464988857507706,-10.06197055807962,2831,0.000471017905510962,-0.024390267208218575,0.4271857110144264,-0.01002168282866478,-0.009965544566512108,-14.734830420369981,2831,0.0030545906629413366,-0.052757762372493744,0.3969265297216421,-0.025743577629327774,-0.025596771389245987,-30.90381576400184,2791
hv20,规模D9,Q5(高),391669,-0.0005252038245089352,-0.002132226014509797,0.46526020696046916,-0.000991886598058045,-0.0010029427940025926,-5.53614562460832,2831,-0.001957088243216276,-0.010211767628788948,0.439011001636586,-0.004273665603250265,-0.004294820595532656,-10.984104945769152,2831,-0.003084046533331275,-0.028802508488297462,0.41737027949620725,-0.013476265594363213,-0.013960962183773518,-18.866459305724245,2831,-0.0044566006399691105,-0.06425140798091888,0.38037029486636664,-0.032268401235342026,-0.03569571301341057,-36.11264368693612,2791
hv20,规模D10,Q5(高),469293,-0.0004761031304951757,-0.0020790344569832087,0.4677419011150816,-0.0010061102220788598,-0.0011046656873077154,-4.5576393757345794,2831,-0.002298447536304593,-0.01198332104831934,0.4338845880931529,-0.004877799656242132,-0.0053938585333526134,-10.574606610784631,2831,-0.005283012520521879,-0.03458923473954201,0.4057955264621462,-0.015907227993011475,-0.018165914341807365,-17.58463291580339,2831,-0.01210896298289299,-0.07680315524339676,0.36371446919403233,-0.04017547145485878,-0.046731848269701004,-34.59400970124073,2791
MACD金叉,规模组,规模D1,45228,0.0015398418763652444,0.0,0.48240028301052446,0.0006213035667315125,0.0003063937765546143,0.8533098298642128,2620,0.004967511631548405,0.0,0.49210665959140354,0.0012248727725818753,-0.002000631531700492,-2.774972020177972,2620,0.025468237698078156,0.008279836736619473,0.5330326346511011,0.011809409596025944,0.003044980112463236,2.0572220812339688,2620,0.06668868660926819,0.011215711943805218,0.5288823728431262,0.03081470914185047,0.02180645242333412,8.500157714236424,2586
MACD金叉,规模组,规模D2,44290,0.0011750197736546397,0.0,0.47631519530368027,0.0001825527288019657,-0.000181150360731408,-0.5225816425134521,2643,0.004281345289200544,0.0,0.48965906525174985,0.000686215702444315,-0.001774642150849104,-2.7326614664136066,2643,0.02071424573659897,0.008289624005556107,0.5326484533754798,0.006791570223867893,0.0011098741088062525,0.8794947780345309,2643,0.050945498049259186,0.007936500012874603,0.5211912153616189,0.015529850497841835,0.01217374112457037,5.410626580011984,2606
MACD金叉,规模组,规模D3,43493,0.0011590402573347092,0.0,0.4745131400455246,0.00023727890220470726,-0.0005162051529623568,-1.4735896346932535,2674,0.003981790505349636,-0.0006661656079813838,0.48587128963281445,0.0003863173769786954,-0.0011394124012440443,-1.7443935348870092,2674,0.019775712862610817,0.006198291666805744,0.5226128342491895,0.005522250197827816,0.0005697855958715081,0.4776444179436616,2674,0.04663143679499626,0.003225805005058646,0.5071641301034168,0.01030675321817398,0.0068463427014648914,3.3665770279624163,2637
MACD金叉,规模组,规模D4,42198,0.000982490717433393,-0.000482741161249578,0.4690506659083369,-5.5204302043421194e-05,-0.000558911997359246,-1.7268768695522019,2698,0.0028562245424836874,-0.001941171009093523,0.4748329304706384,-0.000787207973189652,-0.0027747945860028267,-4.060860451652378,2698,0.016415109857916832,0.0019133114255964756,0.5051661216171383,0.0015179866459220648,-0.004471773747354746,-3.8353624487939695,2698,0.0401044636964798,-0.003435359336435795,0.4898847074178812,0.004455719608813524,0.0013321232981979847,0.6180947601919321,2660
MACD金叉,规模组,规模D5,41155,0.0007046273676678538,-0.0009380662813782692,0.4660430081399587,-0.00033615343272686005,-0.0009718568762764335,-3.1729874818988284,2716,0.00288661802187562,-0.0019976329058408737,0.47615113594945935,-0.0008663636981509626,-0.00394581351429224,-5.913063277533289,2716,0.013953548856079578,-0.0009514724952168763,0.49279552909731505,-0.0001706439070403576,-0.006464710924774408,-5.586732948947928,2716,0.03287581726908684,-0.011029395274817944,0.47166819454423825,-0.001993326237425208,-0.009712434373795986,-5.521621040295502,2677
MACD金叉,规模组,规模D6,40227,0.0007053493754938245,-0.0012136435834690928,0.4612076466055137,-0.0003456332196947187,-0.00046370146446861327,-1.4067156339042455,2723,0.0022397665306925774,-0.003083281684666872,0.46749695478161435,-0.0014896910870447755,-0.0018113224068656564,-2.606422303263025,2723,0.010106408037245274,-0.004524874500930309,0.48074676212494094,-0.004639411345124245,-0.006966804154217243,-5.433017579523225,2723,0.026669861748814583,-0.017898760735988617,0.45574974670719354,-0.009953998029232025,-0.013983422890305519,-7.721605358381687,2683
MACD金叉,规模组,规模D7,38496,0.000402349338401109,-0.0013568310532718897,0.4607751454696592,-0.0007525106775574386,-0.0009780655382201076,-3.071909679129756,2719,0.002027177019044757,-0.0033860127441585064,0.4680746051537822,-0.0020247362554073334,-0.0035433764569461346,-5.34185650982323,2719,0.009060465730726719,-0.005300936289131641,0.47786783042394015,-0.0060255443677306175,-0.009657179936766624,-8.07263146657504,2719,0.022184809669852257,-0.02221878059208393,0.4466091375933083,-0.01346332486718893,-0.020176544785499573,-10.86471353684154,2679
MACD金叉,规模组,规模D8,37334,0.0007679202826693654,-0.001575289061293006,0.46027749504473137,-0.0004473381850402802,-0.0009186381357721984,-2.935274010110969,2734,0.002571223769336939,-0.0028460188768804073,0.47286655595435795,-0.001541707431897521,-0.004137225449085236,-6.425940888825696,2734,0.007497002836316824,-0.0082838861271739,0.4682594953661542,-0.0073203835636377335,-0.010482014156877995,-8.569452802302038,2734,0.017018334940075874,-0.028346450999379158,0.43696263340339003,-0.01803724095225334,-0.02548052743077278,-13.377767498765886,2694
MACD金叉,规模组,规模D9,35619,0.0006117410375736654,-0.0015000967541709542,0.46244981610937985,-0.000729238847270608,-0.0012388973264023662,-3.6004002686446834,2749,0.0011799607891589403,-0.004571436904370785,0.4608776214941464,-0.0031097757164388895,-0.005228841211646795,-7.4669454609669685,2749,0.0034462916664779186,-0.011556185781955719,0.4596704006288779,-0.01111854612827301,-0.014568199403584003,-11.535103958519237,2749,0.01121976226568222,-0.03384612128138542,0.42522950210198185,-0.023338444530963898,-0.028880685567855835,-14.23544662607819,2709
MACD金叉,规模组,规模D10,33333,0.00025977319455705583,-0.0014251149259507656,0.46524465244652446,-0.0008904448477551341,-0.0015188652323558927,-4.177527995877073,2723,0.0008925335132516921,-0.004470970015972853,0.46581465814658146,-0.0038821822963654995,-0.006911477539688349,-9.041087687098809,2723,0.0016678449464961886,-0.014909493736922741,0.44937449374493743,-0.012797468341886997,-0.015384381636977196,-10.235455782899603,2723,0.004305396229028702,-0.04081934317946434,0.4165392846224396,-0.030337879434227943,-0.036327432841062546,-15.501828416154437,2683
柱连3日改善,规模组,规模D1,548993,0.0016395673155784607,0.0,0.4907257469585222,0.0008567732875235379,0.000872044067364186,5.2881696363599815,2831,0.006241886410862207,0.0017824869137257338,0.5121249269116364,0.003271089168265462,0.003205476328730583,8.147663341534589,2831,0.02806454710662365,0.01136748492717743,0.5487428801460128,0.01518059242516756,0.012083414010703564,14.117721113949763,2831,0.06625793129205704,0.010489492677152157,0.5277234242009404,0.03571220114827156,0.03404645621776581,22.181754138737833,2791
柱连3日改善,规模组,规模D2,547517,0.0012521645985543728,0.0,0.4846790145328821,0.0004649327602237463,0.0004614899808075279,3.1582641047234743,2831,0.004799766931682825,0.000964319973718375,0.5037670063212649,0.002041405765339732,0.0013407806400209665,4.515743615399201,2831,0.02116982266306877,0.009332865476608276,0.538291961710778,0.00833357498049736,0.0056717414408922195,9.999993586420006,2831,0.05097774788737297,0.006493504159152508,0.5163335122082103,0.018878839910030365,0.01711883395910263,20.226023255873056,2791
柱连3日改善,规模组,规模D3,542077,0.0009979675523936749,0.0,0.47969015471971693,0.00026315965806134045,0.00013924998347647488,1.2721680273112992,2831,0.003750911448150873,0.0,0.4920998308358407,0.0011711460538208485,0.00029187946347519755,1.088061513657304,2831,0.018249206244945526,0.006185614038258791,0.5242059707384744,0.0057585472241044044,0.0031540552154183388,7.200492443131021,2831,0.0434071384370327,0.0,0.49891011305810784,0.011694079264998436,0.010054698213934898,14.098076927775821,2791
柱连3日改善,规模组,规模D4,537708,0.0008769758860580623,0.0,0.47520215432911544,0.00013829594536218792,7.986505806911737e-05,0.8368151002789903,2831,0.0031618024222552776,-0.0009000931167975068,0.4843111874846571,0.0005846573621965945,-0.00021856292732991278,-0.9757876248613708,2831,0.015463183633983135,0.0023866184055805206,0.5072139525541743,0.0028967419639229774,0.0003830631903838366,0.8918702257468171,2831,0.037626322358846664,-0.006323370151221752,0.48228742055456997,0.006294446997344494,0.0044510881416499615,7.000768881117085,2791
柱连3日改善,规模组,规模D5,528907,0.0006939545855857432,-0.00029537512455135584,0.4719317384719809,-4.139909287914634e-05,-0.00011293002899037674,-1.1991785487674391,2831,0.0024824372958391905,-0.0017793582519516349,0.4781577857733023,2.3599350242875516e-05,-0.0008153922390192747,-3.5071076664276934,2831,0.012650956399738789,0.0,0.4952534188430102,0.00024546621716581285,-0.001928561250679195,-4.469113825769704,2831,0.031532928347587585,-0.012039843946695328,0.46880019149987645,9.145299554802477e-05,-0.002377972239628434,-4.215178942592924,2791
柱连3日改善,规模组,规模D6,523393,0.0005026425933465362,-0.0007834111456759274,0.46913122643978805,-0.000216409403947182,-0.00041172304190695286,-4.21540795726987,2831,0.0017049835296347737,-0.002659571822732687,0.4713456236518257,-0.000887341215275228,-0.0021323643159121275,-9.341699881607223,2831,0.009561518207192421,-0.0038168204482644796,0.48259147523944723,-0.0030667197424918413,-0.005784980487078428,-14.11656862319854,2831,0.024414950981736183,-0.01871863193809986,0.4528968188159088,-0.0075069875456392765,-0.010402752086520195,-17.41584047101792,2791
柱连3日改善,规模组,规模D7,513753,0.00035838678013533354,-0.0010869241086766124,0.46647708139903804,-0.00036378030199557543,-0.0005792333977296948,-5.477517317513776,2831,0.0009880827274173498,-0.003508791094645858,0.46681576555270726,-0.0015566088259220123,-0.00280942115932703,-11.21329443692599,2831,0.007230064831674099,-0.0066225528717041016,0.4729782599809636,-0.0055264662951231,-0.00806964561343193,-19.635597291466766,2831,0.018897296860814095,-0.024570059031248093,0.44187400520225817,-0.012727746739983559,-0.01621631719172001,-25.89933728232321,2791
柱连3日改善,规模组,规模D8,507463,0.00036433988134376705,-0.0011588191846385598,0.467543446517283,-0.00036662144702859223,-0.0005690682446584105,-4.941676776969317,2831,0.0008769924752414227,-0.0038560370448976755,0.4651984479656645,-0.0017862191889435053,-0.0035181292332708836,-13.375174342428949,2831,0.005729257594794035,-0.00928379688411951,0.46362591952516735,-0.007137048523873091,-0.009988921694457531,-21.923713175048253,2831,0.013071087189018726,-0.02998967096209526,0.4314740522857407,-0.01855502463877201,-0.022230729460716248,-31.311471184551753,2791
柱连3日改善,规模组,规模D9,495838,8.670054739923216e-06,-0.0014814590103924274,0.46361916593726177,-0.0007185073336586356,-0.0009826874593272805,-7.09147338616842,2831,-0.00016859349852893502,-0.005115058273077011,0.4574356947228732,-0.002841233043000102,-0.004346069879829884,-14.587841357203814,2831,0.002792632905766368,-0.012244898825883865,0.45453757073883,-0.009849866852164268,-0.01195469032973051,-21.37061494058837,2831,0.008842242881655693,-0.03503680229187012,0.422402390027815,-0.02272401750087738,-0.02590976096689701,-28.604584140529568,2791
柱连3日改善,规模组,规模D10,481299,-2.4130843030434335e-06,-0.0015372424386441708,0.4649916164380146,-0.0007216953672468662,-0.0010277824476361275,-5.011058996269979,2831,-0.0002900383260566741,-0.0057116057723760605,0.45616757982044426,-0.0030127791687846184,-0.004643604625016451,-10.536359928334063,2831,0.0007422897033393383,-0.015681130811572075,0.4457353952532625,-0.01167532429099083,-0.013986483216285706,-15.961453148847173,2831,0.0018826633458957076,-0.04088301956653595,0.4130738463628798,-0.02966984175145626,-0.03263054043054581,-23.53613263409471,2791
0轴下金叉,规模组,规模D1,33121,0.0019084413070231676,0.0,0.4902327828266055,0.0007705388125032187,0.0007389525999315083,1.970181205758628,2315,0.005403338000178337,0.0,0.49874701850789527,0.0009717537323012948,6.897812272654846e-05,0.07094721523790878,2315,0.03008897788822651,0.013079666532576084,0.5560822438936023,0.012025785632431507,0.005611755419522524,2.401249513900382,2315,0.07381483912467957,0.01642998307943344,0.5414935185759474,0.029672671109437943,0.023275798186659813,5.540618408376574,2282
0轴下金叉,规模组,规模D2,31797,0.0015960183227434754,0.0,0.48900839701858667,0.0003142149362247437,0.00012122727639507502,0.3025625057155505,2309,0.005209793336689472,0.0004101816739421338,0.5007390634336573,0.0006747225415892899,-0.0010309250792488456,-1.4609982822150482,2309,0.025265375152230263,0.013720751740038395,0.5587948548605214,0.006335034500807524,0.0004863184585701674,0.34318747392624266,2309,0.06062277778983116,0.017292724922299385,0.5461461590535444,0.014691690914332867,0.00953133124858141,3.9916775038319767,2278
0轴下金叉,规模组,规模D3,30639,0.001796784345060587,0.0,0.4848722216782532,0.0006476888665929437,-1.3148093785275705e-05,-0.039910386333144796,2347,0.004883822053670883,0.0,0.4949900453670159,0.0007887682877480984,-0.00047495876788161695,-0.6093749170790822,2347,0.024917175993323326,0.011520781554281712,0.5473089852801984,0.006226398982107639,0.0006043617031536996,0.4504097511888918,2347,0.05622685328125954,0.013261282816529274,0.5330361033823875,0.01030423492193222,0.005160112399607897,2.09303496702709,2312
0轴下金叉,规模组,规模D4,29129,0.0011535044759511948,0.0,0.47773696316385733,-3.625750105129555e-05,-0.0002196396962972358,-0.647387141336355,2389,0.003404423128813505,-0.000874081626534462,0.4826118301349171,-0.0009316789219155908,-0.0026185440365225077,-3.57812788242476,2389,0.02141377702355385,0.007812486961483955,0.5302619382745717,0.0024215555749833584,-0.0043469746597111225,-3.363973652502327,2389,0.05122240260243416,0.007434937171638012,0.518461050181613,0.0051721688359975815,-0.00024106267665047199,-0.11056079253678998,2352
0轴下金叉,规模组,规模D5,27590,0.0013267712201923132,0.0,0.4758608191373686,0.00011376906331861392,-0.0001976876810658723,-0.5549446868893101,2419,0.00406965846195817,-0.0005806604167446494,0.4859731786879304,-0.00021913173259235919,-0.0026429116260260344,-3.709575888600936,2419,0.01989373378455639,0.004545455798506737,0.5164189923885466,0.0018605460645630956,-0.004395205993205309,-3.3094973592956323,2419,0.04585178941488266,0.0016267313621938229,0.5025305150342364,0.00020929865422658622,-0.009351301938295364,-4.5216508310482695,2384
0轴下金叉,规模组,规模D6,25956,0.001102027716115117,0.0,0.47114347357065806,-0.00014286578516475856,-0.00016962953668553382,-0.48613346719129,2395,0.003046270925551653,-0.00206966046243906,0.4758822622900293,-0.001148933544754982,-0.0012385057052597404,-1.5601083791422425,2395,0.0164248738437891,0.0023699274752289057,0.5061257512713824,-0.0020876312628388405,-0.003813414601609111,-2.5175538665469963,2395,0.039462894201278687,-0.004201364237815142,0.4886552296624239,-0.007561454549431801,-0.012085395865142345,-5.346622841220316,2360
0轴下金叉,规模组,规模D7,23848,0.0008981474093161523,-0.0005299020558595657,0.4714022140221402,-0.000509068020619452,-0.00024808061425574124,-0.6681768457260854,2429,0.0035685149487107992,-0.001714202924631536,0.4801660516605166,-0.001327156787738204,-0.002117510186508298,-2.7848612968982285,2429,0.017159055918455124,0.002789536025375128,0.5086380409258638,-0.002915293211117387,-0.005995720624923706,-4.244948748273506,2429,0.036311935633420944,-0.0070738354697823524,0.48082380256255913,-0.01098066195845604,-0.017918985337018967,-7.899932243736745,2395
0轴下金叉,规模组,规模D8,21978,0.0012844065204262733,-0.000821359921246767,0.4701064701064701,-0.00012735773634631187,-0.0004889551200903952,-1.3768219578267382,2404,0.004650457762181759,-0.00030110758962109685,0.4893074893074893,-0.0006597826723009348,-0.0021992779802531004,-2.988809835372971,2404,0.015564467757940292,0.0,0.49827099827099824,-0.004026982933282852,-0.006027421448379755,-4.335120309109532,2404,0.03266630321741104,-0.010695180855691433,0.47348254754450725,-0.014731630682945251,-0.02043876238167286,-8.101309146521814,2370
0轴下金叉,规模组,规模D9,19601,0.0010071968426927924,-0.0007147451979108155,0.4717106270088261,-0.0005886158323846757,-0.00047084540710784495,-1.2685547788084803,2385,0.003296328941360116,-0.0021435695234686136,0.4755879802050916,-0.002319840481504798,-0.0038682424928992987,-4.883767229652799,2385,0.01265182439237833,-0.0010405791690573096,0.494872710575991,-0.007224241271615028,-0.010454042814671993,-6.754756094997026,2385,0.028027566149830818,-0.014661276713013649,0.4634875668870003,-0.019035818055272102,-0.02599066123366356,-10.663130268614882,2348
0轴下金叉,规模组,规模D10,16753,0.0008848825818859041,-0.0007320760050788522,0.47406434668417596,-0.0005582160665653646,-0.0006834413507021964,-1.6627102085444327,2313,0.003651069477200508,-0.0019288439070805907,0.48110786127857696,-0.0030569557566195726,-0.006128250155597925,-6.9719789337535545,2313,0.012963421642780304,-0.00246909586712718,0.4891661195009849,-0.00792637187987566,-0.011119087226688862,-6.289103033355585,2313,0.023761415854096413,-0.01960778795182705,0.4580490503411396,-0.026491837576031685,-0.027883389964699745,-9.030728019591377,2277
0轴上金叉,规模组,规模D1,12107,0.0005314676091074944,-0.0012804352445527911,0.46097299083175025,0.00021304226538632065,0.000515948748216033,0.7891487476265112,1860,0.003775225020945072,-0.0023474714253097773,0.4739406954654332,0.001917327637784183,-0.0014280130853876472,-1.044024036391024,1860,0.012827329337596893,-0.006823049858212471,0.46997604691500783,0.011217467486858368,0.003768538823351264,1.5596358864015154,1860,0.047680508345365524,-0.0016260534757748246,0.4952436098932914,0.03386096656322479,0.027402691543102264,7.03856567879209,1850
0轴上金叉,规模组,规模D2,12493,0.00010350034426664934,-0.0020161871798336506,0.444008644841111,-0.0001525522384326905,-0.0008928157621994615,-1.613450725437887,2006,0.001918272115290165,-0.0036036598030477762,0.46145841671335946,0.0007154677878133953,-0.0024964683689177036,-2.1737030935676755,2006,0.009130777791142464,-0.007712062913924456,0.46610101656927877,0.007953537628054619,0.0027948024217039347,1.294138742893133,2006,0.026860207319259644,-0.015015114098787308,0.4590821566110398,0.017615903168916702,0.014506309293210506,3.9989912800906633,1991
0轴上金叉,规模组,规模D3,12854,-0.0003610961721278727,-0.00196660915389657,0.44982106737202426,-0.000740980904083699,-0.0012001546565443277,-2.040378319660311,2126,0.0018316945061087608,-0.003937034867703915,0.46413567761008245,-0.0005729709519073367,-0.00158795528113842,-1.3233861687379467,2126,0.007520441431552172,-0.008903737179934978,0.4637466936362222,0.0038438306655734777,0.0021832718048244715,0.8851145804287267,2126,0.02428981103003025,-0.021449612453579903,0.4469247580393381,0.010312618687748909,0.014144890010356903,3.0680201950428145,2105
0轴上金叉,规模组,规模D4,13069,0.0006013244856148958,-0.0021051897201687098,0.44969010635855844,-9.743415284901857e-05,-0.0007039393531158566,-1.3544839604500132,2235,0.001634366693906486,-0.004629624076187611,0.457494835105976,-0.00046520194155164063,-0.0034007022622972727,-3.2674541481678525,2235,0.0052737705409526825,-0.012345644645392895,0.44923100466753385,-0.0004959439975209534,-0.007003451231867075,-4.001100570965807,2235,0.015882622450590134,-0.029432404786348343,0.42762753534111864,0.0028948462568223476,-0.002154447603970766,-0.6000012441242392,2211
0轴上金叉,规模组,规模D5,13565,-0.0005607577040791512,-0.002450919710099697,0.4460744563214154,-0.00125125574413687,-0.001748132286593318,-3.9078356700260697,2318,0.00048041949048638344,-0.00488997669890523,0.45617397714706964,-0.0021827758755534887,-0.004755126778036356,-4.675799992634051,2318,0.0018717402126640081,-0.015570892952382565,0.44474751197935863,-0.004301903769373894,-0.011131743900477886,-6.452479758784931,2318,0.007025844883173704,-0.03993413969874382,0.410186077544666,-0.006381267681717873,-0.014122559688985348,-5.045036536992183,2286
0轴上金叉,规模组,规模D6,14271,-1.6126550690387376e-05,-0.0027185860089957714,0.44313643052343915,-0.0007144252303987741,-0.000822656147647649,-1.645425474590076,2386,0.0007729017524980009,-0.005595959257334471,0.4522458131875832,-0.00210945843718946,-0.002290981123223901,-2.0567932900896015,2386,-0.0013855783035978675,-0.0186915323138237,0.4345876252540116,-0.009280573576688766,-0.011115066707134247,-6.1008599509819925,2386,0.0038495215121656656,-0.045164018869400024,0.39705260188971936,-0.01422184333205223,-0.018589600920677185,-6.579005309517177,2357
0轴上金叉,规模组,规模D7,14648,-0.0004048455448355526,-0.0027155219577252865,0.4434735117422174,-0.0011488531017675996,-0.0013669079635292292,-2.986110490851223,2440,-0.0004822330956812948,-0.006836525164544582,0.4483888585472419,-0.00316044595092535,-0.005306564271450043,-5.327357206177446,2440,-0.004124626517295837,-0.02169804647564888,0.4277717094483889,-0.011089256964623928,-0.015493758954107761,-8.697724810150996,2440,-0.0004438917967490852,-0.04822755604982376,0.3918044077134986,-0.017440030351281166,-0.02476920746266842,-8.932395557433216,2402
0轴上金叉,规模组,规模D8,15356,2.8708664103760384e-05,-0.0029643941670656204,0.44620995050794476,-0.0009053046815097332,-0.0013191148173063993,-2.7709587212455564,2507,-0.00040464315679855645,-0.006806954741477966,0.44933576452201096,-0.0028039466124027967,-0.005718942265957594,-5.944899416274016,2507,-0.004049410577863455,-0.023572657257318497,0.4253060692888773,-0.012034003622829914,-0.016678249463438988,-9.129652445238607,2507,-0.004961328115314245,-0.056837163865566254,0.3856655290102389,-0.022680414840579033,-0.033068615943193436,-12.014996169924446,2472
0轴上金叉,规模组,规模D9,16018,0.00012782728299498558,-0.0026454725302755833,0.45111749282057684,-0.0009013173985294998,-0.0018963393522426486,-3.9236638346674453,2573,-0.0014098085230216384,-0.008261836133897305,0.442876763640904,-0.004076408687978983,-0.006948467344045639,-6.777369038201783,2573,-0.007818387821316719,-0.02846524491906166,0.41659383193906857,-0.015883952379226685,-0.020058728754520416,-11.016531673431922,2573,-0.008924231864511967,-0.06287804991006851,0.3793775542282301,-0.028495104983448982,-0.036689307540655136,-12.810459715273215,2540
0轴上金叉,规模组,规模D10,16580,-0.00037185873952694237,-0.0023536323569715023,0.45633293124246077,-0.0012261400697752833,-0.0016568835126236081,-3.2742323072248425,2558,-0.00189478590618819,-0.008237220346927643,0.45036188178528347,-0.004716019611805677,-0.007221523206681013,-6.673822726151712,2558,-0.009745593182742596,-0.030272696167230606,0.409167671893848,-0.017719388008117676,-0.019625211134552956,-9.593399469335768,2558,-0.014947082847356796,-0.06601473689079285,0.37546377957545163,-0.03414369001984596,-0.040481701493263245,-12.587244337979188,2521
