dim,dim_cn,decile,H,n,gross,exw,t
hist_z,MACD柱位置,1,5,1036116,0.0012070327065885067,-0.0017189240315929055,-6.458789619078612
hist_z,MACD柱位置,1,10,1033486,0.0029153218492865562,-0.0026450594887137413,-7.451374987259415
hist_z,MACD柱位置,1,20,1028188,0.008605440147221088,-0.0013506023678928614,-2.93939293711495
hist_z,MACD柱位置,1,60,1007122,0.023173322901129723,-0.0017698552692309022,-2.670337219987912
hist_z,MACD柱位置,2,5,1037527,0.0025213754270225763,-0.00013992097228765488,-0.7494687507422193
hist_z,MACD柱位置,2,10,1034878,0.005160618107765913,-6.383586151059717e-05,-0.26652067548480196
hist_z,MACD柱位置,2,20,1029575,0.010645066387951374,0.0008767539402469993,2.7911761578497765
hist_z,MACD柱位置,2,60,1008487,0.026758184656500816,0.002097466727718711,4.226040275713701
hist_z,MACD柱位置,3,5,1037803,0.0032069324515759945,0.0005606138147413731,4.151746312253823
hist_z,MACD柱位置,3,10,1035152,0.005913894157856703,0.0007625306607224047,4.3126108019833875
hist_z,MACD柱位置,3,20,1029866,0.011065460741519928,0.001337477588094771,5.5298520150448525
hist_z,MACD柱位置,3,60,1008754,0.02746380865573883,0.003233857685700059,8.300337436853304
hist_z,MACD柱位置,4,5,1037533,0.00352804665453732,0.0008916547521948814,7.849951638625765
hist_z,MACD柱位置,4,10,1034886,0.006487370003014803,0.0013709769118577242,8.949561707817777
hist_z,MACD柱位置,4,20,1029587,0.011825527995824814,0.0020811741705983877,9.93243450329027
hist_z,MACD柱位置,4,60,1008494,0.027643000707030296,0.0035773059353232384,10.859169191412395
hist_z,MACD柱位置,5,5,1037231,0.003778862999752164,0.001193496398627758,11.537818207357226
hist_z,MACD柱位置,5,10,1034582,0.006974498741328716,0.0018938338616862893,12.957174229802767
hist_z,MACD柱位置,5,20,1029296,0.012394743040204048,0.002638020785525441,13.19137607004332
hist_z,MACD柱位置,5,60,1008214,0.028295060619711876,0.004162690136581659,13.463500219569983
hist_z,MACD柱位置,6,5,1038094,0.003733040764927864,0.001121737528592348,10.708035181239733
hist_z,MACD柱位置,6,10,1035447,0.006941681727766991,0.0018090283265337348,12.32407481831662
hist_z,MACD柱位置,6,20,1030157,0.012410735711455345,0.0024061689618974924,12.0344881830602
hist_z,MACD柱位置,6,60,1009055,0.027876321226358414,0.0038339614402502775,12.259223023738583
hist_z,MACD柱位置,7,5,1037779,0.0036513207014650106,0.0009955692803487182,8.762703455146044
hist_z,MACD柱位置,7,10,1035127,0.007028029765933752,0.0017898572841659188,11.217651406972346
hist_z,MACD柱位置,7,20,1029830,0.012341584078967571,0.0021159807220101357,9.845781579090863
hist_z,MACD柱位置,7,60,1008752,0.026571881026029587,0.0023681193124502897,6.992133438632714
hist_z,MACD柱位置,8,5,1037560,0.003569285850971937,0.0008057532249949872,5.809575386467785
hist_z,MACD柱位置,8,10,1034909,0.00644432008266449,0.0011053255293518305,5.977129441704944
hist_z,MACD柱位置,8,20,1029618,0.011336992494761944,0.0009256890043616295,3.622901997377675
hist_z,MACD柱位置,8,60,1008535,0.02509138360619545,0.0008959127590060234,2.2988584472608142
hist_z,MACD柱位置,9,5,1037761,0.0028918441385030746,-4.123690086998977e-05,-0.21552175263211493
hist_z,MACD柱位置,9,10,1035103,0.005207520443946123,-0.00039628666127100587,-1.6192740274209814
hist_z,MACD柱位置,9,20,1029828,0.009008935652673244,-0.001769044902175665,-5.216307632200298
hist_z,MACD柱位置,9,60,1008737,0.021229110658168793,-0.0030757212080061436,-6.222599800123654
hist_z,MACD柱位置,10,5,1039200,-0.0009844587184488773,-0.004182858392596245,-12.751021841439274
hist_z,MACD柱位置,10,10,1036551,-0.0003914028056897223,-0.006475106347352266,-15.23095165173956
hist_z,MACD柱位置,10,20,1031243,0.0012027132324874401,-0.010277094319462776,-17.82210882675443
hist_z,MACD柱位置,10,60,1010114,0.008520582690834999,-0.016493994742631912,-21.498837495097778
volz20,Volume Z,1,5,1044642,0.0027715489268302917,-8.315705781569704e-05,-0.4524019206878161
volz20,Volume Z,1,10,1041998,0.005344227887690067,-0.00040447257924824953,-1.6489336633321532
volz20,Volume Z,1,20,1036707,0.010989218018949032,-0.0002630731323733926,-0.7521595153296603
volz20,Volume Z,1,60,1015637,0.027900172397494316,-0.0012274256441742182,-2.241293346177184
volz20,Volume Z,2,5,1046074,0.0030723395757377148,0.00010853610729100183,0.8113102312666007
volz20,Volume Z,2,10,1043424,0.00591896241530776,0.00013008486712351441,0.7266678254788834
volz20,Volume Z,2,20,1038126,0.011975603178143501,0.0007373824482783675,2.909098382491488
volz20,Volume Z,2,60,1017046,0.030495986342430115,0.0010843941709026694,2.7712806332652895
volz20,Volume Z,3,5,1046333,0.003358176676556468,0.00038231126382015646,3.665129346392025
volz20,Volume Z,3,10,1043688,0.006383890751749277,0.0005746159004047513,4.14723052358816
volz20,Volume Z,3,20,1038388,0.012327071279287338,0.0011450513266026974,5.7870484191837885
volz20,Volume Z,3,60,1017290,0.031227927654981613,0.0021873468067497015,6.737479535144627
volz20,Volume Z,4,5,1046084,0.003559311619028449,0.0006140980403870344,6.703906513855373
volz20,Volume Z,4,10,1043442,0.006612046621739864,0.0008667570073157549,6.941668180576584
volz20,Volume Z,4,20,1038146,0.01257438026368618,0.0013604224659502506,8.021620906582223
volz20,Volume Z,4,60,1017053,0.031576912850141525,0.0025789060164242983,8.78880352545304
volz20,Volume Z,5,5,1045767,0.00369260273873806,0.0008173490059562027,10.320850265891915
volz20,Volume Z,5,10,1043118,0.006827673874795437,0.0011289602844044566,10.32443204336035
volz20,Volume Z,5,20,1037829,0.012666134163737297,0.0015859788982197642,10.379239940474243
volz20,Volume Z,5,60,1016751,0.03152316436171532,0.0027104460168629885,10.280671244489444
volz20,Volume Z,6,5,1046621,0.003613703651353717,0.0007214974029920995,9.713027491452072
volz20,Volume Z,6,10,1043968,0.006791569758206606,0.0011089108884334564,10.55396857938285
volz20,Volume Z,6,20,1038677,0.012651236727833748,0.0016017479356378317,10.934271789536108
volz20,Volume Z,6,60,1017574,0.031122293323278427,0.0025733865331858397,9.873316126849113
volz20,Volume Z,7,5,1046343,0.003680578665807843,0.0007637710077688098,9.093887937479396
volz20,Volume Z,7,10,1043690,0.006832485552877188,0.00113847351167351,9.227749005179703
volz20,Volume Z,7,20,1038407,0.012526794336736202,0.001403040369041264,7.844157763681094
volz20,Volume Z,7,60,1017308,0.030312281101942062,0.0018212710274383426,6.155894075743954
volz20,Volume Z,8,5,1046067,0.0032569284085184336,0.0003689777513500303,3.4574487304357424
volz20,Volume Z,8,10,1043423,0.006220454815775156,0.0006078659789636731,4.251360765309242
volz20,Volume Z,8,20,1038126,0.011545627377927303,0.0004620353865902871,2.208377160565594
volz20,Volume Z,8,60,1017038,0.028489818796515465,0.0003245578263886273,0.9666475175035061
volz20,Volume Z,9,5,1046323,0.002311679534614086,-0.000647783454041928,-4.34938071041472
volz20,Volume Z,9,10,1043672,0.004985173232853413,-0.0007826400105841458,-3.931523230978829
volz20,Volume Z,9,20,1038382,0.00973011739552021,-0.0016200939426198602,-5.73823425977956
volz20,Volume Z,9,60,1017293,0.025098850950598717,-0.003328155493363738,-7.99127208978278
volz20,Volume Z,10,5,1047743,-9.838100231718272e-05,-0.0032202505972236395,-13.26112654147854
volz20,Volume Z,10,10,1045091,0.001416421146132052,-0.004643823020160198,-15.602467267548654
volz20,Volume Z,10,20,1039793,0.004993504378944635,-0.006765223573893309,-16.96662773966868
volz20,Volume Z,10,60,1018667,0.019463522359728813,-0.009543969295918941,-17.802596446214473
vr20m,量比VR20,1,5,1044643,0.002179862232878804,-0.0008950771298259497,-4.602598320655916
vr20m,量比VR20,1,10,1042001,0.004493538290262222,-0.0016015843721106648,-6.20295659154237
vr20m,量比VR20,1,20,1036707,0.009816414676606655,-0.001692014979198575,-4.367914687795716
vr20m,量比VR20,1,60,1015639,0.02930060401558876,-0.0014245720813050866,-1.9920664867614613
vr20m,量比VR20,2,5,1046068,0.002757416572421789,-0.0002653943083714694,-1.9609690215800706
vr20m,量比VR20,2,10,1043425,0.005358082242310047,-0.0004939454956911504,-2.7300857135452534
vr20m,量比VR20,2,20,1038127,0.010966174304485321,-0.0003884424804709852,-1.529049739543324
vr20m,量比VR20,2,60,1017042,0.029127730056643486,-0.000445689307525754,-1.115669247426432
vr20m,量比VR20,3,5,1046333,0.003348046913743019,0.0004024560039397329,3.6473293585529305
vr20m,量比VR20,3,10,1043684,0.006350244395434856,0.0006236688932403922,4.156383270581674
vr20m,量比VR20,3,20,1038388,0.012244313023984432,0.00112667097710073,5.534188224977515
vr20m,量比VR20,3,60,1017302,0.030838118866086006,0.00199771486222744,6.008791949209701
vr20m,量比VR20,4,5,1046088,0.0037521214690059423,0.0008375919423997402,8.687105181839575
vr20m,量比VR20,4,10,1043443,0.006871035788208246,0.001173126045614481,9.186756236807364
vr20m,量比VR20,4,20,1038149,0.01298256404697895,0.0018694435711950064,10.677474064332944
vr20m,量比VR20,4,60,1017048,0.03152533248066902,0.002908871043473482,10.273595939389558
vr20m,量比VR20,5,5,1045766,0.003912818152457476,0.0011123328004032373,13.042937189561814
vr20m,量比VR20,5,10,1043115,0.0071660494431853294,0.001581527409143746,13.286012782370932
vr20m,量比VR20,5,20,1037825,0.013248595409095287,0.0022691928315907717,13.970114654567553
vr20m,量比VR20,5,60,1016743,0.03149240091443062,0.003131047822535038,11.521521031077159
vr20m,量比VR20,6,5,1046623,0.003947780001908541,0.0011513213394209743,14.627726688912459
vr20m,量比VR20,6,10,1043971,0.007336178794503212,0.0017955803778022528,15.56989237518924
vr20m,量比VR20,6,20,1038678,0.01347324438393116,0.0025551810394972563,15.67630350362951
vr20m,量比VR20,6,60,1017577,0.031773775815963745,0.0036606609355658293,13.306884355732638
vr20m,量比VR20,7,5,1046344,0.003900055540725589,0.0010829941602423787,13.022959678447204
vr20m,量比VR20,7,10,1043690,0.007246420718729496,0.0016855323920026422,14.191368197793816
vr20m,量比VR20,7,20,1038406,0.013012390583753586,0.002097965683788061,11.757815009577664
vr20m,量比VR20,7,60,1017306,0.030484966933727264,0.002439831616356969,7.9211887208599885
vr20m,量比VR20,8,5,1046066,0.0035791483242064714,0.0007370031089521945,6.914326128686035
vr20m,量比VR20,8,10,1043420,0.006702229380607605,0.0011214610422030091,7.810150583281093
vr20m,量比VR20,8,20,1038125,0.01217520423233509,0.0011437291977927089,5.371306065952298
vr20m,量比VR20,8,60,1017048,0.0293277595192194,0.001262774458155036,3.6185196894668246
vr20m,量比VR20,9,5,1046324,0.0027811815962195396,-0.0002089038898702711,-1.4177937647243313
vr20m,量比VR20,9,10,1043672,0.0056726946495473385,-0.00014085561269894242,-0.7068197571266623
vr20m,量比VR20,9,20,1038384,0.010632778517901897,-0.00075707514770329,-2.7103834827541604
vr20m,量比VR20,9,60,1017287,0.026418626308441162,-0.0020173920784145594,-4.803160013833538
vr20m,量比VR20,10,5,1047742,-0.0009396933019161224,-0.0041289981454610825,-15.552203462442575
vr20m,量比VR20,10,10,1045093,0.0001368833618471399,-0.006019786465913057,-18.708241340617775
vr20m,量比VR20,10,20,1039792,0.0034283052664250135,-0.008576789870858192,-19.630747626349944
vr20m,量比VR20,10,60,1018665,0.016926957294344902,-0.012333097867667675,-22.065980100460536
vt_5_20,量能趋势,1,5,1044860,0.002387495944276452,-0.000746726174838841,-4.166032751820596
vt_5_20,量能趋势,1,10,1042220,0.005060850642621517,-0.0010071290889754891,-3.9955135889843976
vt_5_20,量能趋势,1,20,1036926,0.010358036495745182,-0.00106220250017941,-2.7093880334884304
vt_5_20,量能趋势,1,60,1015865,0.02960836887359619,-0.001228701788932085,-1.6847781326551647
vt_5_20,量能趋势,2,5,1046281,0.0028503364883363247,-0.0001512522139819339,-1.1746627734261343
vt_5_20,量能趋势,2,10,1043636,0.005741709843277931,-3.665764961624518e-05,-0.20653874677620182
vt_5_20,量能趋势,2,20,1038340,0.01160401850938797,0.0004133922338951379,1.6033126115661402
vt_5_20,量能趋势,2,60,1017250,0.0304684080183506,0.0010923802619799972,2.645517887836921
vt_5_20,量能趋势,3,5,1046547,0.003312076209113002,0.0004354681877885014,4.112769995514437
vt_5_20,量能趋势,3,10,1043898,0.006352693308144808,0.0007296367548406124,4.997288285747742
vt_5_20,量能趋势,3,20,1038603,0.012217792682349682,0.0011884716805070639,5.7861526005688075
vt_5_20,量能趋势,3,60,1017519,0.03124134987592697,0.0023726343642920256,6.9356498184679625
vt_5_20,量能趋势,4,5,1046304,0.003564493265002966,0.000712424167431891,7.953904669634625
vt_5_20,量能趋势,4,10,1043659,0.006840953137725592,0.0012343759881332517,9.880789615936
vt_5_20,量能趋势,4,20,1038364,0.012743305414915085,0.0017839327920228243,9.971513154212918
vt_5_20,量能趋势,4,60,1017276,0.031549423933029175,0.0029049001168459654,9.867294627299641
vt_5_20,量能趋势,5,5,1045986,0.0037535354495048523,0.0009282386745326221,11.543484807567099
vt_5_20,量能趋势,5,10,1043340,0.007143616210669279,0.0015843060100451112,13.947358212543307
vt_5_20,量能趋势,5,20,1038039,0.013233184814453125,0.002331370487809181,14.047695256713746
vt_5_20,量能趋势,5,60,1016954,0.03186088055372238,0.00358787109144032,13.13882766769717
vt_5_20,量能趋势,6,5,1046841,0.003752088872715831,0.0009707928984425962,11.81929253192132
vt_5_20,量能趋势,6,10,1044193,0.00717389490455389,0.001702476991340518,14.37565322751607
vt_5_20,量能趋势,6,20,1038893,0.013248368166387081,0.0023876060731709003,14.476754814341744
vt_5_20,量能趋势,6,60,1017792,0.03148594871163368,0.0033656549639999866,11.87441064902987
vt_5_20,量能趋势,7,5,1046560,0.0036753681488335133,0.0008613904356025159,9.777967701670077
vt_5_20,量能趋势,7,10,1043908,0.006919777952134609,0.0013130526058375835,10.653453069320626
vt_5_20,量能趋势,7,20,1038620,0.012694492004811764,0.0016251977067440748,8.831940601081843
vt_5_20,量能趋势,7,60,1017528,0.03041653521358967,0.0022529405541718006,6.99969841041329
vt_5_20,量能趋势,8,5,1046292,0.0035090146120637655,0.0006327200680971146,6.167610959846234
vt_5_20,量能趋势,8,10,1043640,0.006438669748604298,0.0007775320555083454,5.306585013351094
vt_5_20,量能趋势,8,20,1038352,0.011996467597782612,0.0008944182191044092,3.994870580532334
vt_5_20,量能趋势,8,60,1017257,0.028924940153956413,0.0007889625267125666,2.140005086911641
vt_5_20,量能趋势,9,5,1046534,0.0028910727705806494,-0.00011574361269595101,-0.8293511754460785
vt_5_20,量能趋势,9,10,1043878,0.005397984758019447,-0.0004994323244318366,-2.5779294500282517
vt_5_20,量能趋势,9,20,1038599,0.010367472656071186,-0.0011580773862078786,-4.034503789642074
vt_5_20,量能趋势,9,60,1017493,0.026045309379696846,-0.0026523589622229338,-6.444380231101244
vt_5_20,量能趋势,10,5,1047965,-0.0004593089397531003,-0.0036913948133587837,-14.574298390584538
vt_5_20,量能趋势,10,10,1045315,0.0002803168317768723,-0.006055061239749193,-18.605277334408417
vt_5_20,量能趋势,10,20,1040018,0.003694571554660797,-0.008734561502933502,-18.8496721752942
vt_5_20,量能趋势,10,60,1018896,0.016517629846930504,-0.013261160813272,-22.559605883114873
ret5,过去5日涨幅,1,5,1047883,0.0027991649694740772,-0.00017007878341246396,-0.5540649994084573
ret5,过去5日涨幅,1,10,1045246,0.004548252560198307,-0.001312610344029963,-3.1069900453877897
ret5,过去5日涨幅,1,20,1039966,0.009951605461537838,-0.0014514554059132934,-2.5845456676781327
ret5,过去5日涨幅,1,60,1018872,0.025734785944223404,-0.004448567982763052,-5.637818453907153
ret5,过去5日涨幅,2,5,1049254,0.0035843076184391975,0.0008351615397259593,4.277578358619842
ret5,过去5日涨幅,2,10,1046607,0.006414896808564663,0.0009704263065941632,3.5429209474370897
ret5,过去5日涨幅,2,20,1041311,0.012952171266078949,0.0018391079502180219,5.01029067335585
ret5,过去5日涨幅,2,60,1020245,0.03273535147309303,0.0027592696715146303,4.807584484677294
ret5,过去5日涨幅,3,5,1049718,0.0037269259337335825,0.0009574100258760154,6.382976806646764
ret5,过去5日涨幅,3,10,1047070,0.006990378722548485,0.0016265823505818844,7.630096029561627
ret5,过去5日涨幅,3,20,1041780,0.013706015422940254,0.0026532053016126156,9.086294572492136
ret5,过去5日涨幅,3,60,1020659,0.03441038355231285,0.004758933559060097,10.584663764138313
ret5,过去5日涨幅,4,5,1049442,0.003862969344481826,0.0011097081005573273,9.00135184106493
ret5,过去5日涨幅,4,10,1046794,0.007120450958609581,0.0017344148363918066,9.776587412502586
ret5,过去5日涨幅,4,20,1041495,0.013806330971419811,0.002889715600758791,11.650361754305044
ret5,过去5日涨幅,4,60,1020470,0.03459152206778526,0.005194527562707663,13.899475418784522
ret5,过去5日涨幅,5,5,1048896,0.0038342394400388002,0.001050267368555069,9.251247178979083
ret5,过去5日涨幅,5,10,1046249,0.007258962839841843,0.0018222020007669926,11.385671607479553
ret5,过去5日涨幅,5,20,1040971,0.013934657908976078,0.0029319548048079014,13.12066044486639
ret5,过去5日涨幅,5,60,1019839,0.034550368785858154,0.00517833000048995,15.469940881845128
ret5,过去5日涨幅,6,5,1049844,0.003851690562441945,0.000982962315902114,8.872621761975461
ret5,过去5日涨幅,6,10,1047191,0.007245562504976988,0.0017010796582326293,11.009156598144775
ret5,过去5日涨幅,6,20,1041885,0.013786526396870613,0.002732754684984684,12.430179949436033
ret5,过去5日涨幅,6,60,1020789,0.03397682309150696,0.004640439059585333,14.045343389605073
ret5,过去5日涨幅,7,5,1049547,0.003771951887756586,0.0008508938481099904,7.0280823955011025
ret5,过去5日涨幅,7,10,1046894,0.007331248372793198,0.0016021985793486238,9.415821190501834
ret5,过去5日涨幅,7,20,1041602,0.013453387655317783,0.002252875594422221,9.658205723254625
ret5,过去5日涨幅,7,60,1020511,0.03387432172894478,0.004497614223510027,12.559663033361701
ret5,过去5日涨幅,8,5,1049404,0.0035405452363193035,0.0004859756154473871,3.2009178111320615
ret5,过去5日涨幅,8,10,1046757,0.006949508562684059,0.0009809680050238967,4.5420322730346205
ret5,过去5日涨幅,8,20,1041464,0.012378104962408543,0.0010085876565426588,3.4931757189586223
ret5,过去5日涨幅,8,60,1020373,0.03154148906469345,0.001743339467793703,3.996776144006513
ret5,过去5日涨幅,9,5,1049563,0.0024845022708177567,-0.0007298648706637323,-3.576398418827616
ret5,过去5日涨幅,9,10,1046919,0.005171525292098522,-0.0010384435299783945,-3.6001897411615524
ret5,过去5日涨幅,9,20,1041623,0.00947329867631197,-0.0022761065047234297,-5.741405708031115
ret5,过去5日涨幅,9,60,1020524,0.026794560253620148,-0.0036252783611416817,-6.044948382895855
ret5,过去5日涨幅,10,5,1051020,-0.002341475337743759,-0.0054357824847102165,-15.66982435051237
ret5,过去5日涨幅,10,10,1048361,-0.002018636791035533,-0.008182000368833542,-17.73766451775467
ret5,过去5日涨幅,10,20,1043058,-0.0005771408323198557,-0.012684510089457035,-19.78070464646881
ret5,过去5日涨幅,10,60,1021949,0.010034753009676933,-0.020943360403180122,-22.593704861220946
ret20,过去20日涨幅,1,5,1044644,0.00420901644974947,0.0014875560300424695,4.546685595898318
ret20,过去20日涨幅,1,10,1042002,0.007569576147943735,0.0021335124038159847,4.864072232558237
ret20,过去20日涨幅,1,20,1036713,0.014515875838696957,0.00374809093773365,6.340011100967163
ret20,过去20日涨幅,1,60,1015646,0.029384629800915718,0.0005832932074554265,0.6513495884623051
ret20,过去20日涨幅,2,5,1046068,0.0037052733823657036,0.0009736864012666047,4.640732289441188
ret20,过去20日涨幅,2,10,1043418,0.0073967184871435165,0.002030403586104512,7.0606550803080905
ret20,过去20日涨幅,2,20,1038120,0.01473276223987341,0.003913162276148796,9.495692378535509
ret20,过去20日涨幅,2,60,1017015,0.03348570689558983,0.004844514187425375,7.671787807074428
ret20,过去20日涨幅,3,5,1046346,0.0038627025205641985,0.001146776950918138,7.209421805137664
ret20,过去20日涨幅,3,10,1043702,0.00756380008533597,0.0022201701067388058,9.56562972698769
ret20,过去20日涨幅,3,20,1038415,0.014606265351176262,0.0037620929069817066,11.605709762802448
ret20,过去20日涨幅,3,60,1017312,0.034601639956235886,0.006180873140692711,12.811329636735643
ret20,过去20日涨幅,4,5,1046068,0.003845866769552231,0.001038642949424684,8.203025491493944
ret20,过去20日涨幅,4,10,1043420,0.007556156720966101,0.0020752353593707085,11.32711886745457
ret20,过去20日涨幅,4,20,1038137,0.01451190747320652,0.003631219267845154,13.771921603246252
ret20,过去20日涨幅,4,60,1017048,0.03437074273824692,0.006190575193613768,16.255155818705106
ret20,过去20日涨幅,5,5,1045798,0.004020117223262787,0.0012088892981410027,10.866305477263253
ret20,过去20日涨幅,5,10,1043163,0.0075930203311145306,0.002118119038641453,12.99380305033743
ret20,过去20日涨幅,5,20,1037873,0.013992106541991234,0.003089746693149209,13.602184799953855
ret20,过去20日涨幅,5,60,1016799,0.03441726788878441,0.0063450089655816555,18.89391765098417
ret20,过去20日涨幅,6,5,1046537,0.003933551721274853,0.0010248740436509252,9.306377629843164
ret20,过去20日涨幅,6,10,1043877,0.007380187511444092,0.0017257017316296697,11.246476825554033
ret20,过去20日涨幅,6,20,1038583,0.013461628928780556,0.002371781272813678,10.755947214705273
ret20,过去20日涨幅,6,60,1017491,0.033397890627384186,0.005185768939554691,15.044145039730935
ret20,过去20日涨幅,7,5,1046440,0.003649648744612932,0.00066612777300179,5.335030154713254
ret20,过去20日涨幅,7,10,1043796,0.006888739299029112,0.00102795974817127,6.059893105130785
ret20,过去20日涨幅,7,20,1038493,0.012336957268416882,0.0011600181460380554,4.803936608002944
ret20,过去20日涨幅,7,60,1017396,0.0314309187233448,0.0029168089386075735,7.775994510057094
ret20,过去20日涨幅,8,5,1046029,0.003050643252208829,-5.635993875330314e-05,-0.3520616976103819
ret20,过去20日涨幅,8,10,1043376,0.005516791716217995,-0.0005460117827169597,-2.474537001793515
ret20,过去20日涨幅,8,20,1038086,0.009761646389961243,-0.0016835989663377404,-5.515223542891048
ret20,过去20日涨幅,8,60,1016986,0.02764376811683178,-0.0013498880434781313,-2.8621170285552817
ret20,过去20日涨幅,9,5,1046337,0.001628472818993032,-0.001651465310715139,-7.3720038294534795
ret20,过去20日涨幅,9,10,1043687,0.003006127430126071,-0.003357775742188096,-10.385656317189072
ret20,过去20日涨幅,9,20,1038379,0.006074339617043734,-0.005943126045167446,-13.100090994636657
ret20,过去20日涨幅,9,60,1017295,0.021785752847790718,-0.007966355420649052,-12.272770525025773
ret20,过去20日涨幅,10,5,1047730,-0.0026808069087564945,-0.006003870628774166,-15.246943242066214
ret20,过去20日涨幅,10,10,1045073,-0.00312801287509501,-0.009685995988547802,-17.513236123800816
ret20,过去20日涨幅,10,20,1039782,-0.001997739542275667,-0.014376393519341946,-18.099047693202223
ret20,过去20日涨幅,10,60,1018669,0.006714250426739454,-0.0237140990793705,-22.556398360664268
ret60,过去60日涨幅,1,5,1035893,0.004819408990442753,0.0022388577926903963,7.222071567002789
ret60,过去60日涨幅,1,10,1033256,0.008348534815013409,0.003425504080951214,7.958443153344139
ret60,过去60日涨幅,1,20,1027972,0.01386241428554058,0.004308699630200863,7.219462797317676
ret60,过去60日涨幅,1,60,1006895,0.022835034877061844,-3.8685993786202744e-05,-0.04675113196174036
ret60,过去60日涨幅,2,5,1037308,0.003983084578067064,0.0014446716522797942,6.972819142892551
ret60,过去60日涨幅,2,10,1034662,0.007251216564327478,0.0022554812021553516,7.762196279823433
ret60,过去60日涨幅,2,20,1029373,0.01300843246281147,0.0033097043633461,8.193581311494802
ret60,过去60日涨幅,2,60,1008275,0.02568747289478779,0.0027364545967429876,4.788690156491805
ret60,过去60日涨幅,3,5,1037577,0.0036650674883276224,0.0010543664684519172,6.591696954024491
ret60,过去60日涨幅,3,10,1034924,0.006832339335232973,0.001704570953734219,7.420317305304022
ret60,过去60日涨幅,3,20,1029635,0.012627284973859787,0.0027237830217927694,8.293140464396336
ret60,过去60日涨幅,3,60,1008562,0.028393251821398735,0.004759557079523802,10.856277611457015
ret60,过去60日涨幅,4,5,1037305,0.0033560798037797213,0.0007458105101250112,5.731245303497915
ret60,过去60日涨幅,4,10,1034658,0.006484718527644873,0.00129883352201432,7.0759168175459655
ret60,过去60日涨幅,4,20,1029366,0.012295957654714584,0.0022717833053320646,8.51650787942587
ret60,过去60日涨幅,4,60,1008280,0.029290471225976944,0.005231281276792288,14.559770702255815
ret60,过去60日涨幅,5,5,1037046,0.003302863799035549,0.0006185774109326303,5.4555365546719425
ret60,过去60日涨幅,5,10,1034403,0.00640250276774168,0.0011459648376330733,7.1740725572484125
ret60,过去60日涨幅,5,20,1029105,0.012150865979492664,0.0019977795891463757,8.428179971988957
ret60,过去60日涨幅,5,60,1008021,0.029244542121887207,0.004935842007398605,14.308971204896578
ret60,过去60日涨幅,6,5,1037820,0.003114846535027027,0.0003206534020137042,3.076294825492384
ret60,过去60日涨幅,6,10,1035177,0.006174012552946806,0.0008183750323951244,5.4626177068200485
ret60,过去60日涨幅,6,20,1029873,0.011737200431525707,0.0015593265416100621,7.276361563315789
ret60,过去60日涨幅,6,60,1008769,0.029077939689159393,0.004614921286702156,13.330130767969955
ret60,过去60日涨幅,7,5,1037582,0.0029023054521530867,8.378263737540692e-05,0.731718259219663
ret60,过去60日涨幅,7,10,1034938,0.0056208474561572075,0.00019242252164985985,1.2044605590695638
ret60,过去60日涨幅,7,20,1029635,0.010743465274572372,0.0005172495148144662,2.3470357257150045
ret60,过去60日涨幅,7,60,1008538,0.027603119611740112,0.0029328882228583097,7.885068892993033
ret60,过去60日涨幅,8,5,1037342,0.002315417630597949,-0.0005712920683436096,-3.765324629085403
ret60,过去60日涨幅,8,10,1034688,0.0044907149858772755,-0.0010992782190442085,-5.23406107136672
ret60,过去60日涨幅,8,20,1029400,0.008936360478401184,-0.0014396206242963672,-4.918045304149778
ret60,过去60日涨幅,8,60,1008289,0.02533404342830181,0.0003546025254763663,0.7910585984111137
ret60,过去60日涨幅,9,5,1037552,0.001357323839329183,-0.0016581538366153836,-7.146329545011095
ret60,过去60日涨幅,9,10,1034897,0.0029458177741616964,-0.002804224379360676,-8.370847753352217
ret60,过去60日涨幅,9,20,1029607,0.006276445463299751,-0.004473232664167881,-9.479660475850935
ret60,过去60日涨幅,9,60,1008521,0.02069818042218685,-0.004748647101223469,-7.786229705278489
ret60,过去60日涨幅,10,5,1038968,-0.0017922569531947374,-0.004797549918293953,-11.12036797916467
ret60,过去60日涨幅,10,10,1036307,-0.002063998719677329,-0.007789914961904287,-12.906710951288744
ret60,过去60日涨幅,10,20,1031011,-0.0011943732388317585,-0.011786011978983879,-13.751132437318198
ret60,过去60日涨幅,10,60,1009903,0.0033105462789535522,-0.021879738196730614,-21.576253629056353
hv20,波动率,1,5,1044634,0.0024325058329850435,-0.0005844350671395659,-1.5822069567151413
hv20,波动率,1,10,1041987,0.004687202163040638,-0.001244845800101757,-2.325561658290494
hv20,波动率,1,20,1036701,0.00985486526042223,-0.0016906836535781622,-2.2810390946987322
hv20,波动率,1,60,1015664,0.028264280408620834,-0.00037734408397227526,-0.3535461001940184
hv20,波动率,2,5,1046065,0.003394488478079438,0.0004613826749846339,2.012862179170621
hv20,波动率,2,10,1043415,0.006393107119947672,0.0006253552273847163,1.9348312088294244
hv20,波动率,2,20,1038134,0.01210018526762724,0.0007844319916330278,1.6603517678862947
hv20,波动率,2,60,1017032,0.0315384566783905,0.0033294465392827988,4.729463172035419
hv20,波动率,3,5,1046334,0.0038951323367655277,0.0009978535817936063,5.960755507743529
hv20,波动率,3,10,1043689,0.007292048539966345,0.0015654530143365264,6.568290705777297
hv20,波动率,3,20,1038384,0.013502517715096474,0.00226276321336627,6.546811333045139
hv20,波动率,3,60,1017301,0.034210216253995895,0.005851279478520155,12.009594802092074
hv20,波动率,4,5,1046091,0.003944598603993654,0.0010226736776530743,8.085728468553201
hv20,波动率,4,10,1043446,0.007539427373558283,0.001875534188002348,10.459124333103714
hv20,波动率,4,20,1038154,0.014510792680084705,0.0034723258577287197,13.635838599437324
hv20,波动率,4,60,1017038,0.03617292270064354,0.00819205492734909,23.027751005626033
hv20,波动率,5,5,1045766,0.0038370320107787848,0.0009812633506953716,9.662086229303476
hv20,波动率,5,10,1043120,0.007418798748403788,0.0018356539076194167,12.779650283053368
hv20,波动率,5,20,1037825,0.01389602106064558,0.002898338483646512,14.38827199310329
hv20,波动率,5,60,1016733,0.03563246503472328,0.007613251451402903,24.14771945785956
hv20,波动率,6,5,1046614,0.0038178791292011738,0.0009577354067005217,9.566562346168453
hv20,波动率,6,10,1043961,0.007466878276318312,0.0018389325123280287,13.26994716817547
hv20,波动率,6,20,1038667,0.014023572206497192,0.003049186896532774,16.268673317997017
hv20,波动率,6,60,1017564,0.03458282724022865,0.005976340267807245,18.06173388577872
hv20,波动率,7,5,1046343,0.0033975967671722174,0.0005162407178431749,4.2245875481013355
hv20,波动率,7,10,1043691,0.0066768089309334755,0.001042496645823121,5.882709817706789
hv20,波动率,7,20,1038401,0.01302318274974823,0.001959261018782854,7.798988844022565
hv20,波动率,7,60,1017309,0.0331396758556366,0.004263030830770731,10.48436220177595
hv20,波动率,8,5,1046072,0.002810395322740078,-0.00016242460696958005,-0.9655324015445952
hv20,波动率,8,10,1043428,0.0056616258807480335,-0.0001705511094769463,-0.7109153915367191
hv20,波动率,8,20,1038127,0.011105392128229141,-0.00023322695051319897,-0.6876423672505662
hv20,波动率,8,60,1017042,0.02861633710563183,-0.0009362094569951296,-1.8172326755423358
hv20,波动率,9,5,1046326,0.002091317903250456,-0.0009621540084481239,-3.9774350795342253
hv20,波动率,9,10,1043683,0.004277365747839212,-0.00165473367087543,-4.8727951258933615
hv20,波动率,9,20,1038394,0.008596871979534626,-0.0027700678911060095,-5.652246710163601
hv20,波动率,9,60,1017296,0.022042933851480484,-0.00799595844000578,-11.960692740296357
hv20,波动率,10,5,1047752,-0.00040248388540931046,-0.003404557704925537,-8.065738481734012
hv20,波动率,10,10,1045094,-7.905683742137626e-05,-0.005990287289023399,-10.067096760351399
hv20,波动率,10,20,1039794,0.0013700486160814762,-0.010085771791636944,-12.331788359114446
hv20,波动率,10,60,1018678,0.0030367455910891294,-0.02670399658381939,-26.243449026373526
px_ma60_pct,距MA60,1,5,1042687,0.005063498858362436,0.0023844584356993437,6.91766142507813
px_ma60_pct,距MA60,1,10,1040047,0.009023038670420647,0.0036747530102729797,7.940718817463893
px_ma60_pct,距MA60,1,20,1034766,0.016394641250371933,0.005653239320963621,9.009420660575913
px_ma60_pct,距MA60,1,60,1013691,0.027175437659025192,-0.0003186740796081722,-0.34871538991091255
px_ma60_pct,距MA60,2,5,1044117,0.004254971165210009,0.0016030307160690427,7.190426597280384
px_ma60_pct,距MA60,2,10,1041467,0.007951430045068264,0.0027280249632894993,8.521043050234908
px_ma60_pct,距MA60,2,20,1036175,0.014999947510659695,0.00439072959125042,9.970184863887402
px_ma60_pct,距MA60,2,60,1015090,0.03131449595093727,0.004342533182352781,6.945892088083582
px_ma60_pct,距MA60,3,5,1044358,0.003781474893912673,0.0010210589971393347,6.170957336527427
px_ma60_pct,距MA60,3,10,1041718,0.007264313753694296,0.0018463620217517018,7.731806288827016
px_ma60_pct,距MA60,3,20,1036423,0.014099753461778164,0.0032883365638554096,9.780353170491964
px_ma60_pct,距MA60,3,60,1015335,0.033181507140398026,0.005981233436614275,12.46207238628768
px_ma60_pct,距MA60,4,5,1044122,0.0038513215258717537,0.0011021513491868973,8.437693576617503
px_ma60_pct,距MA60,4,10,1041480,0.007395741995424032,0.001953722443431616,10.395631006046148
px_ma60_pct,距MA60,4,20,1036192,0.014168763533234596,0.0032228725031018257,11.87662974436504
px_ma60_pct,距MA60,4,60,1015111,0.03471030667424202,0.007228466682136059,18.86208240949353
px_ma60_pct,距MA60,5,5,1043798,0.003738678991794586,0.0008935329969972372,8.22003281515575
px_ma60_pct,距MA60,5,10,1041153,0.007175284903496504,0.0016240710392594337,10.415899255154589
px_ma60_pct,距MA60,5,20,1035857,0.013849637471139431,0.0028136849869042635,12.600761511800908
px_ma60_pct,距MA60,5,60,1014768,0.03451675549149513,0.00697012385353446,21.72213367569183
px_ma60_pct,距MA60,6,5,1044674,0.003638187889009714,0.0007379622547887266,6.8226501833405315
px_ma60_pct,距MA60,6,10,1042026,0.006870439741760492,0.00127760402392596,8.578728071609474
px_ma60_pct,距MA60,6,20,1036732,0.012887921184301376,0.0019764534663408995,9.43181433249156
px_ma60_pct,距MA60,6,60,1015620,0.0332605354487896,0.005625950638204813,17.85057008770697
px_ma60_pct,距MA60,7,5,1044382,0.0033507414627820253,0.00034098015748895705,2.6620047953790746
px_ma60_pct,距MA60,7,10,1041726,0.006167163141071796,0.0003584806981962174,2.0633452105862022
px_ma60_pct,距MA60,7,20,1036428,0.011386318132281303,0.00029543432174250484,1.2246754571591345
px_ma60_pct,距MA60,7,60,1015324,0.03105609491467476,0.0031946697272360325,8.399941896455102
px_ma60_pct,距MA60,8,5,1044117,0.002645896514877677,-0.0004890459240414202,-2.9194934622803204
px_ma60_pct,距MA60,8,10,1041466,0.005175468046218157,-0.0008061529952101409,-3.4668243187516476
px_ma60_pct,距MA60,8,20,1036167,0.009273181669414043,-0.0019819464068859816,-6.267986901018016
px_ma60_pct,距MA60,8,60,1015064,0.0272491667419672,-0.000928641646169126,-1.9063549152599413
px_ma60_pct,距MA60,9,5,1044358,0.0013742168666794896,-0.001913160434924066,-8.11361429554887
px_ma60_pct,距MA60,9,10,1041711,0.0028000986203551292,-0.0034930426627397537,-10.265732009991371
px_ma60_pct,距MA60,9,20,1036419,0.0056746285408735275,-0.005992969032377005,-12.611068886223803
px_ma60_pct,距MA60,9,60,1015338,0.020038455724716187,-0.008655467070639133,-13.546543826030407
px_ma60_pct,距MA60,10,5,1045785,-0.002674242714419961,-0.005954901222139597,-13.868607497565202
px_ma60_pct,距MA60,10,10,1043121,-0.003292300272732973,-0.00958374422043562,-15.866797642302567
px_ma60_pct,距MA60,10,20,1037823,-0.002344207838177681,-0.014189346693456173,-16.567115691462057
px_ma60_pct,距MA60,10,60,1016717,0.004712966736406088,-0.024481361731886864,-23.110786581004756
rs_mkt20,相对强弱RS20,1,5,1044466,0.0042030890472233295,0.001483899774029851,4.534186005507303
rs_mkt20,相对强弱RS20,1,10,1041824,0.007560159545391798,0.002118923468515277,4.831780000404871
rs_mkt20,相对强弱RS20,1,20,1036535,0.014486683532595634,0.0037206350825726986,6.298109460244183
rs_mkt20,相对强弱RS20,1,60,1015468,0.029257791116833687,0.0004979691002517939,0.5584081051067294
rs_mkt20,相对强弱RS20,2,5,1045888,0.0036999692674726248,0.0009711941820569336,4.62758136353085
rs_mkt20,相对强弱RS20,2,10,1043238,0.007389841601252556,0.0020209457725286484,7.029103890630799
rs_mkt20,相对强弱RS20,2,20,1037940,0.014706349931657314,0.0038909849245101213,9.452308897202174
rs_mkt20,相对强弱RS20,2,60,1016835,0.03336147218942642,0.004763700999319553,7.603715933608797
rs_mkt20,相对强弱RS20,3,5,1046167,0.0038576850201934576,0.001144922454841435,7.195723012214443
rs_mkt20,相对强弱RS20,3,10,1043523,0.007553857285529375,0.0022044635843485594,9.516429747671967
rs_mkt20,相对强弱RS20,3,20,1038236,0.014578012749552727,0.00373627757653594,11.558711934358067
rs_mkt20,相对强弱RS20,3,60,1017133,0.03449879214167595,0.006143869366496801,12.767676198469298
rs_mkt20,相对强弱RS20,4,5,1045889,0.0038421947974711657,0.0010395220015197992,8.207280848267374
rs_mkt20,相对强弱RS20,4,10,1043241,0.007553134113550186,0.0020736861042678356,11.315081993982512
rs_mkt20,相对强弱RS20,4,20,1037958,0.014493064023554325,0.003624686971306801,13.746510116430418
rs_mkt20,相对强弱RS20,4,60,1016869,0.03428080305457115,0.006180003751069307,16.227834296622127
rs_mkt20,相对强弱RS20,5,5,1045619,0.004016883205622435,0.0012106694048270583,10.879874375419327
rs_mkt20,相对强弱RS20,5,10,1042984,0.007590762805193663,0.002118141856044531,12.989368385198354
rs_mkt20,相对强弱RS20,5,20,1037694,0.013976607471704483,0.00309006473980844,13.598791892640765
rs_mkt20,相对强弱RS20,5,60,1016620,0.03433237224817276,0.0063447775319218636,18.886462758528623
rs_mkt20,相对强弱RS20,6,5,1046358,0.00393108231946826,0.0010281846625730395,9.337378548714653
rs_mkt20,相对强弱RS20,6,10,1043698,0.007379039190709591,0.0017279376043006778,11.258278907522962
rs_mkt20,相对强弱RS20,6,20,1038404,0.013445007614791393,0.0023697142023593187,10.74324822564792
rs_mkt20,相对强弱RS20,6,60,1017312,0.033311162143945694,0.005181638058274984,15.027852469002603
rs_mkt20,相对强弱RS20,7,5,1046261,0.0036463479045778513,0.000667705200612545,5.34621105991531
rs_mkt20,相对强弱RS20,7,10,1043617,0.0068891616538167,0.0010333466343581676,6.0925770075258265
rs_mkt20,相对强弱RS20,7,20,1038314,0.012326034717261791,0.0011696011060848832,4.845728375992839
rs_mkt20,相对强弱RS20,7,60,1017217,0.03136619180440903,0.0029574076179414988,7.927973556084654
rs_mkt20,相对强弱RS20,8,5,1045850,0.0030457833781838417,-5.802437954116613e-05,-0.36235111998510894
rs_mkt20,相对强弱RS20,8,10,1043197,0.0055177784524858,-0.000539536529686302,-2.4453833979321438
rs_mkt20,相对强弱RS20,8,20,1037907,0.009754219092428684,-0.0016669380711391568,-5.466864424215147
rs_mkt20,相对强弱RS20,8,60,1016807,0.027588555589318275,-0.0012900358997285366,-2.756520469355349
rs_mkt20,相对强弱RS20,9,5,1046158,0.0016227776650339365,-0.001654909923672676,-7.385656416346589
rs_mkt20,相对强弱RS20,9,10,1043508,0.0030082527082413435,-0.0033490704372525215,-10.358838846244685
rs_mkt20,相对强弱RS20,9,20,1038200,0.006071947049349546,-0.005916354712098837,-13.059229572378419
rs_mkt20,相对强弱RS20,9,60,1017116,0.02173239178955555,-0.007903041318058968,-12.229182006554637
rs_mkt20,相对强弱RS20,10,5,1047550,-0.0026839228812605143,-0.006002005189657211,-15.237019001422398
rs_mkt20,相对强弱RS20,10,10,1044893,-0.0031199867371469736,-0.009665315970778465,-17.481919212066895
rs_mkt20,相对强弱RS20,10,20,1039602,-0.0019935956224799156,-0.014336388558149338,-18.06523301646335
rs_mkt20,相对强弱RS20,10,60,1018489,0.006675140932202339,-0.02362166717648506,-22.54774795868393
