entry,exit,n_sig,avg_hold,cagr,mdd,win,sharpe,exw,t_exw,n_active_days
R0_完整(超跌+缩量+没涨+低波+非D1),XA_固定持有5日,59380,4.993263725159987,-0.2615048511587923,-0.9771793472096626,0.48234827449424833,-1.3806763328123175,-0.0016096807365663635,-8.375909524343061,2521
R0_完整(超跌+缩量+没涨+低波+非D1),XA_固定持有10日,59380,9.977231391040755,-0.14488094830884635,-0.887538069720173,0.5034562211981567,-0.6342693378606999,-0.0010787919845121827,-6.402812147558385,2604
R0_完整(超跌+缩量+没涨+低波+非D1),XD_ATR2倍止损,59380,9.368693162681037,-0.1476252013981797,-0.8914639901257094,0.5032679738562091,-0.665256341886345,-0.0011085955691174218,-6.436155055381282,2601
R0_完整(超跌+缩量+没涨+低波+非D1),XD_ATR3倍止损,59380,9.761535870663524,-0.13989040043214251,-0.8797713801633622,0.5051863234729159,-0.6153822476823022,-0.00107291397881191,-6.313360934576585,2603
R1_去低波,XA_固定持有5日,177377,4.994965525406338,-0.4838775743056203,-0.9997712849297842,0.46429865893439654,-1.7920129331534773,-0.003097327304150505,-15.29136075481291,2759
R1_去低波,XA_固定持有10日,177377,9.98140683403147,-0.2681381881620427,-0.9897556180474671,0.49695885509839,-0.7750520805595738,-0.0016376108935169413,-9.677053461724956,2795
R1_去低波,XD_ATR2倍止损,177377,9.496338307672358,-0.27385868569544614,-0.9906432215648071,0.49946332737030413,-0.7984308313394536,-0.0016692705963874618,-9.83965123554178,2795
R1_去低波,XD_ATR3倍止损,177377,9.819193018260542,-0.26611083274051106,-0.9894358509777063,0.4991055456171735,-0.7671294840354298,-0.0016265224908101042,-9.60528793493221,2795
R2_去没涨,XA_固定持有5日,67079,4.991293847552885,-0.21791371518043623,-0.9618969121667101,0.49061032863849763,-1.119199733072347,-0.0014636331402444417,-8.12066175037361,2556
R2_去没涨,XA_固定持有10日,67079,9.972167146200748,-0.11662951642165853,-0.8375901829922767,0.5053394355453852,-0.4813411544940578,-0.001027293276472187,-6.198323405274195,2622
R2_去没涨,XD_ATR2倍止损,67079,9.363094261989595,-0.1233472975796891,-0.8502561694261607,0.5076335877862596,-0.5323792648878805,-0.0010653011692275895,-6.256639992295334,2620
R2_去没涨,XD_ATR3倍止损,67079,9.7555717884882,-0.11155999602524169,-0.8265859919215804,0.507058374666158,-0.4619589959701121,-0.0010220579549164875,-6.104451614949318,2621
R3_仅超跌+缩量,XA_固定持有5日,226881,4.993957184603382,-0.4906925999357048,-0.9997673474062907,0.4635809113742375,-1.829146492989994,-0.003177361649891656,-16.721309562919835,2787
R3_仅超跌+缩量,XA_固定持有10日,226881,9.978367514247557,-0.2704411109855296,-0.986380608963007,0.50124599501602,-0.7978520540408384,-0.0016797785415654505,-11.397841101670123,2809
R3_仅超跌+缩量,XD_ATR2倍止损,226881,9.50456847422217,-0.2772243359851688,-0.9877473917997138,0.5044499822000712,-0.8276651845778317,-0.00171799637066109,-11.600161250429162,2809
R3_仅超跌+缩量,XD_ATR3倍止损,226881,9.82021852865599,-0.2687146932907035,-0.9860191174373824,0.5030259878960485,-0.7916773217306543,-0.001670640307362936,-11.314977364068177,2809
R4_完整+0轴下,XA_固定持有5日,49756,4.993769595626658,-0.27728071729523296,-0.9795955052758243,0.46942148760330576,-1.5788073561155014,-0.001638841608224062,-8.876476639609868,2420
R4_完整+0轴下,XA_固定持有10日,49756,9.97925878286036,-0.1640312676480974,-0.9047239771988845,0.5021645021645021,-0.7757412720363398,-0.0010830863135973122,-6.408725805317047,2541
R4_完整+0轴下,XD_ATR2倍止损,49756,9.375070343275183,-0.17103811036378636,-0.913354508289271,0.5015748031496063,-0.8350297987499999,-0.001107396865154488,-6.4017367937151075,2540
R4_完整+0轴下,XD_ATR3倍止损,49756,9.763726987699975,-0.162452053047339,-0.9026228961082874,0.5025580480125935,-0.7756772777832166,-0.0010765090751521202,-6.316075808817306,2541
R5_完整但不剔除D1,XA_固定持有5日,66012,4.992789189844271,-0.26113461978878816,-0.9771931778354999,0.4809674861221253,-1.3921600331820985,-0.0016215406434190644,-8.480462779437817,2522
R5_完整但不剔除D1,XA_固定持有10日,66012,9.975716536387324,-0.13771241633278253,-0.8768088822507967,0.5044145873320537,-0.5950759369186956,-0.001057762496122979,-6.327370748747461,2605
R5_完整但不剔除D1,XD_ATR2倍止损,66012,9.355086953887172,-0.14083699465905064,-0.8817283199907711,0.5034588777863183,-0.6324627656082064,-0.001090520882548781,-6.4015888106752215,2602
R5_完整但不剔除D1,XD_ATR3倍止损,66012,9.757710719263164,-0.13387080063475632,-0.8703566729567415,0.5038402457757296,-0.5847366430132325,-0.0010584608442406255,-6.27294975450018,2604
R5b_仅D1(完整),XA_固定持有5日,6632,4.98854041013269,-0.12995534852064128,-0.8542391767066273,0.492,-0.7983010160666059,-0.001055346226876897,-3.119523094628006,1500
R5b_仅D1(完整),XA_固定持有10日,6632,9.962153196622436,-0.047838073799382874,-0.7587000857835131,0.5114300903774588,-0.09933142349835336,-0.0005966861775346661,-1.9778221599227983,1881
R5b_仅D1(完整),XD_ATR2倍止损,6632,9.233262967430639,-0.039036097093542166,-0.70486212140974,0.5139335476956056,-0.06415813534476657,-0.0005034813278199416,-1.6519834623375438,1866
R5b_仅D1(完整),XD_ATR3倍止损,6632,9.723462002412544,-0.0476982234593728,-0.7321453594690568,0.5111940298507462,-0.10618066241732654,-0.000577464593185542,-1.909857279502247,1876
R6_缩量更严(vz<-1.5),XA_固定持有5日,13177,4.9951430522880775,-0.30891667138025036,-0.988737944684308,0.47248322147651006,-1.7559060914712572,-0.001938231699996704,-8.11706298489576,2235
R6_缩量更严(vz<-1.5),XA_固定持有10日,13177,9.983380132048266,-0.17716156004968997,-0.9283384139337398,0.5006080259424402,-0.8092655103162033,-0.0011885243051707973,-6.260065865052543,2467
R6_缩量更严(vz<-1.5),XD_ATR2倍止损,13177,9.406617591257493,-0.17111741807158054,-0.922107087177083,0.49858127280097286,-0.7608307114070485,-0.0011521708333309154,-5.439945277493605,2467
R6_缩量更严(vz<-1.5),XD_ATR3倍止损,13177,9.778401760643545,-0.1713687747206536,-0.9223757723544918,0.5042561815970815,-0.7890531738642123,-0.0011591806322199393,-5.974282231829375,2467
R7_用VR低位替vz,XA_固定持有5日,64919,4.9940387251806095,-0.28916910920778294,-0.9871535970021398,0.4759083728278041,-1.639527461832692,-0.0018686754276618976,-10.882024847011992,2532
R7_用VR低位替vz,XA_固定持有10日,64919,9.978989201928558,-0.12957585554862783,-0.8856142344966645,0.4996189024390244,-0.5388264511995292,-0.0011420320610429115,-6.699603136648936,2624
R7_用VR低位替vz,XD_ATR2倍止损,64919,9.35068315901354,-0.13626100636346705,-0.8950777417621351,0.5013343499809378,-0.5850711797029744,-0.0011618440169324298,-6.7382617790844135,2623
R7_用VR低位替vz,XD_ATR3倍止损,64919,9.750504474807068,-0.13001000298348364,-0.8862625488163544,0.5015243902439024,-0.547007606518435,-0.0011457520420722837,-6.6627644034036235,2624
R8_仅缩量+没涨+低波(无超跌),XA_固定持有5日,571817,4.992522083114003,-0.2072030048504958,-0.960860974122527,0.49236918604651164,-0.9270855617557602,-0.0015124815587577076,-8.716669694827392,2752
R8_仅缩量+没涨+低波(无超跌),XA_固定持有10日,571817,9.966132521418565,-0.08428325909876755,-0.8419982378968836,0.5150322118826056,-0.23973040437825377,-0.0008483846986312044,-4.797450218309011,2794
R8_仅缩量+没涨+低波(无超跌),XD_ATR2倍止损,571817,9.123053354482291,-0.10248261745206855,-0.8592116932141779,0.514367816091954,-0.3407085385512052,-0.0009938978103002703,-5.7574880913656505,2784
R8_仅缩量+没涨+低波(无超跌),XD_ATR3倍止损,571817,9.620910186300861,-0.09455546136781523,-0.8513364872199054,0.5158045977011494,-0.30123355012891206,-0.0009571367817874469,-5.631620300895209,2784
R9_仅超跌+没涨+低波(无缩量),XA_固定持有5日,222614,4.99411537459459,-0.35676650081510164,-0.9956849403386249,0.4502082544490723,-2.0103787958533545,-0.00230306851263716,-13.191714616965653,2641
R9_仅超跌+没涨+低波(无缩量),XA_固定持有10日,222614,9.98010906771362,-0.1911880904571711,-0.9464145220630429,0.4836309523809524,-0.8941772855567144,-0.0013752721014217782,-7.706651206137348,2688
R9_仅超跌+没涨+低波(无缩量),XD_ATR2倍止损,222614,9.290974511935458,-0.19606964312060193,-0.949713486275051,0.48251488095238093,-0.9329460652310866,-0.001402677564743234,-7.728040571960038,2688
R9_仅超跌+没涨+低波(无缩量),XD_ATR3倍止损,222614,9.719990656472639,-0.190426248317775,-0.9455264651552155,0.4836309523809524,-0.895838636011426,-0.0013724101192887242,-7.598676472798179,2688
