entry,exit,seg,n_sig,cagr,mdd,win,exw,t_exw,n_days
R0_完整(超跌+缩量+没涨+低波+非D1),XA_固定持有5日,训练2015-2022,35773,-0.2698258095986108,-0.9312253284521697,0.48911729141475213,-0.0016389914301707866,-6.6360348925194375,1947
R0_完整(超跌+缩量+没涨+低波+非D1),XA_固定持有5日,验证2023-2024,10003,-0.2292684979397136,-0.5103611897232526,0.44493392070484583,-0.0010896348254166523,-2.6071094947656976,484
R0_完整(超跌+缩量+没涨+低波+非D1),XA_固定持有5日,测试2025-2026,13604,-0.2707850072665261,-0.4571532832253409,0.4963680387409201,-0.002063968766688042,-4.780487218145234,418
R0_完整(超跌+缩量+没涨+低波+非D1),XA_固定持有10日,训练2015-2022,35773,-0.15741972594302978,-0.8041826948880516,0.508130081300813,-0.001087127603565512,-5.164203276085787,1947
R0_完整(超跌+缩量+没涨+低波+非D1),XA_固定持有10日,验证2023-2024,10003,-0.14039802604939589,-0.38043432758495854,0.46881720430107526,-0.0008361481955809083,-2.1785489608221127,484
R0_完整(超跌+缩量+没涨+低波+非D1),XA_固定持有10日,测试2025-2026,13604,-0.09697155572425187,-0.24938221810926908,0.5227817745803357,-0.0013149440848556097,-3.2020698005955492,418
R0_完整(超跌+缩量+没涨+低波+非D1),XD_ATR2倍止损,训练2015-2022,35773,-0.15332642830680399,-0.7967060526693752,0.5090168702734148,-0.001084654734314101,-5.1154125998624655,1947
R0_完整(超跌+缩量+没涨+低波+非D1),XD_ATR2倍止损,验证2023-2024,10003,-0.15253538648922182,-0.3767476128084223,0.46881720430107526,-0.0009084555293164587,-2.1608824727095897,484
R0_完整(超跌+缩量+没涨+低波+非D1),XD_ATR2倍止损,测试2025-2026,13604,-0.1220684504361289,-0.28093736470539155,0.5179856115107914,-0.0014304646663221125,-3.4593474195473033,418
R0_完整(超跌+缩量+没涨+低波+非D1),XD_ATR3倍止损,训练2015-2022,35773,-0.14702118439365153,-0.7848270035235553,0.5095874491574666,-0.0010591063702645727,-5.010255461171335,1947
R0_完整(超跌+缩量+没涨+低波+非D1),XD_ATR3倍止损,验证2023-2024,10003,-0.14142202351788768,-0.3617070561488922,0.4731182795698925,-0.0008500209462492146,-2.1530514458596346,484
R0_完整(超跌+缩量+没涨+低波+非D1),XD_ATR3倍止损,测试2025-2026,13604,-0.111113365649951,-0.2684515729066954,0.5227817745803357,-0.001378449121381745,-3.334472056940254,418
R1_去低波,XA_固定持有5日,训练2015-2022,107084,-0.546781974055314,-0.9988935846336989,0.4667738478027867,-0.0035226432768383675,-13.384176735316569,1947
R1_去低波,XA_固定持有5日,验证2023-2024,26595,-0.3355727260423097,-0.5852756176763552,0.4369747899159664,-0.002080195088265649,-4.927906040707928,484
R1_去低波,XA_固定持有5日,测试2025-2026,43698,-0.3183884131502074,-0.5624774333372902,0.4844124700239808,-0.002355157831070506,-5.6845037631427875,418
R1_去低波,XA_固定持有10日,训练2015-2022,107084,-0.331441302033491,-0.9813639922571781,0.498416050686378,-0.0018978695095718927,-8.699038606461006,1947
R1_去低波,XA_固定持有10日,验证2023-2024,26595,-0.12883181742951777,-0.4458187740980214,0.4772727272727273,-0.0009352954590415957,-2.731049349799947,484
R1_去低波,XA_固定持有10日,测试2025-2026,43698,-0.10323415936558133,-0.3855815668690291,0.513189448441247,-0.0012706824797950919,-3.3378477824764086,418
R1_去低波,XD_ATR2倍止损,训练2015-2022,107084,-0.33380355660946415,-0.9818626935940854,0.5005279831045406,-0.001910598339389413,-8.733820048323995,1947
R1_去低波,XD_ATR2倍止损,验证2023-2024,26595,-0.14419253951138877,-0.4621609435640035,0.4772727272727273,-0.0010097195677638202,-2.912040404475936,484
R1_去低波,XD_ATR2倍止损,测试2025-2026,43698,-0.11818397404387238,-0.39441458857671297,0.5203836930455635,-0.0013386901470065196,-3.5476100305044467,418
R1_去低波,XD_ATR3倍止损,训练2015-2022,107084,-0.32707300568275277,-0.9804035530922112,0.5,-0.0018711269233078367,-8.579119142321431,1947
R1_去低波,XD_ATR3倍止损,验证2023-2024,26595,-0.13512852375389994,-0.45311361774171544,0.4793388429752066,-0.0009664968370700356,-2.8133825266077594,484
R1_去低波,XD_ATR3倍止损,测试2025-2026,43698,-0.1058628068550761,-0.386938231165352,0.5179856115107914,-0.0012816103115762618,-3.3483210796954457,418
R2_去没涨,XA_固定持有5日,训练2015-2022,40472,-0.21816720847933624,-0.8994371397350024,0.49524940617577196,-0.0014509111578702761,-6.483609796691349,1947
R2_去没涨,XA_固定持有5日,验证2023-2024,11484,-0.19733069190259722,-0.4694550652459928,0.4638949671772429,-0.0010290032968218433,-2.3647069664062235,484
R2_去没涨,XA_固定持有5日,测试2025-2026,15123,-0.24971041475723832,-0.4265457560428694,0.5012048192771085,-0.0019938732770208804,-4.72828373715478,418
R2_去没涨,XA_固定持有10日,训练2015-2022,40472,-0.13454561300055945,-0.7614875591725565,0.5063291139240507,-0.0010684239022364247,-5.307098330666693,1947
R2_去没涨,XA_固定持有10日,验证2023-2024,11484,-0.09429695759185086,-0.3719708988898073,0.4817987152034261,-0.000751007689511102,-1.828520120043951,484
R2_去没涨,XA_固定持有10日,测试2025-2026,15123,-0.06200068473764009,-0.20959589338235585,0.5275779376498801,-0.001165279707005955,-2.818085068651453,418
R2_去没涨,XD_ATR2倍止损,训练2015-2022,40472,-0.13512465608579138,-0.7615647930509832,0.5109447004608295,-0.0010741085841383152,-5.261184270409435,1947
R2_去没涨,XD_ATR2倍止损,验证2023-2024,11484,-0.10843165008976274,-0.34308585643123235,0.48394004282655245,-0.0008295046547333566,-1.8626563087322043,484
R2_去没涨,XD_ATR2倍止损,测试2025-2026,15123,-0.09072493826901795,-0.23381946309993773,0.5203836930455635,-0.0012927047663110092,-3.09905249831349,418
R2_去没涨,XD_ATR3倍止损,训练2015-2022,40472,-0.12384444561815255,-0.7378766969027852,0.5083477259643063,-0.0010406332372550388,-5.135788668586151,1947
R2_去没涨,XD_ATR3倍止损,验证2023-2024,11484,-0.09486819863109341,-0.3516695037477666,0.4860813704496788,-0.0007626783680659497,-1.8093483700510542,484
R2_去没涨,XD_ATR3倍止损,测试2025-2026,15123,-0.07800197895154426,-0.22273807973222293,0.5251798561151079,-0.001235163474430006,-2.9712876618416737,418
R3_仅超跌+缩量,XA_固定持有5日,训练2015-2022,135449,-0.5615688189840833,-0.9990005579787499,0.4650793650793651,-0.0036693783002621715,-15.575262801592954,1947
R3_仅超跌+缩量,XA_固定持有5日,验证2023-2024,35097,-0.2981839953453791,-0.5429843169974831,0.44166666666666665,-0.001965918432373846,-4.321117698526702,484
R3_仅超跌+缩量,XA_固定持有5日,测试2025-2026,56335,-0.3185125428984824,-0.5574897670473383,0.48201438848920863,-0.0023418251395997455,-5.356489452622637,418
R3_仅超跌+缩量,XA_固定持有10日,训练2015-2022,135449,-0.34310616074510436,-0.9773931178476725,0.5036687631027253,-0.0020153033605193457,-11.459627096410484,1947
R3_仅超跌+缩量,XA_固定持有10日,验证2023-2024,35097,-0.09509859902734541,-0.4217662545543681,0.4793388429752066,-0.0007786158171998932,-2.235277774882693,484
R3_仅超跌+缩量,XA_固定持有10日,测试2025-2026,56335,-0.08845057977712412,-0.38570689919730794,0.5155875299760192,-0.0011905253138170052,-2.876387410861365,418
R3_仅超跌+缩量,XD_ATR2倍止损,训练2015-2022,135449,-0.3469276580771806,-0.9783754228989016,0.5083857442348009,-0.0020381645176286807,-11.504255736314096,1947
R3_仅超跌+缩量,XD_ATR2倍止损,验证2023-2024,35097,-0.11174685035977328,-0.44057854611583447,0.4772727272727273,-0.0008559591051701148,-2.421514388890987,484
R3_仅超跌+缩量,XD_ATR2倍止损,测试2025-2026,56335,-0.10245410789066178,-0.3889203162279924,0.5179856115107914,-0.001253596399638233,-3.068839788784002,418
R3_仅超跌+缩量,XD_ATR3倍止损,训练2015-2022,135449,-0.3392971368313189,-0.9763704957621888,0.5062893081761006,-0.0019920709413858055,-11.31425001192994,1947
R3_仅超跌+缩量,XD_ATR3倍止损,验证2023-2024,35097,-0.10160822325774521,-0.4294678297918014,0.4772727272727273,-0.0008096937819868387,-2.3137504599539667,484
R3_仅超跌+缩量,XD_ATR3倍止损,测试2025-2026,56335,-0.09057851555498186,-0.38728743637272944,0.5179856115107914,-0.0011991977859394255,-2.889424316954616,418
R4_完整+0轴下,XA_固定持有5日,训练2015-2022,30162,-0.30497189903517363,-0.9466755198788052,0.47455470737913485,-0.0018483713014600571,-7.931214162257539,1947
R4_完整+0轴下,XA_固定持有5日,验证2023-2024,8008,-0.18530726446681822,-0.4673474593169685,0.4383561643835616,-0.0006240320125183516,-1.6430353829044595,484
R4_完整+0轴下,XA_固定持有5日,测试2025-2026,11586,-0.25810876892261203,-0.44561931259738974,0.48292682926829267,-0.0019195877671316628,-4.072692761715526,418
R4_完整+0轴下,XA_固定持有10日,训练2015-2022,30162,-0.2033452765345084,-0.8578703459804013,0.5002992220227409,-0.0012478243733708325,-5.875896534761917,1947
R4_完整+0轴下,XA_固定持有10日,验证2023-2024,8008,-0.07487082527136935,-0.37699488869217423,0.473568281938326,-0.00035508370436672945,-0.9906685709329724,484
R4_完整+0轴下,XA_固定持有10日,测试2025-2026,11586,-0.07832926764464965,-0.25910827011995174,0.5408653846153846,-0.0012158648874173424,-2.834031245057023,418
R4_完整+0轴下,XD_ATR2倍止损,训练2015-2022,30162,-0.2045739855786879,-0.8595383838664498,0.5005988023952096,-0.001230134393775291,-5.745962139913837,1947
R4_完整+0轴下,XD_ATR2倍止损,验证2023-2024,8008,-0.0906598682516443,-0.35256623526133324,0.47577092511013214,-0.0004408513317437091,-1.1071629279743613,484
R4_完整+0轴下,XD_ATR2倍止损,测试2025-2026,11586,-0.10618562287134892,-0.29474269164642064,0.5336538461538461,-0.001342108402105818,-3.09931369330475,418
R4_完整+0轴下,XD_ATR3倍止损,训练2015-2022,30162,-0.1985662787769218,-0.8511415222335408,0.5002992220227409,-0.0012205786977734709,-5.72185750627329,1947
R4_完整+0轴下,XD_ATR3倍止损,验证2023-2024,8008,-0.0761841879147025,-0.35971449590813664,0.47577092511013214,-0.000369360964261174,-0.9974883134162833,484
R4_完整+0轴下,XD_ATR3倍止损,测试2025-2026,11586,-0.09046148773047458,-0.27504326196258,0.5408653846153846,-0.0012695497072295545,-2.9474485470418106,418
R5_完整但不剔除D1,XA_固定持有5日,训练2015-2022,40077,-0.2670959621538569,-0.9298384914573201,0.48882175226586105,-0.0016418659993238972,-6.691535125882084,1947
R5_完整但不剔除D1,XA_固定持有5日,验证2023-2024,10830,-0.24369737584996132,-0.5250431644684911,0.43832599118942733,-0.001174384127798406,-2.8158724385628386,484
R5_完整但不剔除D1,XA_固定持有5日,测试2025-2026,15105,-0.26496957400787147,-0.44766024673678806,0.4963680387409201,-0.0020316389341437134,-4.705533391305982,418
R5_完整但不剔除D1,XA_固定持有10日,训练2015-2022,40077,-0.1510744107073917,-0.7938155470200097,0.5072547881601858,-0.0010775790438366717,-5.170100591289806,1947
R5_完整但不剔除D1,XA_固定持有10日,验证2023-2024,10830,-0.12841427516159076,-0.3795970695562736,0.4752688172043011,-0.0007761350781874757,-2.0209330005539443,484
R5_完整但不剔除D1,XA_固定持有10日,测试2025-2026,15105,-0.09120869252486019,-0.24227339841015127,0.5251798561151079,-0.0012899275743707395,-3.165750458692093,418
R5_完整但不剔除D1,XD_ATR2倍止损,训练2015-2022,40077,-0.14699581213169355,-0.7860831131132939,0.5069767441860465,-0.0010760511590611741,-5.11682027071063,1947
R5_完整但不剔除D1,XD_ATR2倍止损,验证2023-2024,10830,-0.1426941920824485,-0.3607634302846787,0.4752688172043011,-0.0008617530894186885,-2.0993797480391354,484
R5_完整但不剔除D1,XD_ATR2倍止损,测试2025-2026,15105,-0.11641729966053638,-0.2745177778153609,0.5203836930455635,-0.0014053049310000442,-3.4240507071167237,418
R5_完整但不剔除D1,XD_ATR3倍止损,训练2015-2022,40077,-0.14185910808050795,-0.7759841687748142,0.5063879210220673,-0.0010563682459998635,-5.04311298793769,1947
R5_完整但不剔除D1,XD_ATR3倍止损,验证2023-2024,10830,-0.13119389959572114,-0.358685900949399,0.4752688172043011,-0.0008006472786090566,-2.0264063947752486,484
R5_完整但不剔除D1,XD_ATR3倍止损,测试2025-2026,15105,-0.10568704523789396,-0.26189320009340455,0.5251798561151079,-0.001354592168435523,-3.301479100331913,418
R5b_仅D1(完整),XA_固定持有5日,训练2015-2022,4304,-0.12987604665489283,-0.7319824972943023,0.5015353121801432,-0.0010764363352241699,-2.5879930708487944,1947
R5b_仅D1(完整),XA_固定持有5日,验证2023-2024,827,-0.18206002689804168,-0.45993129007777467,0.4359861591695502,-0.0012427173220987211,-1.5092958916857127,484
R5b_仅D1(完整),XA_固定持有5日,测试2025-2026,1501,-0.07267918616246438,-0.25488879767509465,0.5213675213675214,-0.0007358792081829102,-0.9067195354263899,418
R5b_仅D1(完整),XA_固定持有10日,训练2015-2022,4304,-0.05001541546208765,-0.5737139750807352,0.5132957292506044,-0.0006673199596223326,-1.8258634871986028,1947
R5b_仅D1(完整),XA_固定持有10日,验证2023-2024,827,-0.10004355626131778,-0.46454264195517603,0.4672364672364672,-0.0008478783572604589,-1.0759572735773955,484
R5b_仅D1(完整),XA_固定持有10日,测试2025-2026,1501,0.024654640668066108,-0.20352901232906584,0.5570934256055363,1.1704752065843697e-05,0.01690911105643135,418
R5b_仅D1(完整),XD_ATR2倍止损,训练2015-2022,4304,-0.043524545977693285,-0.5505830260607965,0.5167074164629177,-0.0005621237088533771,-1.528878281762252,1947
R5b_仅D1(完整),XD_ATR2倍止损,验证2023-2024,827,-0.04603454507448479,-0.3786279894430631,0.4714285714285714,-0.0005459016170920204,-0.679241499375307,484
R5b_仅D1(完整),XD_ATR2倍止损,测试2025-2026,1501,-0.011576155655632747,-0.20977899594372718,0.5536332179930796,-0.00020313079919276894,-0.28952291578726497,418
R5b_仅D1(完整),XD_ATR3倍止损,训练2015-2022,4304,-0.05017770771153174,-0.5742763140983393,0.5141471301535974,-0.0006357340132613232,-1.740415402308759,1947
R5b_仅D1(完整),XD_ATR3倍止损,验证2023-2024,827,-0.07526658101621242,-0.404831168033601,0.4657142857142857,-0.0007145348289878689,-0.8985428821872702,484
R5b_仅D1(完整),XD_ATR3倍止损,测试2025-2026,1501,-0.005273301549619802,-0.2172138517059682,0.5536332179930796,-0.00016205332964036614,-0.23297712316737734,418
R6_缩量更严(vz<-1.5),XA_固定持有5日,训练2015-2022,7932,-0.30692512953446016,-0.9534079157010166,0.47980501392757663,-0.0020143998314642243,-6.551839835111593,1947
R6_缩量更严(vz<-1.5),XA_固定持有5日,验证2023-2024,1887,-0.3765460386613452,-0.6493226857810833,0.44339622641509435,-0.0015869238684137702,-3.5009146164482967,484
R6_缩量更严(vz<-1.5),XA_固定持有5日,测试2025-2026,3358,-0.246555023459058,-0.40646859753473896,0.47733333333333333,-0.002043770590140182,-3.3251821893311444,418
R6_缩量更严(vz<-1.5),XA_固定持有10日,训练2015-2022,7932,-0.18123582907222047,-0.8489465176596301,0.5077591558038486,-0.0012299543725525794,-5.208956702520185,1947
R6_缩量更严(vz<-1.5),XA_固定持有10日,验证2023-2024,1887,-0.1846630913723868,-0.42788178580648284,0.4742729306487696,-0.0006975294292599824,-1.7860682691657859,484
R6_缩量更严(vz<-1.5),XA_固定持有10日,测试2025-2026,3358,-0.15762754584044003,-0.3071159541282701,0.5012224938875306,-0.0015619494175915388,-3.038133859740116,418
R6_缩量更严(vz<-1.5),XD_ATR2倍止损,训练2015-2022,7932,-0.16369730883885347,-0.8219184514058219,0.505276225946617,-0.0011208490230109989,-4.432833663313076,1947
R6_缩量更严(vz<-1.5),XD_ATR2倍止损,验证2023-2024,1887,-0.18973558277634373,-0.43314348769086275,0.4742729306487696,-0.0007342636971161243,-1.322240287685313,484
R6_缩量更严(vz<-1.5),XD_ATR2倍止损,测试2025-2026,3358,-0.19165090862514922,-0.35291599864369494,0.49877750611246946,-0.0017322782326301767,-3.3218305795993652,418
R6_缩量更严(vz<-1.5),XD_ATR3倍止损,训练2015-2022,7932,-0.16084055492711025,-0.8173703673177276,0.5127250155183116,-0.001112053970947597,-4.720122176673083,1947
R6_缩量更严(vz<-1.5),XD_ATR3倍止损,验证2023-2024,1887,-0.2137063059222445,-0.46615504356002346,0.47874720357941836,-0.0008687663657684313,-1.9456329447475418,484
R6_缩量更严(vz<-1.5),XD_ATR3倍止损,测试2025-2026,3358,-0.1779519944162864,-0.3346250460038386,0.49877750611246946,-0.001662203195578295,-3.1949128539349294,418
R7_用VR低位替vz,XA_固定持有5日,训练2015-2022,41360,-0.3026755282525907,-0.9567175960877641,0.48110377924415115,-0.001966419747036553,-9.482708739580108,1947
R7_用VR低位替vz,XA_固定持有5日,验证2023-2024,11385,-0.2733792808084582,-0.5614423891587146,0.44370860927152317,-0.001419841941110768,-3.3740160999787494,484
R7_用VR低位替vz,XA_固定持有5日,测试2025-2026,12174,-0.25574252636573624,-0.45506425632092684,0.49029126213592233,-0.0019666894786573145,-4.443012088754825,418
R7_用VR低位替vz,XA_固定持有10日,训练2015-2022,41360,-0.15600566896753165,-0.8283616164364945,0.5017321016166282,-0.0012478154529352002,-5.971912654928736,1947
R7_用VR低位替vz,XA_固定持有10日,验证2023-2024,11385,-0.07263837296236875,-0.38588652063968554,0.47578947368421054,-0.0006967539887823051,-1.6907300011913096,484
R7_用VR低位替vz,XA_固定持有10日,测试2025-2026,12174,-0.07301771754915642,-0.2486534450912452,0.5179856115107914,-0.001209874386142058,-2.873659464225194,418
R7_用VR低位替vz,XD_ATR2倍止损,训练2015-2022,41360,-0.1579257302690631,-0.8309314460633371,0.5037550548815714,-0.0012337458276096172,-5.874441516544747,1947
R7_用VR低位替vz,XD_ATR2倍止损,验证2023-2024,11385,-0.08519168943263467,-0.4001310565498052,0.48,-0.0007625131430997309,-1.7791359728083171,484
R7_用VR低位替vz,XD_ATR2倍止损,测试2025-2026,12174,-0.09731948477285235,-0.27997687242522906,0.5155875299760192,-0.001318247208271328,-3.121849648198337,418
R7_用VR低位替vz,XD_ATR3倍止损,训练2015-2022,41360,-0.1510315864438152,-0.8205062353500732,0.5046189376443418,-0.0012217724057358634,-5.819087103831209,1947
R7_用VR低位替vz,XD_ATR3倍止损,验证2023-2024,11385,-0.08755397463494086,-0.4048142740704509,0.47578947368421054,-0.0007700026486202686,-1.8220146231287007,484
R7_用VR低位替vz,XD_ATR3倍止损,测试2025-2026,12174,-0.08409566525278489,-0.2634884870229399,0.5179856115107914,-0.0012580150924904774,-2.9723653264201224,418
R8_仅缩量+没涨+低波(无超跌),XA_固定持有5日,训练2015-2022,324218,-0.2279554748554644,-0.9241659658645113,0.5010706638115632,-0.0016397199781485123,-6.923439130499329,1947
R8_仅缩量+没涨+低波(无超跌),XA_固定持有5日,验证2023-2024,136038,-0.16585020009610518,-0.45314004565786414,0.45905172413793105,-0.0009568666531336426,-3.494199793687801,484
R8_仅缩量+没涨+低波(无超跌),XA_固定持有5日,测试2025-2026,111292,-0.15352926668643763,-0.3099395731348439,0.49160671462829736,-0.0015752151725700338,-5.194511993248702,418
R8_仅缩量+没涨+低波(无超跌),XA_固定持有10日,训练2015-2022,324218,-0.10386340349830925,-0.7980581173470397,0.521259842519685,-0.0009133005407942624,-3.769118490420427,1947
R8_仅缩量+没涨+低波(无超跌),XA_固定持有10日,验证2023-2024,136038,-0.06281558032777257,-0.38432898635670487,0.4840085287846482,-0.0005171023018433497,-1.976888546135869,484
R8_仅缩量+没涨+低波(无超跌),XA_固定持有10日,测试2025-2026,111292,-0.006311427706536699,-0.23381572346017676,0.5227817745803357,-0.0009362754477072117,-3.0907370378035384,418
R8_仅缩量+没涨+低波(无超跌),XD_ATR2倍止损,训练2015-2022,324218,-0.1213964018362298,-0.8186670960248852,0.5213720316622691,-0.0010831444877468623,-4.72863275933318,1947
R8_仅缩量+没涨+低波(无超跌),XD_ATR2倍止损,验证2023-2024,136038,-0.0776183917691402,-0.36423351353128763,0.47761194029850745,-0.0005947914417834333,-1.7528257421090048,484
R8_仅缩量+没涨+低波(无超跌),XD_ATR2倍止损,测试2025-2026,111292,-0.03317080530779537,-0.2479608555679782,0.5251798561151079,-0.0010500726586625579,-3.3418141720299728,418
R8_仅缩量+没涨+低波(无超跌),XD_ATR3倍止损,训练2015-2022,324218,-0.11349511518600974,-0.8105464623830427,0.5234828496042216,-0.001047325001154194,-4.598223512710383,1947
R8_仅缩量+没涨+低波(无超跌),XD_ATR3倍止损,验证2023-2024,136038,-0.0736295069958457,-0.3711631507221069,0.47761194029850745,-0.0005714926638367661,-1.8345364385440717,484
R8_仅缩量+没涨+低波(无超跌),XD_ATR3倍止损,测试2025-2026,111292,-0.019842419518346532,-0.23981212049604528,0.5251798561151079,-0.0009936604015960068,-3.2573632853443533,418
R9_仅超跌+没涨+低波(无缩量),XA_固定持有5日,训练2015-2022,120526,-0.3870827178303453,-0.9834645389581785,0.4490846681922197,-0.0024348639468257296,-11.623209696181311,1947
R9_仅超跌+没涨+低波(无缩量),XA_固定持有5日,验证2023-2024,58218,-0.2776384341030814,-0.623231295663317,0.4264705882352941,-0.001730071923306966,-3.8319375914574354,484
R9_仅超跌+没涨+低波(无缩量),XA_固定持有5日,测试2025-2026,43870,-0.3119781617319245,-0.5155687749617356,0.48201438848920863,-0.0024046703293267324,-5.579276768806165,418
R9_仅超跌+没涨+低波(无缩量),XA_固定持有10日,训练2015-2022,120526,-0.23139970867757909,-0.909925700438855,0.4846110800223839,-0.0015141400539560412,-6.847164057174217,1947
R9_仅超跌+没涨+低波(无缩量),XA_固定持有10日,验证2023-2024,58218,-0.12212996477839078,-0.4681057251223474,0.4628099173553719,-0.0009773879450226891,-2.296440894874426,484
R9_仅超跌+没涨+低波(无缩量),XA_固定持有10日,测试2025-2026,43870,-0.07752466685114257,-0.24999622070184369,0.5035971223021583,-0.0012419840930726926,-2.9157759057326573,418
R9_仅超跌+没涨+低波(无缩量),XD_ATR2倍止损,训练2015-2022,120526,-0.23711028803680312,-0.9145564687689445,0.4840514829322888,-0.001546911857637048,-6.960798201937488,1947
R9_仅超跌+没涨+低波(无缩量),XD_ATR2倍止损,验证2023-2024,58218,-0.11051308355431988,-0.453883476521442,0.45661157024793386,-0.000931232883068373,-2.0579820675512646,484
R9_仅超跌+没涨+低波(无缩量),XD_ATR2倍止损,测试2025-2026,43870,-0.09765618620801841,-0.2743271414618277,0.5059952038369304,-0.001331772395748957,-3.0859564903141967,418
R9_仅超跌+没涨+低波(无缩量),XD_ATR3倍止损,训练2015-2022,120526,-0.23171638213029433,-0.9101642793788853,0.485170677112479,-0.0015161533782389236,-6.836488438300295,1947
R9_仅超跌+没涨+低波(无缩量),XD_ATR3倍止损,验证2023-2024,58218,-0.1060929660082357,-0.44919193645199085,0.45661157024793386,-0.000909791037753326,-2.0402467019979422,484
R9_仅超跌+没涨+低波(无缩量),XD_ATR3倍止损,测试2025-2026,43870,-0.08905271569344797,-0.264802581610862,0.5083932853717026,-0.0012933655910372295,-3.0110622559485543,418
