entry,exit,train,test,n_sig,cagr,win,exw,t_exw
R0_完整(超跌+缩量+没涨+低波+非D1),XA_固定持有5日,2015-2019,2020,3382,-0.19070281028787361,0.5307017543859649,-0.001874676793751487,-2.164874103996883
R0_完整(超跌+缩量+没涨+低波+非D1),XA_固定持有5日,2016-2020,2021,4615,-0.18645098586034992,0.5102880658436214,-0.0018791853240305281,-5.209930838231636
R0_完整(超跌+缩量+没涨+低波+非D1),XA_固定持有5日,2017-2021,2022,7514,-0.5168770717267747,0.4767932489451477,-0.00236514248336194,-4.957336380171561
R0_完整(超跌+缩量+没涨+低波+非D1),XA_固定持有5日,2018-2022,2023,6680,-0.13440206456118864,0.4628099173553719,-0.001070958679742837,-2.7245528573141957
R0_完整(超跌+缩量+没涨+低波+非D1),XA_固定持有5日,2019-2023,2024,3323,-0.3137379100067226,0.42452830188679247,-0.0011109538218933655,-1.4322520363744777
R0_完整(超跌+缩量+没涨+低波+非D1),XA_固定持有5日,2020-2024,2025,9436,-0.23259821482774357,0.49794238683127573,-0.0025527738011128748,-4.973737873726328
R0_完整(超跌+缩量+没涨+低波+非D1),XA_固定持有5日,2021-2025,2026,4168,-0.3206793342969083,0.49411764705882355,-0.0013652650998337212,-1.8245620545761994
R0_完整(超跌+缩量+没涨+低波+非D1),XA_固定持有10日,2015-2019,2020,3382,0.1183698355009144,0.5390946502057613,-0.0003619772072212336,-0.5379712087827625
R0_完整(超跌+缩量+没涨+低波+非D1),XA_固定持有10日,2016-2020,2021,4615,-0.050721786766005805,0.5637860082304527,-0.0012688941128694167,-4.001058001761768
R0_完整(超跌+缩量+没涨+低波+非D1),XA_固定持有10日,2017-2021,2022,7514,-0.33082461486528036,0.5206611570247934,-0.001199545816519083,-2.4750906798250303
R0_完整(超跌+缩量+没涨+低波+非D1),XA_固定持有10日,2018-2022,2023,6680,-0.016899834231364985,0.48760330578512395,-0.0005734755748623561,-1.8622379849844695
R0_完整(超跌+缩量+没涨+低波+非D1),XA_固定持有10日,2019-2023,2024,3323,-0.2483822306732537,0.4484304932735426,-0.0011212009947463328,-1.540683198305877
R0_完整(超跌+缩量+没涨+低波+非D1),XA_固定持有10日,2020-2024,2025,9436,-0.09016349705902638,0.5185185185185185,-0.0018791185516897286,-4.0835198265732435
R0_完整(超跌+缩量+没涨+低波+非D1),XA_固定持有10日,2021-2025,2026,4168,-0.10634063231890356,0.5287356321839081,-0.0005270452604838231,-0.7093892824647313
R0_完整(超跌+缩量+没涨+低波+非D1),XD_ATR2倍止损,2015-2019,2020,3382,0.1750256311941527,0.5394190871369294,-0.00046815918099946916,-0.6888946081336371
R0_完整(超跌+缩量+没涨+低波+非D1),XD_ATR2倍止损,2016-2020,2021,4615,-0.061068883311683586,0.551440329218107,-0.0013126157831322067,-4.169916034560143
R0_完整(超跌+缩量+没涨+低波+非D1),XD_ATR2倍止损,2017-2021,2022,7514,-0.3401455663411338,0.5289256198347108,-0.0012539935354176075,-2.586290565500494
R0_完整(超跌+缩量+没涨+低波+非D1),XD_ATR2倍止损,2018-2022,2023,6680,-0.016826875577329203,0.49173553719008267,-0.0005731780123461255,-1.8557970176491216
R0_完整(超跌+缩量+没涨+低波+非D1),XD_ATR2倍止损,2019-2023,2024,3323,-0.26951189641732265,0.4439461883408072,-0.0012722992921273138,-1.5699383073342206
R0_完整(超跌+缩量+没涨+低波+非D1),XD_ATR2倍止损,2020-2024,2025,9436,-0.1305830835305073,0.51440329218107,-0.0020649020702468274,-4.432057406895786
R0_完整(超跌+缩量+没涨+低波+非D1),XD_ATR2倍止损,2021-2025,2026,4168,-0.11010681239378772,0.5229885057471264,-0.0005444400160134599,-0.731773659893436
R0_完整(超跌+缩量+没涨+低波+非D1),XD_ATR3倍止损,2015-2019,2020,3382,0.1617294168399277,0.5371900826446281,-0.00039705149089221597,-0.5887644661155849
R0_完整(超跌+缩量+没涨+低波+非D1),XD_ATR3倍止损,2016-2020,2021,4615,-0.051043029800854955,0.5637860082304527,-0.0012702807155057008,-4.004553848209821
R0_完整(超跌+缩量+没涨+低波+非D1),XD_ATR3倍止损,2017-2021,2022,7514,-0.33038706367716475,0.5206611570247934,-0.0011971695085865749,-2.4667005692620325
R0_完整(超跌+缩量+没涨+低波+非D1),XD_ATR3倍止损,2018-2022,2023,6680,-0.016109443565387682,0.49173553719008267,-0.0005703400555146757,-1.8453885162070975
R0_完整(超跌+缩量+没涨+低波+非D1),XD_ATR3倍止损,2019-2023,2024,3323,-0.2507742483357094,0.452914798206278,-0.001153531150544095,-1.5333110883336063
R0_完整(超跌+缩量+没涨+低波+非D1),XD_ATR3倍止损,2020-2024,2025,9436,-0.11381276752603908,0.5185185185185185,-0.001984853170194467,-4.2487352518320245
R0_完整(超跌+缩量+没涨+低波+非D1),XD_ATR3倍止损,2021-2025,2026,4168,-0.10735141198228537,0.5287356321839081,-0.000531574501488116,-0.7158848031759759
R1_去低波,XA_固定持有5日,2015-2019,2020,15882,-0.4911849190876223,0.46473029045643155,-0.003585474563361005,-6.1359610400495255
R1_去低波,XA_固定持有5日,2016-2020,2021,17443,-0.28421259909468743,0.5020576131687243,-0.002351794264262269,-5.725807597347464
R1_去低波,XA_固定持有5日,2017-2021,2022,20362,-0.5541578296310257,0.4793388429752066,-0.0027700835486492155,-5.977116389200847
R1_去低波,XA_固定持有5日,2018-2022,2023,14003,-0.24121235467461943,0.4462809917355372,-0.0015793870516518753,-3.808289371967794
R1_去低波,XA_固定持有5日,2019-2023,2024,12592,-0.4181987475698281,0.42735042735042733,-0.0025981247671568166,-3.49475165731092
R1_去低波,XA_固定持有5日,2020-2024,2025,23680,-0.17115091225482792,0.4897119341563786,-0.0021908368644869298,-4.932415651283048
R1_去低波,XA_固定持有5日,2021-2025,2026,20018,-0.4804901442027606,0.47701149425287354,-0.0025846405602648103,-3.3276870058660664
R1_去低波,XA_固定持有10日,2015-2019,2020,15882,-0.25020587078181133,0.49382716049382713,-0.0018970895121391653,-4.554236288503888
R1_去低波,XA_固定持有10日,2016-2020,2021,17443,-0.11112797022996201,0.5432098765432098,-0.0014939861114484207,-4.097246759404626
R1_去低波,XA_固定持有10日,2017-2021,2022,20362,-0.4386624156747041,0.49586776859504134,-0.0018673100133622849,-4.8540929241247905
R1_去低波,XA_固定持有10日,2018-2022,2023,14003,-0.04995723785367712,0.48760330578512395,-0.0006920343442883848,-1.8918015022946826
R1_去低波,XA_固定持有10日,2019-2023,2024,12592,-0.20115806091866517,0.4669421487603306,-0.001178556573794807,-2.0337989872930717
R1_去低波,XA_固定持有10日,2020-2024,2025,23680,0.023472282552393642,0.522633744855967,-0.0013564005974483315,-3.2753076306935665
R1_去低波,XA_固定持有10日,2021-2025,2026,20018,-0.2535870209378315,0.5,-0.0011509726947966019,-1.627742146415004
R1_去低波,XD_ATR2倍止损,2015-2019,2020,15882,-0.24085978661060992,0.49382716049382713,-0.0018458760086616343,-4.43959737766303
R1_去低波,XD_ATR2倍止损,2016-2020,2021,17443,-0.11561495260295251,0.551440329218107,-0.0015137215628624736,-4.1451379234068355
R1_去低波,XD_ATR2倍止损,2017-2021,2022,20362,-0.4439291315685643,0.5,-0.001906230632080935,-4.873210128698498
R1_去低波,XD_ATR2倍止损,2018-2022,2023,14003,-0.053736194386994174,0.48760330578512395,-0.0007073944538075514,-1.9230711593769578
R1_去低波,XD_ATR2倍止损,2019-2023,2024,12592,-0.22600187697816398,0.4669421487603306,-0.0013120446817200889,-2.231053479118741
R1_去低波,XD_ATR2倍止损,2020-2024,2025,23680,-0.0005629335841614846,0.5308641975308642,-0.0014518012946458066,-3.5113446294265263
R1_去低波,XD_ATR2倍止损,2021-2025,2026,20018,-0.2589099314303541,0.5057471264367817,-0.0011807245787516531,-1.693021999125355
R1_去低波,XD_ATR3倍止损,2015-2019,2020,15882,-0.2430683359751471,0.49794238683127573,-0.0018590222498726812,-4.465246762633873
R1_去低波,XD_ATR3倍止损,2016-2020,2021,17443,-0.10856355626968195,0.5473251028806584,-0.0014824971774011328,-4.063632672010461
R1_去低波,XD_ATR3倍止损,2017-2021,2022,20362,-0.4379259417912502,0.49586776859504134,-0.0018629049456216022,-4.810372030007879
R1_去低波,XD_ATR3倍止损,2018-2022,2023,14003,-0.05140349160515656,0.48760330578512395,-0.0006980359249593773,-1.9041679073249327
R1_去低波,XD_ATR3倍止损,2019-2023,2024,12592,-0.21146381648628232,0.47107438016528924,-0.0012349577491806943,-2.1239886777452224
R1_去低波,XD_ATR3倍止损,2020-2024,2025,23680,0.020143132482233428,0.5267489711934157,-0.0013679996911938961,-3.2481305316058675
R1_去低波,XD_ATR3倍止损,2021-2025,2026,20018,-0.2554415515944931,0.5057471264367817,-0.0011609630745240494,-1.6457654677624622
R2_去没涨,XA_固定持有5日,2015-2019,2020,4091,-0.08640987097466346,0.5391304347826087,-0.0014023067797724977,-2.1016967116773215
R2_去没涨,XA_固定持有5日,2016-2020,2021,5288,-0.15749672841729256,0.5308641975308642,-0.001742784275961424,-5.198251694424612
R2_去没涨,XA_固定持有5日,2017-2021,2022,8032,-0.4644266349896976,0.502092050209205,-0.0019771768913481023,-4.014197475029383
R2_去没涨,XA_固定持有5日,2018-2022,2023,7514,-0.11057324842687799,0.47107438016528924,-0.0009621753550574694,-2.411178761239272
R2_去没涨,XA_固定持有5日,2019-2023,2024,3970,-0.2756255453054076,0.4558139534883721,-0.0011042235847612777,-1.3636081433796408
R2_去没涨,XA_固定持有5日,2020-2024,2025,10622,-0.2198957249214888,0.5061728395061729,-0.0024920000292422144,-5.0400747400582
R2_去没涨,XA_固定持有5日,2021-2025,2026,4501,-0.2892299876971747,0.4941860465116279,-0.0012901244352198089,-1.7475340960648595
R2_去没涨,XA_固定持有10日,2015-2019,2020,4091,0.10262856248649221,0.5390946502057613,-0.00042478888445975934,-0.6978446686834736
R2_去没涨,XA_固定持有10日,2016-2020,2021,5288,-0.02896517056311343,0.5432098765432098,-0.0011801440405150908,-3.91177539545153
R2_去没涨,XA_固定持有10日,2017-2021,2022,8032,-0.3025446367293255,0.5206611570247934,-0.0010364618952593827,-2.1639743024823366
R2_去没涨,XA_固定持有10日,2018-2022,2023,7514,0.00539301954874194,0.49173553719008267,-0.00048378086884831204,-1.5300512517791953
R2_去没涨,XA_固定持有10日,2019-2023,2024,3970,-0.1841021520165741,0.4711111111111111,-0.0010384249810684138,-1.3274072934920524
R2_去没涨,XA_固定持有10日,2020-2024,2025,10622,-0.04143834928344603,0.5267489711934157,-0.0016748217028794883,-3.5537027347164707
R2_去没涨,XA_固定持有10日,2021-2025,2026,4501,-0.08982351729774429,0.5287356321839081,-0.00045367795414808925,-0.6137479805111368
R2_去没涨,XD_ATR2倍止损,2015-2019,2020,4091,0.1299930365133033,0.5495867768595041,-0.0005117284313237633,-0.8331993564730762
R2_去没涨,XD_ATR2倍止损,2016-2020,2021,5288,-0.03868253739840466,0.5555555555555556,-0.0012202952716391373,-4.073194915899018
R2_去没涨,XD_ATR2倍止损,2017-2021,2022,8032,-0.313472174616544,0.5289256198347108,-0.0010978231889538852,-2.2922619649831217
R2_去没涨,XD_ATR2倍止损,2018-2022,2023,7514,0.005853892853787013,0.5,-0.00048180630027876424,-1.5173033968102247
R2_去没涨,XD_ATR2倍止损,2019-2023,2024,3970,-0.20973202151019488,0.4666666666666667,-0.001203473551524518,-1.4004768870812505
R2_去没涨,XD_ATR2倍止损,2020-2024,2025,10622,-0.08730848359472065,0.522633744855967,-0.001875390267674623,-3.9137473695489273
R2_去没涨,XD_ATR2倍止损,2021-2025,2026,4501,-0.09544773170700338,0.5172413793103449,-0.0004789543247514805,-0.6472492860023878
R2_去没涨,XD_ATR3倍止损,2015-2019,2020,4091,0.14511265351011948,0.5495867768595041,-0.00046072886169442603,-0.7547750043372029
R2_去没涨,XD_ATR3倍止损,2016-2020,2021,5288,-0.029234327934923643,0.5432098765432098,-0.001181283476363467,-3.914763250721887
R2_去没涨,XD_ATR3倍止损,2017-2021,2022,8032,-0.30262484900088915,0.5206611570247934,-0.0010372204978548426,-2.163325917900813
R2_去没涨,XD_ATR3倍止损,2018-2022,2023,7514,0.0061378066240611595,0.49586776859504134,-0.0004808485858587173,-1.5150942854590235
R2_去没涨,XD_ATR3倍止损,2019-2023,2024,3970,-0.18573422799980677,0.47555555555555556,-0.0010658019560399509,-1.3221121398655402
R2_去没涨,XD_ATR3倍止损,2020-2024,2025,10622,-0.06824050552322014,0.522633744855967,-0.0017898200800989638,-3.7528930349304104
R2_去没涨,XD_ATR3倍止损,2021-2025,2026,4501,-0.09138712132069093,0.5287356321839081,-0.0004605568354785304,-0.6235365779128594
R3_仅超跌+缩量,XA_固定持有5日,2015-2019,2020,22357,-0.4519528799009087,0.49173553719008267,-0.003141504153658339,-4.968861491155321
R3_仅超跌+缩量,XA_固定持有5日,2016-2020,2021,22433,-0.25026983222995736,0.5061728395061729,-0.0021650854106291897,-5.391014281192784
R3_仅超跌+缩量,XA_固定持有5日,2017-2021,2022,23910,-0.5440915646815603,0.4793388429752066,-0.0026792316013023467,-5.656608410991178
R3_仅超跌+缩量,XA_固定持有5日,2018-2022,2023,17614,-0.20554929257487486,0.4380165289256198,-0.0013919003347775405,-3.1226788236558916
R3_仅超跌+缩量,XA_固定持有5日,2019-2023,2024,17483,-0.38001728768578713,0.44537815126050423,-0.0025495838929549637,-3.198442577057176
R3_仅超跌+缩量,XA_固定持有5日,2020-2024,2025,31522,-0.16146401279684752,0.4732510288065844,-0.002136943384924352,-4.929050864025779
R3_仅超跌+缩量,XA_固定持有5日,2021-2025,2026,24813,-0.48902718691500235,0.4942528735632184,-0.0026279531073360707,-3.0684455867422225
R3_仅超跌+缩量,XA_固定持有10日,2015-2019,2020,22357,-0.19505841032645832,0.5020576131687243,-0.0016085636759700017,-3.7801831538070503
R3_仅超跌+缩量,XA_固定持有10日,2016-2020,2021,22433,-0.09389736321356057,0.5390946502057613,-0.0014138905892198655,-3.778884364510742
R3_仅超跌+缩量,XA_固定持有10日,2017-2021,2022,23910,-0.42443125913708735,0.512396694214876,-0.00176405402106971,-4.395644438177457
R3_仅超跌+缩量,XA_固定持有10日,2018-2022,2023,17614,-0.02686126056353877,0.4834710743801653,-0.0005923883064113436,-1.4997404557818137
R3_仅超跌+缩量,XA_固定持有10日,2019-2023,2024,17483,-0.15855107571150495,0.47520661157024796,-0.000964843327988443,-1.6794850764538582
R3_仅超跌+缩量,XA_固定持有10日,2020-2024,2025,31522,0.04431846033391307,0.5185185185185185,-0.001269770442281587,-3.1322607564605778
R3_仅超跌+缩量,XA_固定持有10日,2021-2025,2026,24813,-0.24528796181182955,0.5114942528735632,-0.0010798553930302618,-1.3231464221552762
R3_仅超跌+缩量,XD_ATR2倍止损,2015-2019,2020,22357,-0.18568806744581312,0.5061728395061729,-0.0015606452452606521,-3.650659839626216
R3_仅超跌+缩量,XD_ATR2倍止损,2016-2020,2021,22433,-0.09827809413087074,0.5432098765432098,-0.0014326607629835647,-3.8104990329454127
R3_仅超跌+缩量,XD_ATR2倍止损,2017-2021,2022,23910,-0.4286751272715078,0.5165289256198347,-0.0017952036311793403,-4.395017500224165
R3_仅超跌+缩量,XD_ATR2倍止损,2018-2022,2023,17614,-0.02932069444126284,0.48760330578512395,-0.0006018695899671905,-1.5136388334015365
R3_仅超跌+缩量,XD_ATR2倍止损,2019-2023,2024,17483,-0.1871737108976208,0.4669421487603306,-0.0011100486203730392,-1.8976276758029007
R3_仅超跌+缩量,XD_ATR2倍止损,2020-2024,2025,31522,0.023220956917206825,0.522633744855967,-0.001351804969036727,-3.3535532331444924
R3_仅超跌+缩量,XD_ATR2倍止损,2021-2025,2026,24813,-0.2517801475947563,0.5114942528735632,-0.001116443052719646,-1.3912119714902331
R3_仅超跌+缩量,XD_ATR3倍止损,2015-2019,2020,22357,-0.18659074501940465,0.5061728395061729,-0.0015662919429643512,-3.6765842300329106
R3_仅超跌+缩量,XD_ATR3倍止损,2016-2020,2021,22433,-0.09203767262727558,0.5390946502057613,-0.0014056798852912908,-3.751356527329597
R3_仅超跌+缩量,XD_ATR3倍止损,2017-2021,2022,23910,-0.4234765590133791,0.512396694214876,-0.0017584250208819024,-4.352884082349418
R3_仅超跌+缩量,XD_ATR3倍止损,2018-2022,2023,17614,-0.027963708757461125,0.4834710743801653,-0.0005967881812272191,-1.5071360866107457
R3_仅超跌+缩量,XD_ATR3倍止损,2019-2023,2024,17483,-0.16967319863500985,0.47107438016528924,-0.0010225993827464586,-1.7702204932329053
R3_仅超跌+缩量,XD_ATR3倍止损,2020-2024,2025,31522,0.04292968168096567,0.522633744855967,-0.001273722010085667,-3.0922914108245108
R3_仅超跌+缩量,XD_ATR3倍止损,2021-2025,2026,24813,-0.24810127443815344,0.5114942528735632,-0.00109512085221795,-1.346890980170852
R4_完整+0轴下,XA_固定持有5日,2015-2019,2020,2696,-0.15430176656549677,0.5502392344497608,-0.001640993033740095,-2.391000364399205
R4_完整+0轴下,XA_固定持有5日,2016-2020,2021,3837,-0.21680183556719823,0.49382716049382713,-0.002029054721797372,-5.2417863595984535
R4_完整+0轴下,XA_固定持有5日,2017-2021,2022,6774,-0.4986158265469808,0.4721030042918455,-0.0022395485709265253,-4.35556478702502
R4_完整+0轴下,XA_固定持有5日,2018-2022,2023,5420,-0.1321598611192113,0.45,-0.001072122970264951,-3.087495116859796
R4_完整+0轴下,XA_固定持有5日,2019-2023,2024,2588,-0.23519986735516696,0.42424242424242425,-8.089145767398837e-05,-0.11134397284615216
R4_完整+0轴下,XA_固定持有5日,2020-2024,2025,7902,-0.22412649932745288,0.47520661157024796,-0.002472962794161482,-4.266212540177064
R4_完整+0轴下,XA_固定持有5日,2021-2025,2026,3684,-0.30284141842919576,0.49404761904761907,-0.0011224642162910897,-1.4222390213861635
R4_完整+0轴下,XA_固定持有10日,2015-2019,2020,2696,0.04494817323517353,0.5608695652173913,-0.0009351276405233364,-1.4681500353576438
R4_完整+0轴下,XA_固定持有10日,2016-2020,2021,3837,-0.04438566493343543,0.5349794238683128,-0.0012406594229716287,-3.453699985722474
R4_完整+0轴下,XA_固定持有10日,2017-2021,2022,6774,-0.37599874494087215,0.5,-0.0014659005953115052,-2.995685160998288
R4_完整+0轴下,XA_固定持有10日,2018-2022,2023,5420,0.01710765347498122,0.49173553719008267,-0.00043896336157356325,-1.4821152664444304
R4_完整+0轴下,XA_固定持有10日,2019-2023,2024,2588,-0.1585315605383658,0.4528301886792453,-0.00025933428434760786,-0.3758018579132112
R4_完整+0轴下,XA_固定持有10日,2020-2024,2025,7902,-0.09697055005427813,0.5432098765432098,-0.0019062070565320928,-3.888930494944088
R4_完整+0轴下,XA_固定持有10日,2021-2025,2026,3684,-0.05180465965236403,0.5375722543352601,-0.0002461935169266818,-0.32223674112481177
R4_完整+0轴下,XD_ATR2倍止损,2015-2019,2020,2696,0.03410123149444222,0.5565217391304348,-0.0009790657617983285,-1.529238638403723
R4_完整+0轴下,XD_ATR2倍止损,2016-2020,2021,3837,-0.053297173803294906,0.5267489711934157,-0.0012780851084763657,-3.578714199808557
R4_完整+0轴下,XD_ATR2倍止损,2017-2021,2022,6774,-0.3805426922904275,0.5083333333333333,-0.00149337207260018,-3.052038371242931
R4_完整+0轴下,XD_ATR2倍止损,2018-2022,2023,5420,0.015893804215015184,0.49173553719008267,-0.0004439297347927337,-1.4871752970666956
R4_完整+0轴下,XD_ATR2倍止损,2019-2023,2024,2588,-0.1860374856335837,0.45754716981132076,-0.000437337305621709,-0.5586850144334695
R4_完整+0轴下,XD_ATR2倍止损,2020-2024,2025,7902,-0.14088912066946824,0.5349794238683128,-0.00211033243667909,-4.237401942879556
R4_完整+0轴下,XD_ATR2倍止损,2021-2025,2026,3684,-0.05566051176383635,0.5317919075144508,-0.00026304227261850574,-0.34356215209951707
R4_完整+0轴下,XD_ATR3倍止损,2015-2019,2020,2696,0.04494151801978297,0.5565217391304348,-0.0009349945875427196,-1.468247710367228
R4_完整+0轴下,XD_ATR3倍止损,2016-2020,2021,3837,-0.04432502419737794,0.5308641975308642,-0.0012404479070220798,-3.4533840426732407
R4_完整+0轴下,XD_ATR3倍止损,2017-2021,2022,6774,-0.3750847388694767,0.5,-0.0014603416090493277,-2.982242564031673
R4_完整+0轴下,XD_ATR3倍止损,2018-2022,2023,5420,0.01862193386282729,0.48760330578512395,-0.0004331889883739916,-1.4558481841340998
R4_完整+0轴下,XD_ATR3倍止损,2019-2023,2024,2588,-0.16216642673065995,0.46226415094339623,-0.00029650067258522216,-0.41319307689109924
R4_完整+0轴下,XD_ATR3倍止损,2020-2024,2025,7902,-0.11686418550699562,0.5432098765432098,-0.001996087705376518,-4.039488692085195
R4_完整+0轴下,XD_ATR3倍止损,2021-2025,2026,3684,-0.05248539211269487,0.5375722543352601,-0.00024903679653757657,-0.326026883973337
R5_完整但不剔除D1,XA_固定持有5日,2015-2019,2020,3885,-0.18013656019317792,0.5394736842105263,-0.0018278912918601653,-2.1164125135718748
R5_完整但不剔除D1,XA_固定持有5日,2016-2020,2021,5185,-0.19190589488053045,0.5185185185185185,-0.0019066162177447648,-5.466010630522152
R5_完整但不剔除D1,XA_固定持有5日,2017-2021,2022,8517,-0.5028771466839422,0.4767932489451477,-0.0022504617815505283,-4.838699088710102
R5_完整但不剔除D1,XA_固定持有5日,2018-2022,2023,7198,-0.1312715413221961,0.45454545454545453,-0.0010582665322965241,-2.724118833059093
R5_完整但不剔除D1,XA_固定持有5日,2019-2023,2024,3632,-0.34157370628009287,0.419811320754717,-0.0013069334585128186,-1.6833451788102778
R5_完整但不剔除D1,XA_固定持有5日,2020-2024,2025,10436,-0.2272419962149581,0.5020576131687243,-0.002524646682689399,-4.923352292244571
R5_完整但不剔除D1,XA_固定持有5日,2021-2025,2026,4669,-0.3143218979793243,0.48823529411764705,-0.0013269278582813504,-1.7718784207642178
R5_完整但不剔除D1,XA_固定持有10日,2015-2019,2020,3885,0.10614666472117751,0.5432098765432098,-0.00041178280633622654,-0.6140750394585769
R5_完整但不剔除D1,XA_固定持有10日,2016-2020,2021,5185,-0.048961633091743284,0.5637860082304527,-0.0012620566826306726,-4.058894109387979
R5_完整但不剔除D1,XA_固定持有10日,2017-2021,2022,8517,-0.3260189348402729,0.5165289256198347,-0.001172079254294581,-2.4472758512084405
R5_完整但不剔除D1,XA_固定持有10日,2018-2022,2023,7198,-0.009264227492035149,0.5,-0.0005439889463230527,-1.7941200209659698
R5_完整但不剔除D1,XA_固定持有10日,2019-2023,2024,3632,-0.2332348373582237,0.4484304932735426,-0.001028060476892365,-1.4069077623861872
R5_完整但不剔除D1,XA_固定持有10日,2020-2024,2025,10436,-0.08190788174372121,0.5267489711934157,-0.0018431077780734358,-4.0474384923447415
R5_完整但不剔除D1,XA_固定持有10日,2021-2025,2026,4669,-0.10396748374218101,0.5229885057471264,-0.0005173828071307675,-0.7003477049744401
R5_完整但不剔除D1,XD_ATR2倍止损,2015-2019,2020,3885,0.16165289789656612,0.5394190871369294,-0.0005219197180521586,-0.7709582510293943
R5_完整但不剔除D1,XD_ATR2倍止损,2016-2020,2021,5185,-0.05591154473094673,0.5596707818930041,-0.0012915611047893908,-4.183172315666322
R5_完整但不剔除D1,XD_ATR2倍止损,2017-2021,2022,8517,-0.3335162140934781,0.5206611570247934,-0.0012171060906223667,-2.535322466805551
R5_完整但不剔除D1,XD_ATR2倍止损,2018-2022,2023,7198,-0.0068292355792953785,0.49586776859504134,-0.0005342481885745431,-1.756307126685276
R5_完整但不剔除D1,XD_ATR2倍止损,2019-2023,2024,3632,-0.2599729325320397,0.452914798206278,-0.001217161995267492,-1.5405414773506325
R5_完整但不剔除D1,XD_ATR2倍止损,2020-2024,2025,10436,-0.12202815076482598,0.5185185185185185,-0.0020260034104016165,-4.392210717208061
R5_完整但不剔除D1,XD_ATR2倍止损,2021-2025,2026,4669,-0.10856671905821891,0.5229885057471264,-0.0005384673994219864,-0.7276544084375153
R5_完整但不剔除D1,XD_ATR3倍止损,2015-2019,2020,3885,0.14391248644390986,0.5330578512396694,-0.00046561050927222447,-0.6913530162583907
R5_完整但不剔除D1,XD_ATR3倍止损,2016-2020,2021,5185,-0.04832435110293465,0.5637860082304527,-0.001259573386177556,-4.054132466635345
R5_完整但不剔除D1,XD_ATR3倍止损,2017-2021,2022,8517,-0.3250988774532796,0.5206611570247934,-0.0011672984778654369,-2.432094263515207
R5_完整但不剔除D1,XD_ATR3倍止损,2018-2022,2023,7198,-0.0064302500891849634,0.5,-0.0005327175978132437,-1.7509739705316103
R5_完整但不剔除D1,XD_ATR3倍止损,2019-2023,2024,3632,-0.24029084000650713,0.4484304932735426,-0.0010914050488000284,-1.4448560286383791
R5_完整但不剔除D1,XD_ATR3倍止损,2020-2024,2025,10436,-0.10574339809448452,0.5267489711934157,-0.0019487950576742713,-4.212609339589647
R5_完整但不剔除D1,XD_ATR3倍止损,2021-2025,2026,4669,-0.10560878938220397,0.5229885057471264,-0.0005247570989814089,-0.7106697999630802
R5b_仅D1(完整),XA_固定持有5日,2015-2019,2020,503,-0.3230748791982896,0.48520710059171596,-0.0028317806298706096,-2.3778236711968805
R5b_仅D1(完整),XA_固定持有5日,2016-2020,2021,570,0.013127251494364112,0.5,-0.00110625598639349,-1.1160520647258705
R5b_仅D1(完整),XA_固定持有5日,2017-2021,2022,1003,-0.2160277421400807,0.4714285714285714,-0.0008810294716289468,-0.832671444691023
R5b_仅D1(完整),XA_固定持有5日,2018-2022,2023,518,-0.1518012608495397,0.43902439024390244,-0.0012624304518260774,-1.5709186808756193
R5b_仅D1(完整),XA_固定持有5日,2019-2023,2024,309,-0.21123933729479905,0.432,-0.0012168536958964305,-0.7655384740449167
R5b_仅D1(完整),XA_固定持有5日,2020-2024,2025,1000,-0.08343144701643268,0.5244755244755245,-0.0013814847955115747,-1.5255377245927166
R5b_仅D1(完整),XA_固定持有5日,2021-2025,2026,501,-0.057539411051593325,0.5164835164835165,0.00027864385761927743,0.18243187331161664
R5b_仅D1(完整),XA_固定持有10日,2015-2019,2020,503,-0.2183051068999724,0.4827586206896552,-0.0024718449632964022,-2.3953092139984733
R5b_仅D1(完整),XA_固定持有10日,2016-2020,2021,570,0.06605391866868882,0.5380710659898477,-0.0008565136521528148,-1.2348971027525433
R5b_仅D1(完整),XA_固定持有10日,2017-2021,2022,1003,-0.2453000406570196,0.46629213483146065,-0.0007603703229522351,-0.883391204595605
R5b_仅D1(完整),XA_固定持有10日,2018-2022,2023,518,-0.12541871842827212,0.4742268041237113,-0.0011781139607668005,-1.4598597297495324
R5b_仅D1(完整),XA_固定持有10日,2019-2023,2024,309,-0.07393215737335601,0.4585987261146497,-0.0004398165287239602,-0.30226349717880296
R5b_仅D1(完整),XA_固定持有10日,2020-2024,2025,1000,-0.02228177917685381,0.5375722543352601,-0.0005401797605174227,-0.6093944525916242
R5b_仅D1(完整),XA_固定持有10日,2021-2025,2026,501,0.09358893073125985,0.5862068965517241,0.0008347738958322671,0.7535711205690534
R5b_仅D1(完整),XD_ATR2倍止损,2015-2019,2020,503,-0.15925544503459133,0.504950495049505,-0.0021715488306875046,-2.179885740219091
R5b_仅D1(完整),XD_ATR2倍止损,2016-2020,2021,570,0.08037051379939464,0.5380710659898477,-0.000792726009396433,-1.1425825859428835
R5b_仅D1(完整),XD_ATR2倍止损,2017-2021,2022,1003,-0.2692331868573581,0.45348837209302323,-0.0006062848042578299,-0.6771687002066454
R5b_仅D1(完整),XD_ATR2倍止损,2018-2022,2023,518,0.018145577572216354,0.49222797927461137,-0.00041768136666653935,-0.5833786467561711
R5b_仅D1(完整),XD_ATR2倍止损,2019-2023,2024,309,-0.10616899072402475,0.445859872611465,-0.0007035226892711151,-0.44987076688055505
R5b_仅D1(完整),XD_ATR2倍止损,2020-2024,2025,1000,-0.06614222269736325,0.5375722543352601,-0.0008095104146376204,-0.8982298895148491
R5b_仅D1(完整),XD_ATR2倍止损,2021-2025,2026,501,0.06951977718687719,0.5775862068965517,0.0007012112134965352,0.6277612825848337
R5b_仅D1(完整),XD_ATR3倍止损,2015-2019,2020,503,-0.2059918292104982,0.4975369458128079,-0.0024004238617207243,-2.3621997171957125
R5b_仅D1(完整),XD_ATR3倍止损,2016-2020,2021,570,0.06735272683209703,0.5380710659898477,-0.0008514136504682625,-1.2288896324189273
R5b_仅D1(完整),XD_ATR3倍止损,2017-2021,2022,1003,-0.24191498003061784,0.4606741573033708,-0.0007387394430855813,-0.8514211384886531
R5b_仅D1(完整),XD_ATR3倍止损,2018-2022,2023,518,-0.028572862080976424,0.47668393782383417,-0.0006509631565636056,-0.9093174319519742
R5b_仅D1(完整),XD_ATR3倍止损,2019-2023,2024,309,-0.11971586668116374,0.45222929936305734,-0.0007926834454075046,-0.5139956126783621
R5b_仅D1(完整),XD_ATR3倍止损,2020-2024,2025,1000,-0.06435428618332639,0.5317919075144508,-0.0007907803147456976,-0.8855758836719766
R5b_仅D1(完整),XD_ATR3倍止损,2021-2025,2026,501,0.08300170674169793,0.5862068965517241,0.0007756170878012059,0.7001041166376395
R6_缩量更严(vz<-1.5),XA_固定持有5日,2015-2019,2020,733,-0.1431206009461874,0.5024390243902439,-0.0015392716257379441,-1.737587125302147
R6_缩量更严(vz<-1.5),XA_固定持有5日,2016-2020,2021,1129,-0.13499793066925503,0.49372384937238495,-0.0017372292000599793,-3.409723861804814
R6_缩量更严(vz<-1.5),XA_固定持有5日,2017-2021,2022,1544,-0.4294199335947251,0.47393364928909953,-0.0018892890246662154,-2.778252600482802
R6_缩量更严(vz<-1.5),XA_固定持有5日,2018-2022,2023,1234,-0.28006738364857353,0.44583333333333336,-0.0018855091567317535,-3.6306943317370015
R6_缩量更严(vz<-1.5),XA_固定持有5日,2019-2023,2024,653,-0.4600955241078786,0.44021739130434784,-0.001197464796694661,-1.5044511530807188
R6_缩量更严(vz<-1.5),XA_固定持有5日,2020-2024,2025,2357,-0.12464415375932358,0.48826291079812206,-0.002188334465434535,-2.5202463002490134
R6_缩量更严(vz<-1.5),XA_固定持有5日,2021-2025,2026,1001,-0.3881998390297946,0.46296296296296297,-0.0018536958652161238,-2.176023775720042
R6_缩量更严(vz<-1.5),XA_固定持有10日,2015-2019,2020,733,0.00811533059758407,0.5641025641025641,-0.0009387462657852861,-1.4533403731030312
R6_缩量更严(vz<-1.5),XA_固定持有10日,2016-2020,2021,1129,0.012760701977823974,0.5720164609053497,-0.000999659488998601,-2.2106143148801745
R6_缩量更严(vz<-1.5),XA_固定持有10日,2017-2021,2022,1544,-0.42127017539562484,0.4608695652173913,-0.0017482434570484243,-3.15213462344818
R6_缩量更严(vz<-1.5),XA_固定持有10日,2018-2022,2023,1234,-0.0696093617516762,0.49173553719008267,-0.0007833943859369279,-1.9811035637086731
R6_缩量更严(vz<-1.5),XA_固定持有10日,2019-2023,2024,653,-0.2854890760487184,0.45365853658536587,-0.0005961668950364661,-0.8356809883442767
R6_缩量更严(vz<-1.5),XA_固定持有10日,2020-2024,2025,2357,-0.12884944849977764,0.5148936170212766,-0.002028463742490281,-3.0131673463989106
R6_缩量更严(vz<-1.5),XA_固定持有10日,2021-2025,2026,1001,-0.19601822095234556,0.4827586206896552,-0.0009318869672972607,-1.1709604763345889
R6_缩量更严(vz<-1.5),XD_ATR2倍止损,2015-2019,2020,733,0.013349199643372112,0.5598290598290598,-0.0009181346648057907,-1.4286475237599847
R6_缩量更严(vz<-1.5),XD_ATR2倍止损,2016-2020,2021,1129,-0.014842325967203807,0.5473251028806584,-0.0011096555806790205,-2.429936645682445
R6_缩量更严(vz<-1.5),XD_ATR2倍止损,2017-2021,2022,1544,-0.3547899800211477,0.4652173913043478,-0.0012326384330068143,-1.4493206794318418
R6_缩量更严(vz<-1.5),XD_ATR2倍止损,2018-2022,2023,1234,-0.07543198833312348,0.48760330578512395,-0.0008087803019778949,-2.058043036147708
R6_缩量更严(vz<-1.5),XD_ATR2倍止损,2019-2023,2024,653,-0.2899079164169269,0.4585365853658537,-0.0006462977538158875,-0.5769975764238532
R6_缩量更严(vz<-1.5),XD_ATR2倍止损,2020-2024,2025,2357,-0.18841534621442868,0.5106382978723404,-0.0023240151855982846,-3.365098306744307
R6_缩量更严(vz<-1.5),XD_ATR2倍止损,2021-2025,2026,1001,-0.1961223376495712,0.4827586206896552,-0.0009330932674146288,-1.175767076183086
R6_缩量更严(vz<-1.5),XD_ATR3倍止损,2015-2019,2020,733,0.01772676352012592,0.5598290598290598,-0.0009007158894598526,-1.4014087069599972
R6_缩量更严(vz<-1.5),XD_ATR3倍止损,2016-2020,2021,1129,0.011895255329700927,0.5720164609053497,-0.0010031263181059025,-2.2165331061922924
R6_缩量更严(vz<-1.5),XD_ATR3倍止损,2017-2021,2022,1544,-0.38044163573585976,0.4652173913043478,-0.0014561140317996904,-2.511352496039708
R6_缩量更严(vz<-1.5),XD_ATR3倍止损,2018-2022,2023,1234,-0.08497266953572435,0.48760330578512395,-0.0008500675424144506,-2.1549129901195836
R6_缩量更严(vz<-1.5),XD_ATR3倍止损,2019-2023,2024,653,-0.3243286263015276,0.4682926829268293,-0.000890840098703374,-1.0401897042214
R6_缩量更严(vz<-1.5),XD_ATR3倍止损,2020-2024,2025,2357,-0.16448662641458467,0.5106382978723404,-0.0022020511953366605,-3.2055001416263025
R6_缩量更严(vz<-1.5),XD_ATR3倍止损,2021-2025,2026,1001,-0.19629049130027243,0.4827586206896552,-0.0009330981384333754,-1.172737357220999
R7_用VR低位替vz,XA_固定持有5日,2015-2019,2020,4062,-0.21803071920894335,0.5219298245614035,-0.002019442868427759,-3.523041632847212
R7_用VR低位替vz,XA_固定持有5日,2016-2020,2021,4995,-0.22167732462664558,0.5082644628099173,-0.002170945650757088,-6.12757398153884
R7_用VR低位替vz,XA_固定持有5日,2017-2021,2022,7798,-0.5228918964877782,0.4641350210970464,-0.0024087428230999486,-4.979100102778826
R7_用VR低位替vz,XA_固定持有5日,2018-2022,2023,8204,-0.13275587174197612,0.4669421487603306,-0.0010630950911117154,-2.7727790141627375
R7_用VR低位替vz,XA_固定持有5日,2019-2023,2024,3181,-0.39120064079424977,0.41706161137440756,-0.0018290018354224775,-2.316604692401007
R7_用VR低位替vz,XA_固定持有5日,2020-2024,2025,8977,-0.22721334286372097,0.5020576131687243,-0.002520316352953637,-4.9310761596191455
R7_用VR低位替vz,XA_固定持有5日,2021-2025,2026,3197,-0.29361912650524913,0.47337278106508873,-0.0011706461031898213,-1.4853817289056803
R7_用VR低位替vz,XA_固定持有10日,2015-2019,2020,4062,-0.031248945001399964,0.5206611570247934,-0.0011421097995643898,-1.822542430323988
R7_用VR低位替vz,XA_固定持有10日,2016-2020,2021,4995,-0.09950985686692959,0.5308641975308642,-0.0014805003519364319,-4.7427955765627
R7_用VR低位替vz,XA_固定持有10日,2017-2021,2022,7798,-0.3076353704336725,0.5165289256198347,-0.0010591575275153975,-2.306146059147113
R7_用VR低位替vz,XA_固定持有10日,2018-2022,2023,8204,-0.016309766822397376,0.4834710743801653,-0.0005718732803519276,-1.918198778816313
R7_用VR低位替vz,XA_固定持有10日,2019-2023,2024,3181,-0.12574145976438422,0.4678111587982833,-0.0008264584155640706,-1.0570300276470386
R7_用VR低位替vz,XA_固定持有10日,2020-2024,2025,8977,-0.09930622290165991,0.5061728395061729,-0.0019174154785290434,-4.209173750358537
R7_用VR低位替vz,XA_固定持有10日,2021-2025,2026,3197,-0.03523703934209421,0.5344827586206896,-0.00022175665367057886,-0.284761134251837
R7_用VR低位替vz,XD_ATR2倍止损,2015-2019,2020,4062,-0.04160574898049385,0.5165289256198347,-0.0011822560750450167,-1.8826081421146812
R7_用VR低位替vz,XD_ATR2倍止损,2016-2020,2021,4995,-0.10998853878270831,0.5308641975308642,-0.0015274986344878073,-4.899962657422421
R7_用VR低位替vz,XD_ATR2倍止损,2017-2021,2022,7798,-0.32590765962136325,0.5165289256198347,-0.0011656349127722415,-2.52169262022402
R7_用VR低位替vz,XD_ATR2倍止损,2018-2022,2023,8204,-0.018303605902853515,0.49173553719008267,-0.000580086253283025,-1.9533257261498531
R7_用VR低位替vz,XD_ATR2倍止损,2019-2023,2024,3181,-0.14752233978328977,0.4678111587982833,-0.0009519865651411162,-1.1633678601586634
R7_用VR低位替vz,XD_ATR2倍止损,2020-2024,2025,8977,-0.13627868665393028,0.5061728395061729,-0.0020880354720440746,-4.562420450173724
R7_用VR低位替vz,XD_ATR2倍止损,2021-2025,2026,3197,-0.04029071603427081,0.5287356321839081,-0.00024319808127835443,-0.3121747454092082
R7_用VR低位替vz,XD_ATR3倍止损,2015-2019,2020,4062,-0.03645984801641189,0.512396694214876,-0.0011627561193663252,-1.8592857912492684
R7_用VR低位替vz,XD_ATR3倍止损,2016-2020,2021,4995,-0.1017857709561455,0.5308641975308642,-0.0014905854030492613,-4.772140154809715
R7_用VR低位替vz,XD_ATR3倍止损,2017-2021,2022,7798,-0.30400947259873257,0.5247933884297521,-0.0010391573289790991,-2.2559729273971407
R7_用VR低位替vz,XD_ATR3倍止损,2018-2022,2023,8204,-0.017692473489721583,0.4834710743801653,-0.0005775326830146143,-1.9364680822601814
R7_用VR低位替vz,XD_ATR3倍止损,2019-2023,2024,3181,-0.15244694076383747,0.4678111587982833,-0.0009699070764166994,-1.205262571239677
R7_用VR低位替vz,XD_ATR3倍止损,2020-2024,2025,8977,-0.11829290809915294,0.5061728395061729,-0.002002477152157469,-4.34096533607123
R7_用VR低位替vz,XD_ATR3倍止损,2021-2025,2026,3197,-0.03439981349636012,0.5344827586206896,-0.0002183353195072652,-0.2805035501328757
R8_仅缩量+没涨+低波(无超跌),XA_固定持有5日,2015-2019,2020,42749,-0.1989329905059476,0.49372384937238495,-0.0017458585759872513,-4.810498556357185
R8_仅缩量+没涨+低波(无超跌),XA_固定持有5日,2016-2020,2021,49506,-0.06632649682354164,0.522633744855967,-0.0013366477170210277,-4.484920274281285
R8_仅缩量+没涨+低波(无超跌),XA_固定持有5日,2017-2021,2022,62432,-0.35794351916926404,0.5082644628099173,-0.0013628965969618688,-4.387460614558592
R8_仅缩量+没涨+低波(无超跌),XA_固定持有5日,2018-2022,2023,77883,-0.1586429322669881,0.45454545454545453,-0.0011877612255486627,-6.2690107128831665
R8_仅缩量+没涨+低波(无超跌),XA_固定持有5日,2019-2023,2024,58155,-0.17299572872844904,0.46396396396396394,-0.0007051707678884405,-1.3205673233148452
R8_仅缩量+没涨+低波(无超跌),XA_固定持有5日,2020-2024,2025,70230,-0.07137836028379485,0.5061728395061729,-0.0018053755417381213,-5.444617658089313
R8_仅缩量+没涨+低波(无超跌),XA_固定持有5日,2021-2025,2026,41062,-0.2556895979590911,0.47126436781609193,-0.0012537843121801183,-2.2370608419493467
R8_仅缩量+没涨+低波(无超跌),XA_固定持有10日,2015-2019,2020,42749,-0.061773531753186894,0.522633744855967,-0.001084973597082359,-3.189600760281209
R8_仅缩量+没涨+低波(无超跌),XA_固定持有10日,2016-2020,2021,49506,0.06670820426033619,0.551440329218107,-0.0008094703768535498,-2.8195095131258943
R8_仅缩量+没涨+低波(无超跌),XA_固定持有10日,2017-2021,2022,62432,-0.2304950823286902,0.5371900826446281,-0.0006434793312478019,-2.059853600555059
R8_仅缩量+没涨+低波(无超跌),XA_固定持有10日,2018-2022,2023,77883,-0.018442653625323158,0.4834710743801653,-0.0005764565336373891,-3.13167048669003
R8_仅缩量+没涨+低波(无超跌),XA_固定持有10日,2019-2023,2024,58155,-0.10518255533375431,0.4845814977973568,-0.0004538259842479418,-0.9001575473386737
R8_仅缩量+没涨+低波(无超跌),XA_固定持有10日,2020-2024,2025,70230,0.0895794256820246,0.5473251028806584,-0.0011713279682734569,-3.6769495327205193
R8_仅缩量+没涨+低波(无超跌),XA_固定持有10日,2021-2025,2026,41062,-0.12562949659936717,0.4885057471264368,-0.0006080124448474555,-1.0591926794720166
R8_仅缩量+没涨+低波(无超跌),XD_ATR2倍止损,2015-2019,2020,42749,-0.08451243032624012,0.5185185185185185,-0.0011807407268576852,-3.4187843672806304
R8_仅缩量+没涨+低波(无超跌),XD_ATR2倍止损,2016-2020,2021,49506,0.05931195907179765,0.5473251028806584,-0.0008380146172989217,-2.9324500494922066
R8_仅缩量+没涨+低波(无超跌),XD_ATR2倍止损,2017-2021,2022,62432,-0.27649949221973413,0.5330578512396694,-0.0008905225495394118,-2.77705828094068
R8_仅缩量+没涨+低波(无超跌),XD_ATR2倍止损,2018-2022,2023,77883,-0.029418840234010424,0.4834710743801653,-0.0006217653027690838,-3.407205644431703
R8_仅缩量+没涨+低波(无超跌),XD_ATR2倍止损,2019-2023,2024,58155,-0.12342432918471746,0.4713656387665198,-0.000566035167076264,-0.8393467634751696
R8_仅缩量+没涨+低波(无超跌),XD_ATR2倍止损,2020-2024,2025,70230,0.061719733353820194,0.551440329218107,-0.001281479493731483,-3.736447422413818
R8_仅缩量+没涨+低波(无超跌),XD_ATR2倍止损,2021-2025,2026,41062,-0.15103408013299235,0.4885057471264368,-0.0007269010441697482,-1.2499967659762863
R8_仅缩量+没涨+低波(无超跌),XD_ATR3倍止损,2015-2019,2020,42749,-0.07211433732203398,0.51440329218107,-0.001128232664583895,-3.279247126965543
R8_仅缩量+没涨+低波(无超跌),XD_ATR3倍止损,2016-2020,2021,49506,0.06170635326926388,0.551440329218107,-0.0008285288854569234,-2.894814359756059
R8_仅缩量+没涨+低波(无超跌),XD_ATR3倍止损,2017-2021,2022,62432,-0.2525790303353599,0.5371900826446281,-0.0007606596729443814,-2.4089371483179676
R8_仅缩量+没涨+低波(无超跌),XD_ATR3倍止损,2018-2022,2023,77883,-0.01993345234054067,0.4793388429752066,-0.0005826875426544038,-3.174024816640699
R8_仅缩量+没涨+低波(无超跌),XD_ATR3倍止损,2019-2023,2024,58155,-0.12438365296910003,0.47577092511013214,-0.0005595580353175223,-0.9114708364093995
R8_仅缩量+没涨+低波(无超跌),XD_ATR3倍止损,2020-2024,2025,70230,0.07264238799989231,0.551440329218107,-0.0012379693490443017,-3.8455560338661483
R8_仅缩量+没涨+低波(无超跌),XD_ATR3倍止损,2021-2025,2026,41062,-0.1351898817589121,0.4885057471264368,-0.0006524703198147674,-1.1312662189580747
R9_仅超跌+没涨+低波(无缩量),XA_固定持有5日,2015-2019,2020,12446,-0.30395667718664654,0.4896265560165975,-0.0022276473272911596,-4.462507002500654
R9_仅超跌+没涨+低波(无缩量),XA_固定持有5日,2016-2020,2021,15083,-0.34672373729559636,0.4732510288065844,-0.002744226315254071,-7.982465255935363
R9_仅超跌+没涨+低波(无缩量),XA_固定持有5日,2017-2021,2022,25103,-0.5440492843697154,0.43983402489626555,-0.002688135952957668,-5.543827458692468
R9_仅超跌+没涨+低波(无缩量),XA_固定持有5日,2018-2022,2023,35466,-0.27655361317771965,0.41735537190082644,-0.0017869483488086753,-5.971009823528432
R9_仅超跌+没涨+低波(无缩量),XA_固定持有5日,2019-2023,2024,22752,-0.2787216283198697,0.4358974358974359,-0.0016712510046257114,-1.930458822586607
R9_仅超跌+没涨+低波(无缩量),XA_固定持有5日,2020-2024,2025,27777,-0.3117422137217808,0.48148148148148145,-0.00300575174595853,-6.167715960386813
R9_仅超跌+没涨+低波(无缩量),XA_固定持有5日,2021-2025,2026,16093,-0.31230565826349865,0.4827586206896552,-0.0015652290405823255,-2.0214546964099265
R9_仅超跌+没涨+低波(无缩量),XA_固定持有10日,2015-2019,2020,12446,-0.08640713084657692,0.522633744855967,-0.001199097424275999,-2.356608571341681
R9_仅超跌+没涨+低波(无缩量),XA_固定持有10日,2016-2020,2021,15083,-0.09486139087031964,0.5349794238683128,-0.0014552153025739326,-4.425765740811727
R9_仅超跌+没涨+低波(无缩量),XA_固定持有10日,2017-2021,2022,25103,-0.39453148879634925,0.48760330578512395,-0.001601645735059305,-3.7952165963517666
R9_仅超跌+没涨+低波(无缩量),XA_固定持有10日,2018-2022,2023,35466,-0.1069642203065091,0.44214876033057854,-0.0009564832359392122,-3.586877287736331
R9_仅超跌+没涨+低波(无缩量),XA_固定持有10日,2019-2023,2024,22752,-0.1370381609967588,0.4834710743801653,-0.0009982926541061662,-1.2335263405999424
R9_仅超跌+没涨+低波(无缩量),XA_固定持有10日,2020-2024,2025,27777,-0.089081848685301,0.5185185185185185,-0.0018942157209391828,-4.118459041435148
R9_仅超跌+没涨+低波(无缩量),XA_固定持有10日,2021-2025,2026,16093,-0.06123313057231272,0.4827586206896552,-0.0003311088886384571,-0.4191256361804077
R9_仅超跌+没涨+低波(无缩量),XD_ATR2倍止损,2015-2019,2020,12446,-0.08807778296583857,0.5308641975308642,-0.0012056409217252014,-2.3854774046038867
R9_仅超跌+没涨+低波(无缩量),XD_ATR2倍止损,2016-2020,2021,15083,-0.11079582811449007,0.5349794238683128,-0.0015260896513970528,-4.685616169591439
R9_仅超跌+没涨+低波(无缩量),XD_ATR2倍止损,2017-2021,2022,25103,-0.4125685741209377,0.4834710743801653,-0.0017228421101415604,-4.057620755634254
R9_仅超跌+没涨+低波(无缩量),XD_ATR2倍止损,2018-2022,2023,35466,-0.10499342266543876,0.43388429752066116,-0.0009482646659989004,-3.580002259059723
R9_仅超跌+没涨+低波(无缩量),XD_ATR2倍止损,2019-2023,2024,22752,-0.1159987037365744,0.4793388429752066,-0.0009142011001378458,-1.0552386411209569
R9_仅超跌+没涨+低波(无缩量),XD_ATR2倍止损,2020-2024,2025,27777,-0.11785538001365947,0.522633744855967,-0.002024966783302967,-4.270342180168338
R9_仅超跌+没涨+低波(无缩量),XD_ATR2倍止损,2021-2025,2026,16093,-0.06883887931749799,0.4827586206896552,-0.0003636905786476671,-0.4601422672874229
R9_仅超跌+没涨+低波(无缩量),XD_ATR3倍止损,2015-2019,2020,12446,-0.09276145766905186,0.5267489711934157,-0.0012264892418017168,-2.4084106941095067
R9_仅超跌+没涨+低波(无缩量),XD_ATR3倍止损,2016-2020,2021,15083,-0.09483993998646645,0.5349794238683128,-0.0014551740294615528,-4.428831410971963
R9_仅超跌+没涨+低波(无缩量),XD_ATR3倍止损,2017-2021,2022,25103,-0.4006969196367559,0.48760330578512395,-0.0016429172946205916,-3.8759093007371526
R9_仅超跌+没涨+低波(无缩量),XD_ATR3倍止损,2018-2022,2023,35466,-0.09984879119933265,0.4380165289256198,-0.0009252937427481882,-3.4931057692443184
R9_仅超跌+没涨+低波(无缩量),XD_ATR3倍止损,2019-2023,2024,22752,-0.112293826184371,0.47520661157024796,-0.0008942883327584638,-1.0489388686517926
R9_仅超跌+没涨+低波(无缩量),XD_ATR3倍止损,2020-2024,2025,27777,-0.10697101672897846,0.522633744855967,-0.0019752857590475646,-4.210709388102656
R9_仅超跌+没涨+低波(无缩量),XD_ATR3倍止损,2021-2025,2026,16093,-0.06357411278162162,0.4885057471264368,-0.0003410288046779685,-0.43159561459246976
