strategy,n,nav_cagr,nav_mdd,nav_sharpe,nav_ann_arith,avg_holdings,impl_cagr,impl_mdd,impl_sharpe,impl_ann_arith,n_trade,win,payoff,pf,mean,med,exw1,t1,exw5,t5,exw10,t10,exw20,t20,exw40,t40,exw60,t60,impl_seg_2015-2020,impl_seg_2021-2022,impl_seg_2023-2024,impl_seg_2025-2026,impl_is,impl_oos,kind,ncond
1 纯价格超跌,1737367,0.22106142934528306,-0.502219295108467,0.7431709742547719,0.2622903657505229,617.5320284697509,0.10701911151430066,-0.5348963699152464,0.4759965605539396,0.1547867642996052,1711654,0.4834528473628432,1.3299385960137753,1.2447316721775525,0.011074420211539822,-0.004314056646046946,0.0004390615888480096,3.704474862162381,0.001646450955078341,5.828572466811845,0.0021948519668028134,5.715574187354268,0.0021941424922075877,4.029230287097763,-0.00290232591251421,-3.879595000698359,-0.008694242439090895,-9.570683474192148,0.5360133081370146,0.17164374581789787,0.17353398523008923,0.5078798226130832,0.5360133081370146,1.073280101932672,user8,
2 +MA5反转(Close>MA5),651688,0.31518575333449395,-0.42015864090246025,0.9647403012834812,0.3337206990320994,232.4667381974249,0.09318797595006889,-0.555371243207432,0.43739220990644995,0.1423651514089474,640312,0.49391858968752733,1.3328050639772833,1.3007733224612978,0.013328128769303798,-0.0016130242907692579,0.0007260541814071459,3.4815565356607765,-0.00017152845500442352,-0.40744132406346245,-0.0003607023310699653,-0.6521923620032535,-0.002241598449015083,-3.031495810887218,-0.008765206722187356,-8.563176327111654,-0.015148655141918602,-13.149621773861037,0.4149085200841165,0.18924669929141436,0.14085011337953457,0.4375267954472759,0.4149085200841165,0.9503676878844909,user8,
3 +MACD改善(hist>0),852479,0.17699053945218202,-0.5360243007073258,0.6587125436756763,0.21795231509181187,304.57245080500894,0.08226132733678626,-0.5882808961385295,0.4073379460680985,0.13122297323290485,838743,0.49178473024514063,1.2955958409103978,1.2537093807436783,0.01143166615608023,-0.002306021583086235,0.0003085467763827009,2.1464064429223897,0.0008916462755568467,2.6170611068572907,0.0009685603043852896,2.0630711067651117,-0.0006430016002019108,-0.9047338347438884,-0.006701308874619854,-6.774950311756247,-0.013217527978215547,-11.970363154005916,0.23469794364191476,0.1959161408593515,0.11861861097326454,0.49003912945993044,0.23469794364191476,0.9933356843457801,user8,
4 +放量反转(量比>1.2),475041,0.13064501900878667,-0.6220456283605381,0.5241836804538205,0.18561918672397415,168.81387900355872,0.09485354203292529,-0.5661456046365312,0.4422834078712195,0.14336388199042627,469324,0.5078027119857497,1.4320662293209638,1.4774707880376163,0.020849130586727962,0.0021723842651214546,0.00012820614785022784,0.8861481239100221,0.0006138665008532186,1.9052182805656812,0.0008784195125632506,2.044852010756337,-0.00018110563502737103,-0.29442503104627255,-0.005783253784458576,-6.598421323853003,-0.011476056439633057,-11.508669792082603,0.3860151190795995,0.18081686847871237,0.14886256171861745,0.49334106574987113,0.3860151190795995,1.0258609531461818,user8,
5 +相对强势(rs_sz20强),114646,-0.09941232771834851,-0.9035489316323865,-0.10544770205971203,-0.0382687616092309,40.830714285714286,-0.03860593584332617,-0.7761675151255274,0.050079323580018965,0.016718236679731616,110243,0.4325444699436699,1.2499904248130758,0.9528084882382991,-0.00273060618330868,-0.020958438488932748,-0.0006374055250636174,-2.8740913301211006,-0.0035626589524548127,-7.707710102801857,-0.006662661611634279,-9.726003264227176,-0.011031220384733764,-10.427002830317381,-0.02304559570736529,-17.423324670083534,-0.029566786714224573,-18.416729528946156,-0.4028486106187107,-0.023506062564716323,-0.010911199743009137,0.10715703676668253,-0.4028486106187107,0.06933568552673064,user8,
6 +市场趋势(市场Close>MA60),1019015,0.0732442574534169,-0.5161227451655062,0.44450526725707734,0.09222736987943511,635.968105065666,7.897139586421353e-05,-0.7371201314358841,0.1403862879846955,0.039130568759277694,998233,0.4388083743975605,1.207602269175351,0.9442514187320359,-0.0026512050650167396,-0.014713024385080594,9.524089375664133e-05,0.7352301410421245,-0.0006247025415434159,-2.1793638897373673,-0.002067760282736764,-5.002982770191312,-0.005956390096348151,-10.203794989866187,-0.013837560013980585,-14.659830387909448,-0.01986263755880432,-16.01829876834243,-0.2615359628505868,0.24648179588657637,-0.06478750042828985,0.1626931941823866,-0.2615359628505868,0.35538093770904045,user8,
7 +MACD改善+放量,279284,0.031166196622465447,-0.7967630761883346,0.26144998051847357,0.08990978666468115,100.0635319454415,0.045069915176556785,-0.6363287368811613,0.29899596781907317,0.09743839618704031,275337,0.5026422166290764,1.3718528358377378,1.386428791001961,0.01707185353162972,0.0007267055486103206,-0.0002513335944668464,-1.3240510545891777,-0.0010473156963938803,-2.546240891828796,-0.0016668092342539674,-3.0366585521779683,-0.004569567107571262,-5.6280218717336465,-0.012487222728743148,-11.188158015588483,-0.019509361862048834,-15.22792934188037,-0.02120376331239482,0.1275170627374329,0.07644051991353895,0.3909603094259382,-0.02120376331239482,0.6882155563849286,user8,
8 +MACD改善+放量+市场趋势,191412,-0.0031383149418476863,-0.7049002551661988,0.09344544748802622,0.020262315544001226,119.39024390243902,-0.0404240293940511,-0.7738479308202031,-0.004620125689575265,-0.0013023999720726453,187930,0.4919331666045868,1.3527269024891495,1.3097710477290707,0.013533169669645366,-0.002017474034832098,-0.00041750931903533384,-1.9707084589166415,-0.00227093228303929,-5.105071976284074,-0.004776309348049178,-8.122700901314802,-0.011616616945119297,-12.878552324657361,-0.02089863905351958,-15.23798938590387,-0.027636974681683437,-18.054432411138418,-0.422751096339826,0.18521973800446312,-0.14539519412982171,0.06882211426697915,-0.422751096339826,0.08260402403667566,user8,
9 [修正] 深度超跌+小市值30%,464041,0.3992253529636245,-0.4995018506153067,1.1323180526608199,0.39807900538128965,165.0373665480427,0.24178986870125607,-0.4814844725028663,0.8230411899953907,0.27078353712919545,459479,0.5188158762424399,1.4372087673730018,1.5496079134224043,0.021461300797679113,0.004604577765228049,0.0009896027173919412,7.442019047800866,0.004217426615250791,13.012597486638025,0.0069657378422448325,15.812366231432232,0.01161385768557172,17.11977992197709,0.014366941667934119,14.274677944581958,0.01463105702292431,12.348267153078552,2.2157469557996903,0.35598085800295265,0.5377544418030167,0.7581433876934669,2.2157469557996903,2.6660200897225685,user8,
10 [修正] 深度超跌+小市值10%,135513,0.5397610364432723,-0.4639594669695397,1.4009113785581182,0.49385090973683426,48.19608540925267,0.29706714428764536,-0.47359210835094023,0.9400477603590393,0.31627156240726567,134115,0.5196585020318384,1.5174851467585821,1.6416946309152702,0.02482797633424038,0.004726277946686899,0.0013779000913262003,8.14481643889939,0.005599474557320707,12.841650096609882,0.00902069941609443,14.712847678334382,0.015723438557090633,15.156171572611765,0.02395558513809819,13.336970435159229,0.025772695362924498,12.941235179141414,3.19057756785502,0.20312738810132247,1.1846393092125558,0.7579232527368798,3.19057756785502,3.6205243981926882,user8,
11 [修正] 深度超跌+市场Close<MA60,718352,0.1377292921581572,-0.37650937087365866,0.5952020268827218,0.1700629958710879,593.1890999174236,0.16701199010086287,-0.44859167217492213,0.6622732532995906,0.20023469508169273,713421,0.545920291104411,1.431058789517934,1.7204997617297093,0.030279590926577487,0.013666670085344616,0.0008930411854219962,4.158873215691879,0.004642121186986047,8.879782963335806,0.007799658651941217,11.634129672301235,0.012859272810731306,14.102938588449824,0.011519371948499182,10.721277687664315,0.006285664547009837,5.264833644404302,1.3000550637328856,0.20113201264982528,0.35171021943475256,0.5558472063624833,1.3000550637328856,1.5260461668380758,user8,
12 [修正] 深度超跌+市场高波动,807684,0.34135395391866097,-0.47388532813400286,1.0956875082562143,0.3428629186597125,582.3244412400866,0.17426887001506186,-0.4680146621610052,0.6776796275289957,0.20786033370892176,803730,0.5258693839971135,1.41874948607969,1.5735683229669473,0.02432570055501875,0.007135117507517277,0.0011618598953846595,6.11690909682664,0.004519586183065951,9.8164978447886,0.006271252231723633,10.287122640032415,0.007915906865076013,9.053875530358354,0.0025788934903199427,2.22159375287775,-0.0002553685123890901,-0.2010523251841938,2.1132236585663633,0.2421936043563071,0.3336718592033334,0.20893543464942188,2.1132236585663633,1.0028175284210725,user8,
13 [修正] 深度超跌+rs_sz20弱,1132863,0.24664290343657647,-0.5224793551568149,0.7948614359052183,0.2850973486568159,402.729537366548,0.12558214722580074,-0.5267929513425578,0.5243761771257661,0.17282343130178157,1119128,0.4914710381654288,1.3540543990240341,1.308634455784042,0.013619858757376396,-0.002385020910244837,0.0005315301648357836,4.0344303728041915,0.001936674697608187,6.289122935055902,0.0027813993055778516,6.728423208741143,0.0036046067219413207,6.134602696186203,-0.0011474718618685541,-1.4445531638833944,-0.006817148705157208,-6.9097675938044425,0.8065989442961206,0.19517961176430365,0.2034947488810248,0.4811325576430565,0.8065989442961206,1.1304497946487393,user8,
14 [修正] 深度超跌+小市值+熊市,184872,0.15205496712529887,-0.42751345958129916,0.6421910891683621,0.1820459655465649,152.66061106523534,0.22247252258485561,-0.3953234957627698,0.8086350855022183,0.24768129329553415,183662,0.5732813537912034,1.5074048351748999,2.0251448871480275,0.03873241661060111,0.020881211913423407,0.0010057746797822013,4.184889052020191,0.005748540072769306,9.554718196204389,0.0102032105423603,12.892699669581743,0.01869790771096337,15.384592930744159,0.02637239209850621,14.89172248968928,0.029873701286044132,14.204544473983852,2.0051773088886726,0.18223340077308547,0.7373714555862352,0.5974845533714572,2.0051773088886726,2.2811990294953013,user8,
15 [修正] 深度超跌+小市值+熊市+rs弱,135346,0.16490272997932065,-0.43667750536223104,0.676610445235429,0.19405101285823165,111.76383154417836,0.2466048346646934,-0.3982479082055942,0.8676576074629003,0.26793401228478464,134401,0.5814391261969777,1.5416807180574357,2.141608415133168,0.042506446445005154,0.02371748299192034,0.0011187158755927831,4.33984261210799,0.006219864233716502,9.866591330160494,0.011298895800833517,13.601110264546575,0.020415606727686202,15.794425208667802,0.029128146531477196,15.447562196556884,0.03233902705306427,14.413743933131844,2.396927126281589,0.2116961620714608,0.8821537451160888,0.5903384623038495,2.396927126281589,2.6269234629351996,user8,
K1 距MA60 D1,1045862,0.2747537312796058,-0.5013184930640031,0.8444505425042389,,367.75923970432945,0.14681197318098227,-0.5337595319819768,0.5778607821918811,,1031236,0.4898607108363168,1.3433577791951334,1.2899578813128418,,,0.0005674563741196053,3.89653786986256,0.002098852557397547,6.188788496745024,0.0028975606211032972,6.410596449053208,0.003691984006368549,5.846446361354811,-0.001893952046183382,-2.2200592150889387,-0.009685300259828646,-8.739834282923535,1.0453802210087746,0.20676510606658893,0.19255678344791893,0.6177465546810714,1.0453802210087746,1.3281571654070357,simple,1.0
K2 距MA60 D1 + 小市值30%,253791,0.49472432788067033,-0.4835801231380962,1.2898901421742988,,89.26680746216121,0.28009312398039055,-0.46895210114640096,0.9018294930865309,,251367,0.5286692366141936,1.4637024684425863,1.6417652458395746,,,0.0011985903212391213,7.653635708446901,0.004870470382513163,12.840025370281372,0.007622370052517671,15.003485246267422,0.012814796167330469,16.49148376233355,0.015767280715580426,13.841068873946998,0.015055254248001347,10.901610284029392,3.231960551282797,0.4185488249653484,0.5378525838690591,0.8050416255040869,3.231960551282797,2.9377325581774083,simple,2.0
K3 距MA60 D1 + 小市值30% + 熊市,105908,0.2161866750423489,-0.4484992209471529,0.8105546295469876,,85.27214170692432,0.2993255336365914,-0.4129890580281229,0.9817718678298142,,105146,0.5852148441215073,1.552494487904654,2.190393766176073,,,0.0013692885506448814,4.922938092292403,0.007235647516977091,10.487539342121204,0.012181376551045347,13.671611820734249,0.021893502807185904,15.969275502927086,0.030191659422724438,15.134613310562965,0.03261396286689214,13.559316239487117,4.098551986371867,0.2451046037493394,0.8091433621135766,0.7196772570941157,4.098551986371867,2.8736980920292177,simple,3.0
K4 深度超跌 + 小市值30%,464041,0.3992253529636245,-0.4995018506153067,1.1323180526608199,,165.0373665480427,0.24178986870125607,-0.4814844725028663,0.8230411899953907,,459479,0.5188158762424399,1.4372087673730018,1.5496079134224043,,,0.0009896027173919412,7.442019047800866,0.004217426615250791,13.012597486638025,0.0069657378422448325,15.812366231432232,0.01161385768557172,17.11977992197709,0.014366941667934119,14.274677944581958,0.01463105702292431,12.348267153078552,2.2157469557996903,0.35598085800295265,0.5377544418030167,0.7581433876934669,2.2157469557996903,2.6660200897225685,simple,2.0
K5 深度超跌 + 小市值30% + 熊市,184872,0.15205496712529887,-0.42751345958129916,0.6421910891683621,,152.66061106523534,0.22247252258485561,-0.3953234957627698,0.8086350855022183,,183662,0.5732813537912034,1.5074048351748999,2.0251448871480275,,,0.0010057746797822013,4.184889052020191,0.005748540072769306,9.554718196204389,0.0102032105423603,12.892699669581743,0.01869790771096337,15.384592930744159,0.02637239209850621,14.89172248968928,0.029873701286044132,14.204544473983852,2.0051773088886726,0.18223340077308547,0.7373714555862352,0.5974845533714572,2.0051773088886726,2.2811990294953013,simple,3.0
K6 深度超跌 + 小市值30% + 熊市 + rs弱,135346,0.16490272997932065,-0.43667750536223104,0.676610445235429,,111.76383154417836,0.2466048346646934,-0.3982479082055942,0.8676576074629003,,134401,0.5814391261969777,1.5416807180574357,2.141608415133168,,,0.0011187158755927831,4.33984261210799,0.006219864233716502,9.866591330160494,0.011298895800833517,13.601110264546575,0.020415606727686202,15.794425208667802,0.029128146531477196,15.447562196556884,0.03233902705306427,14.413743933131844,2.396927126281589,0.2116961620714608,0.8821537451160888,0.5903384623038495,2.396927126281589,2.6269234629351996,simple,4.0
K7 深度超跌 + 小市值10% + 熊市 + rs弱,37385,0.18003104908376266,-0.4563729716995345,0.723685866672112,,30.922249793217535,0.25879744319912823,-0.413208236959521,0.8726549035590588,,37053,0.5803578657598575,1.6419315238548218,2.270763103027467,,,0.00122485841593748,3.9702764316459582,0.006197195067212739,7.944370346023192,0.01094143813956629,10.95224267892147,0.02173270889296274,11.845182312997649,0.04131057737543545,11.908030159368645,0.048272348357829675,12.106574943449294,2.428747059434735,-0.008727974490493895,1.5685630985631827,0.5767549626763948,2.428747059434735,3.014646362941468,simple,4.0
K8 深度超跌 + 小市值10% + 熊市 + rs弱 + 高波动,23547,0.27863456102549344,-0.38590407572488905,1.0735070596559766,,31.777327935222672,0.22827715090339074,-0.3918187350116137,0.8834577158242438,,23345,0.6372670807453417,1.611964112698911,2.8319780473100726,,,0.002098872060773544,4.919080308040253,0.009765821060065313,9.039247877151148,0.015270613654075314,11.964995621467018,0.023438618615454602,12.354525994633264,0.035340120002205065,12.039323834160863,0.049117332449169916,11.882572617618713,3.9708423662784718,0.19369505057994107,0.0530008187845703,0.665669091795174,3.9708423662784718,1.0936825291613603,simple,5.0
K9 距MA60 D1 + 熊市 + rs弱,378845,0.17249586122182747,-0.39721733199847675,0.6790873616312239,,307.75385865150287,0.23482964818253382,-0.42858039008475013,0.8258446877108273,,376308,0.5608065733388607,1.4640446232767153,1.8694402023199626,,,0.0011143784006961252,4.125118652675054,0.005585553116162648,8.745407703863613,0.009502534063300408,11.819343107340687,0.01591794484637938,14.683421112183442,0.015039453391983227,11.414776151997819,0.0070376748108200325,4.163822999611631,2.6017801720709572,0.2775850773243125,0.45245025942312345,0.6544654905548135,2.6017801720709572,2.0700737748183395,simple,3.0
K10 深度超跌 + 熊市,718352,0.1377292921581572,-0.37650937087365866,0.5952020268827218,,593.1890999174236,0.16701199010086287,-0.44859167217492213,0.6622732532995906,,713421,0.545920291104411,1.431058789517934,1.7204997617297093,,,0.0008930411854219962,4.158873215691879,0.004642121186986047,8.879782963335806,0.007799658651941217,11.634129672301235,0.012859272810731306,14.102938588449824,0.011519371948499182,10.721277687664315,0.006285664547009837,5.264833644404302,1.3000550637328856,0.20113201264982528,0.35171021943475256,0.5558472063624833,1.3000550637328856,1.5260461668380758,simple,2.0
K11 ret20 D1~D3 + 小市值30% + 熊市,368132,0.14636649439889515,-0.38657640655668746,0.6402031126345868,,294.2701838529177,0.24630172114647264,-0.427728749908734,0.9033372200717427,,365969,0.5746033133953968,1.456346526596778,1.9671557536417614,,,0.000746562831686724,3.9083284608763202,0.004166283426535942,9.322103367915734,0.0076673425032653935,12.64033163906768,0.014438008616746444,15.288121803616836,0.025261491994122254,16.74701981004921,0.030460256475604654,15.525615608871528,2.9904072062734324,0.18655295017233398,0.7689355937131535,0.45852308677122444,3.013367649614371,2.061346245210708,simple,3.0
K12 距MA120 D1 + 小市值30% + 熊市,131641,0.16523280657856487,-0.41750407764839825,0.6778823412649264,,108.61468646864687,0.24484810322182482,-0.3926202523017742,0.8556422009423004,,130708,0.5745631483918352,1.477187963536875,1.9949794285286164,,,0.0011042938397628603,4.266450606355519,0.0066571152821550605,10.227748955169202,0.011514581615298745,13.599221140215452,0.01950934200519223,15.334362320804301,0.026886574290225496,14.743197808050391,0.03130293731701998,13.721387068682295,2.938557215295582,0.17122354378468008,0.8586028451403718,0.41411123516094883,2.938557215295582,2.078293067916077,simple,3.0
