factor,factor_cn,group,decile,n,exw,t
ret5,过去5日涨幅,价格,1,1039966,-0.003269662452087394,-5.560481356976576
ret5,过去5日涨幅,价格,2,1041311,2.0901077336324904e-05,0.05210432673838715
ret5,过去5日涨幅,价格,3,1041780,0.0008349987283546149,2.499260551300821
ret5,过去5日涨幅,价格,4,1041495,0.001071508683525918,3.680796993009238
ret5,过去5日涨幅,价格,5,1040971,0.0011137479929592077,3.9989497285613225
ret5,过去5日涨幅,价格,6,1041885,0.000914547904593645,3.215597873267091
ret5,过去5日涨幅,价格,7,1041602,0.00043466890964699513,1.4329181496208936
ret5,过去5日涨幅,价格,8,1041464,-0.0008096190744805306,-2.2534450135780273
ret5,过去5日涨幅,价格,9,1041623,-0.004094313354199435,-8.832730150297639
ret5,过去5日涨幅,价格,10,1043058,-0.01450271815769044,-20.991306939210386
ret10,过去10日涨幅,价格,1,1038879,-0.001221225104169949,-2.1520158192391112
ret10,过去10日涨幅,价格,2,1040305,0.0008969561548033421,2.1849861990192165
ret10,过去10日涨幅,价格,3,1040428,0.00133105872618537,3.9870668664371918
ret10,过去10日涨幅,价格,4,1040411,0.0013884510864872063,4.577633900886255
ret10,过去10日涨幅,价格,5,1040051,0.0013970224685936408,4.8516127323039315
ret10,过去10日涨幅,价格,6,1040758,0.001160967733849262,4.088181498578263
ret10,过去10日涨幅,价格,7,1040685,7.606472656876682e-05,0.24392440538454735
ret10,过去10日涨幅,价格,8,1040281,-0.002118039949054244,-5.650433113347376
ret10,过去10日涨幅,价格,9,1040527,-0.0060680314178996695,-12.157410622998249
ret10,过去10日涨幅,价格,10,1041975,-0.015450396116867795,-20.24351527898094
ret20,过去20日涨幅,价格,1,1036713,0.0018453975665577399,3.139902883817817
ret20,过去20日涨幅,价格,2,1038120,0.0020104690478777087,4.741835161681421
ret20,过去20日涨幅,价格,3,1038415,0.0018593996548205826,5.199640388955783
ret20,过去20日涨幅,价格,4,1038137,0.001728525812809623,5.622585042843002
ret20,过去20日涨幅,价格,5,1037873,0.0011870534749348716,4.030668990943349
ret20,过去20日涨幅,价格,6,1038583,0.0004690880094599819,1.5556723507986445
ret20,过去20日涨幅,价格,7,1038493,-0.0007426751778319356,-2.257519654222811
ret20,过去20日涨幅,价格,8,1038086,-0.0035862923544419827,-9.306308872599898
ret20,过去20日涨幅,价格,9,1038379,-0.00784581936661518,-14.965921148416967
ret20,过去20日涨幅,价格,10,1039782,-0.016279086339608822,-19.459760882739246
ret40,过去40日涨幅,价格,1,1032368,0.003826884397236387,6.348839963499385
ret40,过去40日涨幅,价格,2,1033753,0.0020014421596626615,4.609425934711664
ret40,过去40日涨幅,价格,3,1034031,0.001274202920787891,3.503161791274014
ret40,过去40日涨幅,价格,4,1033795,0.0007282992426184688,2.3133241124500916
ret40,过去40日涨幅,价格,5,1033448,-0.00017593072321192096,-0.5945375322792157
ret40,过去40日涨幅,价格,6,1034324,-0.0008771058967983008,-3.137567310448865
ret40,过去40日涨幅,价格,7,1034045,-0.0023167421708487354,-7.450212870809598
ret40,过去40日涨幅,价格,8,1033764,-0.0042190266554677095,-11.33931360188489
ret40,过去40日涨幅,价格,9,1034010,-0.00740036628795679,-14.12929549314967
ret40,过去40日涨幅,价格,10,1035411,-0.014014900877534566,-15.85002392330584
ret60,过去60日涨幅,价格,1,1027972,0.0021971292070422327,3.5264364047249765
ret60,过去60日涨幅,价格,2,1029373,0.0011981340660967537,2.757335607874279
ret60,过去60日涨幅,价格,3,1029635,0.000612212552598819,1.6469092067889097
ret60,过去60日涨幅,价格,4,1029366,0.00016021298872746155,0.5079459100366644
ret60,过去60日涨幅,价格,5,1029105,-0.00011379081021466552,-0.3861511358219605
ret60,过去60日涨幅,价格,6,1029873,-0.0005522438447674633,-1.9659912253628005
ret60,过去60日涨幅,价格,7,1029635,-0.0015943208865009163,-5.349804587062934
ret60,过去60日涨幅,价格,8,1029400,-0.0035511909313611866,-9.885182062915941
ret60,过去60日涨幅,价格,9,1029607,-0.006584803433080746,-12.472220446394422
ret60,过去60日涨幅,价格,10,1031011,-0.013897583981108049,-15.486300921416264
px_ma20_pct,距MA20,价格,1,1039092,0.0002539299416545159,0.42893599707753716
px_ma20_pct,距MA20,价格,2,1040516,0.0010579427595876028,2.535400388107453
px_ma20_pct,距MA20,价格,3,1040792,0.0016400489959047392,4.720650131788322
px_ma20_pct,距MA20,价格,4,1040520,0.001995652910475695,6.506689724544043
px_ma20_pct,距MA20,价格,5,1040222,0.0017011571049515696,5.9285355475542625
px_ma20_pct,距MA20,价格,6,1041081,0.001140985199197454,3.973575777734167
px_ma20_pct,距MA20,价格,7,1040762,-5.346066259739056e-05,-0.16445867990113536
px_ma20_pct,距MA20,价格,8,1040524,-0.002831603723307735,-7.401416310905964
px_ma20_pct,距MA20,价格,9,1040767,-0.006870411234095634,-13.415320794943105
px_ma20_pct,距MA20,价格,10,1042195,-0.016563814810216595,-20.928542061494067
px_ma60_pct,距MA60,价格,1,1034766,0.0036919840063685465,5.846446361354807
px_ma60_pct,距MA60,价格,2,1036175,0.002429474465164295,5.397161202621732
px_ma60_pct,距MA60,价格,3,1036423,0.0013270809473281886,3.6318323510068145
px_ma60_pct,距MA60,价格,4,1036192,0.0012616165865511958,4.014183306174422
px_ma60_pct,距MA60,价格,5,1035857,0.0008524294740688779,2.954202357030198
px_ma60_pct,距MA60,价格,6,1036732,1.5197760492576253e-05,0.05498831786345102
px_ma60_pct,距MA60,价格,7,1036428,-0.0016658212305840547,-5.189129403979298
px_ma60_pct,距MA60,价格,8,1036167,-0.003943202217409385,-10.059557550210116
px_ma60_pct,距MA60,价格,9,1036419,-0.007954225270836994,-14.671766182741436
px_ma60_pct,距MA60,价格,10,1037823,-0.01615060204580108,-17.868329773345334
px_ma120_pct,距MA120,价格,1,1028197,0.00345536667507697,5.445181031439478
px_ma120_pct,距MA120,价格,2,1029592,0.001152780369655681,2.577833255767463
px_ma120_pct,距MA120,价格,3,1029867,0.0007546319549939529,2.1130345127046244
px_ma120_pct,距MA120,价格,4,1029600,0.0005998595433002419,1.9504625119592627
px_ma120_pct,距MA120,价格,5,1029284,0.00010175452466099801,0.3677435686598181
px_ma120_pct,距MA120,价格,6,1030138,-0.0006805832622133932,-2.504945828731107
px_ma120_pct,距MA120,价格,7,1029838,-0.0020309064443989294,-6.565816546345997
px_ma120_pct,距MA120,价格,8,1029605,-0.003969514715579096,-10.248879931493235
px_ma120_pct,距MA120,价格,9,1029830,-0.0068037510652662085,-12.344089608823092
px_ma120_pct,距MA120,价格,10,1031237,-0.014700810549643565,-15.63091763419841
sl5,MA5斜率,趋势,1,1038695,0.006529130342810387,9.42754981286032
sl5,MA5斜率,趋势,2,1040128,0.00429078993747765,9.656962045895154
sl5,MA5斜率,趋势,3,1040467,0.0031650808726395824,8.949239032442565
sl5,MA5斜率,趋势,4,1040113,0.0015962746334539078,5.323685116062739
sl5,MA5斜率,趋势,5,1039604,0.0001772519499524538,0.6127152814742457
sl5,MA5斜率,趋势,6,1040779,-0.0012890530567980334,-4.588878756024466
sl5,MA5斜率,趋势,7,1040379,-0.003013273830343678,-10.337680545037864
sl5,MA5斜率,趋势,8,1040352,-0.004885980025835186,-14.789382611313837
sl5,MA5斜率,趋势,9,1040305,-0.008268172032454764,-20.822677664297224
sl5,MA5斜率,趋势,10,1041858,-0.01660361859440461,-28.69466164700913
sl20,MA20斜率,趋势,1,1030794,-0.005221407954372997,-6.159982240512033
sl20,MA20斜率,趋势,2,1032205,-0.0033863608368562923,-6.497811383747758
sl20,MA20斜率,趋势,3,1032492,-0.0015872894714622973,-4.140310659371369
sl20,MA20斜率,趋势,4,1032206,-0.00029881772861636017,-0.9266532076652217
sl20,MA20斜率,趋势,5,1031875,-9.720448386817185e-05,-0.32563017065644206
sl20,MA20斜率,趋势,6,1032793,-0.00031745687120996374,-1.081713950723169
sl20,MA20斜率,趋势,7,1032528,-0.0006509741708679967,-2.1033640756915895
sl20,MA20斜率,趋势,8,1032187,-0.0014591956676144294,-4.141460776549476
sl20,MA20斜率,趋势,9,1032489,-0.0022579362803678343,-5.363491308106189
sl20,MA20斜率,趋势,10,1033930,-0.004270145017199925,-7.3908383669180475
sl60,MA60斜率,趋势,1,1009774,-0.007560989213420345,-8.326341130541866
sl60,MA60斜率,趋势,2,1011147,-0.0038947905640476905,-7.4362468765628105
sl60,MA60斜率,趋势,3,1011442,-0.002330919561064591,-6.519474285740603
sl60,MA60斜率,趋势,4,1011123,-0.001187394915544,-3.98772224400469
sl60,MA60斜率,趋势,5,1010943,-0.0008717658670797322,-3.0110679919706382
sl60,MA60斜率,趋势,6,1011681,-0.0009562854319678963,-3.209323158323885
sl60,MA60斜率,趋势,7,1011430,-0.0011796919857311365,-3.6769889847517954
sl60,MA60斜率,趋势,8,1011134,-0.0011963787217345485,-3.230760906976713
sl60,MA60斜率,趋势,9,1011462,-0.0012619253036626756,-2.922086750320356
sl60,MA60斜率,趋势,10,1012858,-0.0018248262600390323,-3.0363570886651683
dif,DIF,MACD,1,1040833,-0.0010076917256931896,-1.6058212300547583
dif,DIF,MACD,2,1042250,0.001791206259658553,4.19923207277785
dif,DIF,MACD,3,1042533,0.0024923537221022748,6.779248627077043
dif,DIF,MACD,4,1042257,0.003360566893393976,9.25963445681899
dif,DIF,MACD,5,1041945,0.0034053390629945725,9.73054132551471
dif,DIF,MACD,6,1042808,0.0023074562094735985,6.365174349019115
dif,DIF,MACD,7,1042522,0.000127578936424943,0.3265382337874818
dif,DIF,MACD,8,1042255,-0.003477481215988603,-8.353462981954658
dif,DIF,MACD,9,1042499,-0.009532828032978486,-16.91806801434175
dif,DIF,MACD,10,1043932,-0.017382373398084114,-18.606509915305228
dea,DEA,MACD,1,1040832,-0.0011372575706363732,-1.845554219272655
dea,DEA,MACD,2,1042251,0.0015784417000713996,3.6825265337119757
dea,DEA,MACD,3,1042529,0.0020683379648846227,5.52761834098267
dea,DEA,MACD,4,1042258,0.0024801146001445337,6.816637553914269
dea,DEA,MACD,5,1041949,0.002774590617007893,7.677919455561361
dea,DEA,MACD,6,1042810,0.001925269397328948,5.233477370189689
dea,DEA,MACD,7,1042516,-0.00039375553330145175,-1.01595734794591
dea,DEA,MACD,8,1042255,-0.003611336117261384,-8.676837510491698
dea,DEA,MACD,9,1042498,-0.008555290644142411,-15.346283141642349
dea,DEA,MACD,10,1043936,-0.015049859261687917,-16.41470865940903
hist,MACD柱,MACD,1,1040819,-0.005539022958208665,-8.298762878894147
hist,MACD柱,MACD,2,1042242,-0.00047158561538243095,-1.1603868665009065
hist,MACD柱,MACD,3,1042528,0.002035548439942953,5.828589520823947
hist,MACD柱,MACD,4,1042256,0.0036180074792616485,10.383363417767036
hist,MACD柱,MACD,5,1041951,0.003846441723723985,10.504356185141084
hist,MACD柱,MACD,6,1042818,0.002952466887644938,7.981976638999296
hist,MACD柱,MACD,7,1042526,0.0010314839425083855,2.827734124563895
hist,MACD柱,MACD,8,1042251,-0.002000930066254254,-5.155903379802011
hist,MACD柱,MACD,9,1042500,-0.007232507741973839,-15.610190990163817
hist,MACD柱,MACD,10,1043943,-0.016170052099303504,-21.1540504377332
hist_z,MACD柱Z,MACD,1,1028188,-0.0034627731600971965,-7.050587873731792
hist_z,MACD柱Z,MACD,2,1029575,-0.001235416723695813,-3.5554540279865283
hist_z,MACD柱Z,MACD,3,1029866,-0.0007746930488417754,-2.751103586966603
hist_z,MACD柱Z,MACD,4,1029587,-3.0996350718666666e-05,-0.12067905950069041
hist_z,MACD柱Z,MACD,5,1029296,0.0005258501444436583,2.047523538604337
hist_z,MACD柱Z,MACD,6,1030157,0.00029399831467977916,1.075847529209406
hist_z,MACD柱Z,MACD,7,1029830,3.8100636723502482e-06,0.01288681342626755
hist_z,MACD柱Z,MACD,8,1029618,-0.001186481752360132,-3.5941338069127085
hist_z,MACD柱Z,MACD,9,1029828,-0.003881215709575246,-9.19567321909507
hist_z,MACD柱Z,MACD,10,1031243,-0.012389264856863626,-19.163235409803594
dhist1,MACD柱1日变化,MACD,1,1040825,-0.010246733268149271,-14.292955456629212
dhist1,MACD柱1日变化,MACD,2,1042248,-0.0036829043657115833,-8.469746388964955
dhist1,MACD柱1日变化,MACD,3,1042531,7.400977096738672e-05,0.20427974431597723
dhist1,MACD柱1日变化,MACD,4,1042253,0.0022128654896988132,6.363720952310405
dhist1,MACD柱1日变化,MACD,5,1041944,0.0033227768153126632,9.480065061727586
dhist1,MACD柱1日变化,MACD,6,1042816,0.0031943116835681726,9.10429733139097
dhist1,MACD柱1日变化,MACD,7,1042520,0.002450580167091791,6.883714844432831
dhist1,MACD柱1日变化,MACD,8,1042261,0.0005511717489068746,1.5558371674340215
dhist1,MACD柱1日变化,MACD,9,1042506,-0.0034212984706983507,-8.530363630310442
dhist1,MACD柱1日变化,MACD,10,1043930,-0.012404550433658486,-18.47618155753583
dhist3,MACD柱3日变化,MACD,1,1040392,-0.009243995721485144,-13.1456326383433
dhist3,MACD柱3日变化,MACD,2,1041814,-0.002999965843348352,-6.916987979593807
dhist3,MACD柱3日变化,MACD,3,1042082,0.00043561178945836167,1.2100710240649428
dhist3,MACD柱3日变化,MACD,4,1041831,0.0025420335260602886,7.256997159856374
dhist3,MACD柱3日变化,MACD,5,1041514,0.0032606169164198944,9.290533430316362
dhist3,MACD柱3日变化,MACD,6,1042378,0.0030650514986482534,8.535240288569481
dhist3,MACD柱3日变化,MACD,7,1042085,0.002265922078417572,6.385080646961882
dhist3,MACD柱3日变化,MACD,8,1041835,-0.00028463593364377675,-0.7916177549144179
dhist3,MACD柱3日变化,MACD,9,1042067,-0.004657121504549632,-11.41710099137913
dhist3,MACD柱3日变化,MACD,10,1043497,-0.012531136293909385,-18.52106133998995
hist_upstreak,MACD柱连续改善天数,MACD,1,860645,-0.006836121453330645,-12.406643881591558
hist_upstreak,MACD柱连续改善天数,MACD,2,1180194,-0.00414978599284313,-9.31321445324589
hist_upstreak,MACD柱连续改善天数,MACD,3,1028852,-0.0022764329527241245,-5.2706269726447985
hist_upstreak,MACD柱连续改善天数,MACD,4,1028722,-0.0005631693440867138,-1.5544832793143228
hist_upstreak,MACD柱连续改善天数,MACD,5,1053532,-1.6330855026521998e-05,-0.056062674749270194
hist_upstreak,MACD柱连续改善天数,MACD,6,1041231,-0.00033812250787377716,-0.8689591807391683
hist_upstreak,MACD柱连续改善天数,MACD,7,1104564,-0.001275522642759773,-3.3870364949351246
hist_upstreak,MACD柱连续改善天数,MACD,8,1192181,-0.001825055219279154,-4.376224093644073
hist_upstreak,MACD柱连续改善天数,MACD,9,1139085,-0.004793534230896369,-9.522206196654889
hist_upstreak,MACD柱连续改善天数,MACD,10,786149,-0.009018175996988731,-14.64846453394377
rvol20,VOL/VOL20,量能,1,1036710,-0.003410624812462161,-8.023891490685742
rvol20,VOL/VOL20,量能,2,1038122,-0.0018698597682515216,-6.059711454675572
rvol20,VOL/VOL20,量能,3,1038387,-0.0006654494615268215,-2.476500745958379
rvol20,VOL/VOL20,量能,4,1038150,8.081130049183349e-05,0.3083433472138982
rvol20,VOL/VOL20,量能,5,1037828,0.00043265667322042213,1.7661546467376918
rvol20,VOL/VOL20,量能,6,1038680,0.00019133959458173124,0.7799277928815991
rvol20,VOL/VOL20,量能,7,1038398,7.389881215891675e-05,0.2776985255763542
rvol20,VOL/VOL20,量能,8,1038131,-0.0007224684554777142,-2.5009219054531435
rvol20,VOL/VOL20,量能,9,1038385,-0.0027495546876281276,-7.904686424302423
rvol20,VOL/VOL20,量能,10,1039790,-0.010738561690261076,-20.849227032307773
vr20m,VR20,量能,1,1036707,-0.0035947082895428253,-8.593104016957753
vr20m,VR20,量能,2,1038127,-0.0022911358317557065,-7.297969919787943
vr20m,VR20,量能,3,1038388,-0.0007760222977264167,-2.854209248928538
vr20m,VR20,量能,4,1038149,-3.324979365394046e-05,-0.1308615293782586
vr20m,VR20,量能,5,1037825,0.0003664994093218135,1.475614304533573
vr20m,VR20,量能,6,1038678,0.0006524875002246424,2.5966916562676214
vr20m,VR20,量能,7,1038406,0.00019527232382088647,0.7432800759846127
vr20m,VR20,量能,8,1038125,-0.0007589640367702301,-2.5736446332901863
vr20m,VR20,量能,9,1038384,-0.002659768630133215,-7.511087640117965
vr20m,VR20,量能,10,1039792,-0.010479482979125578,-21.30886982569667
vt_5_20,VOL5/VOL20,量能,1,1036926,-0.002959721300646574,-7.204869761203806
vt_5_20,VOL5/VOL20,量能,2,1038340,-0.0014841264376689945,-4.911517013589687
vt_5_20,VOL5/VOL20,量能,3,1038603,-0.0007090470621202512,-2.611187228401196
vt_5_20,VOL5/VOL20,量能,4,1038364,-0.0001135857677444353,-0.4450244866843432
vt_5_20,VOL5/VOL20,量能,5,1038039,0.0004338518053460362,1.7490338089932886
vt_5_20,VOL5/VOL20,量能,6,1038893,0.0004900874788245557,1.9621147617549197
vt_5_20,VOL5/VOL20,量能,7,1038620,-0.00027232089484250456,-0.9696282472912953
vt_5_20,VOL5/VOL20,量能,8,1038352,-0.0010031005056668361,-3.2194930849602073
vt_5_20,VOL5/VOL20,量能,9,1038599,-0.0030555960646935316,-8.282460433159278
vt_5_20,VOL5/VOL20,量能,10,1040018,-0.010632080587982541,-20.47459370414894
vt_20_60,VOL20/VOL60,量能,1,1028197,-0.0008387422628184256,-1.7574062538616466
vt_20_60,VOL20/VOL60,量能,2,1029574,0.00032942425599152456,1.0031454746511237
vt_20_60,VOL20/VOL60,量能,3,1029861,1.4162487289615684e-05,0.05135975895417447
vt_20_60,VOL20/VOL60,量能,4,1029592,6.0365378973055644e-05,0.22669826264462895
vt_20_60,VOL20/VOL60,量能,5,1029295,9.303113450842714e-05,0.3571696200070041
vt_20_60,VOL20/VOL60,量能,6,1030150,-0.0004878729287359414,-1.777329505620232
vt_20_60,VOL20/VOL60,量能,7,1029834,-0.001282892402569311,-4.322910200979397
vt_20_60,VOL20/VOL60,量能,8,1029612,-0.002933733022532089,-8.662891547883813
vt_20_60,VOL20/VOL60,量能,9,1029824,-0.005469241316152598,-14.14079434868605
vt_20_60,VOL20/VOL60,量能,10,1031249,-0.011621202364207056,-21.760139964551136
dvt5,5日量能趋势,量能,1,1035850,-0.004790268814830864,-12.195697740940016
dvt5,5日量能趋势,量能,2,1037252,-0.002477431136480234,-8.093249833344004
dvt5,5日量能趋势,量能,3,1037520,-0.0013055985119031185,-4.616291862073138
dvt5,5日量能趋势,量能,4,1037272,-0.0005546762295502871,-2.150008245351477
dvt5,5日量能趋势,量能,5,1036961,-0.00042438937971057695,-1.6545139375351021
dvt5,5日量能趋势,量能,6,1037797,9.710416600785133e-06,0.038547941619425506
dvt5,5日量能趋势,量能,7,1037533,3.502617600902175e-05,0.14388966620344928
dvt5,5日量能趋势,量能,8,1037256,-0.0007034735345957622,-2.562682992030719
dvt5,5日量能趋势,量能,9,1037507,-0.0016394112131587818,-5.28470415242201
dvt5,5日量能趋势,量能,10,1038932,-0.00786767031823927,-17.757038046589336
rs_mkt20,相对市场20日强弱,相对强弱,1,1036535,0.0018118100061196394,3.0866900726630315
rs_mkt20,相对市场20日强弱,相对强弱,2,1037940,0.0019821596733944373,4.683911731240143
rs_mkt20,相对市场20日强弱,相对强弱,3,1038236,0.0018274528417287065,5.129006868379429
rs_mkt20,相对市场20日强弱,相对强弱,4,1037958,0.0017158619856719078,5.584159831987423
rs_mkt20,相对市场20日强弱,相对强弱,5,1037694,0.0011812398872574287,4.0102932042821395
rs_mkt20,相对市场20日强弱,相对强弱,6,1038404,0.0004608894052223973,1.5285077897381747
rs_mkt20,相对市场20日强弱,相对强弱,7,1038314,-0.0007392238192134212,-2.2463582756049165
rs_mkt20,相对市场20日强弱,相对强弱,8,1037907,-0.003575762934681379,-9.279171603056113
rs_mkt20,相对市场20日强弱,相对强弱,9,1038200,-0.007825180036593674,-14.932855282128596
rs_mkt20,相对市场20日强弱,相对强弱,10,1039602,-0.01624521395371319,-19.42834238741191
rs_mkt60,相对市场60日强弱,相对强弱,1,1027813,0.0021992227334733175,3.5285883708175905
rs_mkt60,相对市场60日强弱,相对强弱,2,1029219,0.001196828592052338,2.7532326313863003
rs_mkt60,相对市场60日强弱,相对强弱,3,1029474,0.0006081162907146709,1.635405874855467
rs_mkt60,相对市场60日强弱,相对强弱,4,1029207,0.0001603753774521212,0.5082791416742773
rs_mkt60,相对市场60日强弱,相对强弱,5,1028948,-0.00010297341777663291,-0.3495506271450672
rs_mkt60,相对市场60日强弱,相对强弱,6,1029714,-0.0005507376616279219,-1.9599599617916863
rs_mkt60,相对市场60日强弱,相对强弱,7,1029476,-0.0015872581856008084,-5.325692566726963
rs_mkt60,相对市场60日强弱,相对强弱,8,1029241,-0.0035419203066578042,-9.859106833893472
rs_mkt60,相对市场60日强弱,相对强弱,9,1029450,-0.0065667719664710845,-12.440919807240862
rs_mkt60,相对市场60日强弱,相对强弱,10,1030852,-0.013898813207056833,-15.482135049487873
rs_sz20,相对同规模20日强弱,相对强弱,1,1032942,0.00353231061023391,6.416265840899615
rs_sz20,相对同规模20日强弱,相对强弱,2,1034348,0.0029635109942238403,7.3319799591906
rs_sz20,相对同规模20日强弱,相对强弱,3,1034616,0.002306118406218693,6.650571249352094
rs_sz20,相对同规模20日强弱,相对强弱,4,1034372,0.0019416813737504139,6.273589298714768
rs_sz20,相对同规模20日强弱,相对强弱,5,1034043,0.001095587267381548,3.854311993352312
rs_sz20,相对同规模20日强弱,相对强弱,6,1034901,-0.0002927973946770756,-0.9638507273528414
rs_sz20,相对同规模20日强弱,相对强弱,7,1034619,-0.0018115793060308467,-5.453699439348896
rs_sz20,相对同规模20日强弱,相对强弱,8,1034350,-0.004383751701567936,-11.470391444768968
rs_sz20,相对同规模20日强弱,相对强弱,9,1034597,-0.00877397229997375,-16.964071331669018
rs_sz20,相对同规模20日强弱,相对强弱,10,1035998,-0.017316098286809644,-21.108967224233893
hv20,20日历史波动,波动,1,1036701,-0.0035933770055126824,-4.623678066334163
hv20,20日历史波动,波动,2,1038134,-0.0011182613822960817,-2.1986588391507977
hv20,20日历史波动,波动,3,1038384,0.00036006966886571815,0.9079358075811255
hv20,20日历史波动,波动,4,1038154,0.001569632308230737,4.9945103725443625
hv20,20日历史波动,波动,5,1037825,0.0009956452808954142,3.6498791661252814
hv20,20日历史波动,波动,6,1038667,0.0011464933617604189,4.4522866843808
hv20,20日历史波动,波动,7,1038401,5.656763084942179e-05,0.17763969938132773
hv20,20日历史波动,波动,8,1038127,-0.0021359203434015792,-5.505246304367885
hv20,20日历史波动,波动,9,1038394,-0.004672761462753492,-8.917170817839374
hv20,20日历史波动,波动,10,1039794,-0.011988464977424743,-14.24389405475343
atr_pct,ATR占比,波动,1,1038002,-0.00401736761274218,-4.979407340942014
atr_pct,ATR占比,波动,2,1039433,-0.0015926147962885097,-2.933654453021993
atr_pct,ATR占比,波动,3,1039686,0.0002941799272711832,0.7210452046714787
atr_pct,ATR占比,波动,4,1039452,0.0009315950329206224,2.831229384291503
atr_pct,ATR占比,波动,5,1039120,0.0006749233565249376,2.4272410137709266
atr_pct,ATR占比,波动,6,1039995,0.0006568338964844345,2.430879601252374
atr_pct,ATR占比,波动,7,1039688,-0.0007044106620952942,-2.248061508839178
atr_pct,ATR占比,波动,8,1039442,-0.001857034994317565,-4.514850689465537
atr_pct,ATR占比,波动,9,1039684,-0.0030160025188446884,-5.272506246668668
atr_pct,ATR占比,波动,10,1041114,-0.010326010930762276,-11.967044683905673
m_above60,市场距MA60,市场(无截面),6,10307101,-0.0021115704941613227,-11.010255427240615
m_ma20v60,市场MA20/MA60-1,市场(无截面),6,10307101,-0.0021115704941613227,-11.010255427240615
breadth,Breadth,市场(无截面),6,10423834,-0.0017950492715454436,-9.302923553117367
mhv20,市场HV20,市场(无截面),6,10386463,-0.0019026934326461277,-9.877103011414807
