variant,year,n_day,ret,mdd
S ret20 D2~D6 | 全环境,2015,244,1.096490434873115,-0.5127579066638034
S ret20 D2~D6 | 全环境,2016,244,0.1269610977081268,-0.25868394757387847
S ret20 D2~D6 | 全环境,2017,244,-0.14624310636583604,-0.20815391407960004
S ret20 D2~D6 | 全环境,2018,243,-0.2510001420200093,-0.3548831421781804
S ret20 D2~D6 | 全环境,2019,244,0.4824446892419225,-0.1750692620426756
S ret20 D2~D6 | 全环境,2020,243,0.20671127110894272,-0.19806503088124694
S ret20 D2~D6 | 全环境,2021,243,0.3107947066169716,-0.11504661890026802
S ret20 D2~D6 | 全环境,2022,242,-0.019137820415838114,-0.3031572733567863
S ret20 D2~D6 | 全环境,2023,242,0.14241254460327668,-0.09040682143455236
S ret20 D2~D6 | 全环境,2024,242,0.11240177386478267,-0.34786322557903415
S ret20 D2~D6 | 全环境,2025,243,0.5385337872808191,-0.1744049144004597
S ret20 D2~D6 | 全环境,2026,175,0.0016400574296997483,-0.23263055833576218
S ret20 D2~D6 | 市场 Close>MA60,2015,244,0.29287095340679925,-0.4493926016383436
S ret20 D2~D6 | 市场 Close>MA60,2016,244,0.01495193361796443,-0.12850034247948683
S ret20 D2~D6 | 市场 Close>MA60,2017,244,-0.05407712096583106,-0.09898669423193995
S ret20 D2~D6 | 市场 Close>MA60,2018,243,-0.14828264325171903,-0.1567186648731803
S ret20 D2~D6 | 市场 Close>MA60,2019,244,0.3015164796785774,-0.1509834491365647
S ret20 D2~D6 | 市场 Close>MA60,2020,243,-0.02927076428870501,-0.17832220495275253
S ret20 D2~D6 | 市场 Close>MA60,2021,243,0.25620732340391705,-0.09000587521384007
S ret20 D2~D6 | 市场 Close>MA60,2022,242,0.01685587537526745,-0.08448325981859761
S ret20 D2~D6 | 市场 Close>MA60,2023,242,0.05443408413274864,-0.07516872617412673
S ret20 D2~D6 | 市场 Close>MA60,2024,242,0.22419603757008644,-0.15343464692321718
S ret20 D2~D6 | 市场 Close>MA60,2025,243,0.3023642380670053,-0.09367241241367463
S ret20 D2~D6 | 市场 Close>MA60,2026,175,-0.06292483884125166,-0.16474771001695476
S ret20 D2~D6 | 市场 Close<MA60,2015,244,0.6215774895001878,-0.33098543665692726
S ret20 D2~D6 | 市场 Close<MA60,2016,244,0.11035908241574388,-0.25868394757387847
S ret20 D2~D6 | 市场 Close<MA60,2017,244,-0.09743498909140469,-0.17107021349805218
S ret20 D2~D6 | 市场 Close<MA60,2018,243,-0.1206004526671256,-0.3250575894774883
S ret20 D2~D6 | 市场 Close<MA60,2019,244,0.13901338353243875,-0.09915904419085231
S ret20 D2~D6 | 市场 Close<MA60,2020,243,0.2430976905982798,-0.06398070245152732
S ret20 D2~D6 | 市场 Close<MA60,2021,243,0.04345411955181144,-0.11504661890026802
S ret20 D2~D6 | 市场 Close<MA60,2022,242,-0.03539704756863671,-0.28008145303841714
S ret20 D2~D6 | 市场 Close<MA60,2023,242,0.08343666218157941,-0.07463023831602644
S ret20 D2~D6 | 市场 Close<MA60,2024,242,-0.09132055673632411,-0.33418620495030926
S ret20 D2~D6 | 市场 Close<MA60,2025,243,0.1813390926368974,-0.08907651393662908
S ret20 D2~D6 | 市场 Close<MA60,2026,175,0.06890044571356713,-0.1651019825582759
S ret20 D2~D6 | 市场 MA20>MA60,2015,244,0.5237057305906276,-0.5127579066638034
S ret20 D2~D6 | 市场 MA20>MA60,2016,244,-0.12388168251035825,-0.2590643125361879
S ret20 D2~D6 | 市场 MA20>MA60,2017,244,-0.06926441989758825,-0.1602549680477685
S ret20 D2~D6 | 市场 MA20>MA60,2018,243,-0.051424757874032445,-0.08402284445690056
S ret20 D2~D6 | 市场 MA20>MA60,2019,244,0.14659856487283873,-0.21338560650798233
S ret20 D2~D6 | 市场 MA20>MA60,2020,243,0.10958027942652904,-0.19806503088124694
S ret20 D2~D6 | 市场 MA20>MA60,2021,243,0.2297019849377233,-0.08062858204587442
S ret20 D2~D6 | 市场 MA20>MA60,2022,242,-0.03229662150377477,-0.1412897683350014
S ret20 D2~D6 | 市场 MA20>MA60,2023,242,-0.0008990763542348068,-0.11387210335321196
S ret20 D2~D6 | 市场 MA20>MA60,2024,242,-0.13114865765321415,-0.24292336952545301
S ret20 D2~D6 | 市场 MA20>MA60,2025,243,0.1579723406496787,-0.17440491440045958
S ret20 D2~D6 | 市场 MA20>MA60,2026,175,-0.09411461775900731,-0.2039924411978321
S ret20 D2~D6 | 市场 MA20<MA60,2015,244,0.3759155674110761,-0.362626001920077
S ret20 D2~D6 | 市场 MA20<MA60,2016,244,0.2863115348817613,-0.15337617139857518
S ret20 D2~D6 | 市场 MA20<MA60,2017,244,-0.08270736406120527,-0.13164603318468604
S ret20 D2~D6 | 市场 MA20<MA60,2018,243,-0.21039489044504778,-0.34143932832036594
S ret20 D2~D6 | 市场 MA20<MA60,2019,244,0.29290645798630677,-0.07903298242886936
S ret20 D2~D6 | 市场 MA20<MA60,2020,243,0.08753849855065532,-0.06569607833215696
S ret20 D2~D6 | 市场 MA20<MA60,2021,243,0.06594501974667888,-0.11504661890026802
S ret20 D2~D6 | 市场 MA20<MA60,2022,242,0.013597969564170587,-0.2800814530384168
S ret20 D2~D6 | 市场 MA20<MA60,2023,242,0.14344058499571744,-0.07463023831602678
S ret20 D2~D6 | 市场 MA20<MA60,2024,242,0.28031312106874595,-0.3212566928318986
S ret20 D2~D6 | 市场 MA20<MA60,2025,243,0.32864467765925043,-0.02007263227452405
S ret20 D2~D6 | 市场 MA20<MA60,2026,175,0.10570285939687829,-0.13251497559413017
S ret20 D2~D6 | 市场 HV20 > 中位,2015,244,0.6266464419196103,-0.5127579066638033
S ret20 D2~D6 | 市场 HV20 > 中位,2016,244,0.1880439268750207,-0.25868394757387847
S ret20 D2~D6 | 市场 HV20 > 中位,2017,244,0.17221115231458395,-0.06847106767245903
S ret20 D2~D6 | 市场 HV20 > 中位,2018,243,0.07214850326352495,-0.1807377057624986
S ret20 D2~D6 | 市场 HV20 > 中位,2019,244,0.49060371008132875,-0.16006702662122152
S ret20 D2~D6 | 市场 HV20 > 中位,2020,243,0.26811926326792634,-0.10773044114931007
S ret20 D2~D6 | 市场 HV20 > 中位,2021,243,0.08053896115246584,-0.05134288081992611
S ret20 D2~D6 | 市场 HV20 > 中位,2022,242,0.184122011591207,-0.18922411712788267
S ret20 D2~D6 | 市场 HV20 > 中位,2023,242,0.045402151926778656,-0.032159533450132005
S ret20 D2~D6 | 市场 HV20 > 中位,2024,242,0.368740452659287,-0.2824774169524944
S ret20 D2~D6 | 市场 HV20 > 中位,2025,243,0.4121385173433272,-0.0890765139366293
S ret20 D2~D6 | 市场 HV20 > 中位,2026,175,0.046680838937784186,-0.11491340068803313
S ret20 D2~D6 | 市场 HV20 < 中位,2015,244,0.28884211150337125,-0.031571465413547384
S ret20 D2~D6 | 市场 HV20 < 中位,2016,244,-0.051414621787228776,-0.09378808692493723
S ret20 D2~D6 | 市场 HV20 < 中位,2017,244,-0.2716697056256614,-0.2968215357428372
S ret20 D2~D6 | 市场 HV20 < 中位,2018,243,-0.3014028787056071,-0.31160017504261006
S ret20 D2~D6 | 市场 HV20 < 中位,2019,244,-0.0054736351346929,-0.16665667735297263
S ret20 D2~D6 | 市场 HV20 < 中位,2020,243,-0.048424461277195685,-0.16430881188651958
S ret20 D2~D6 | 市场 HV20 < 中位,2021,243,0.21309342258137876,-0.15414560364714414
S ret20 D2~D6 | 市场 HV20 < 中位,2022,242,-0.17165446636188053,-0.2213165546045287
S ret20 D2~D6 | 市场 HV20 < 中位,2023,242,0.09279720009921277,-0.12321994466704855
S ret20 D2~D6 | 市场 HV20 < 中位,2024,242,-0.18728070635778382,-0.2466953372083892
S ret20 D2~D6 | 市场 HV20 < 中位,2025,243,0.08950628311964848,-0.1135007410827713
S ret20 D2~D6 | 市场 HV20 < 中位,2026,175,-0.043032011127474123,-0.17415024300628057
S ret20 D2~D6 | Breadth > 中位,2015,244,0.38968733551176005,-0.37919010793765684
S ret20 D2~D6 | Breadth > 中位,2016,244,-0.1096345055381126,-0.21261087980580873
S ret20 D2~D6 | Breadth > 中位,2017,244,0.045429573587210115,-0.0846559907517761
S ret20 D2~D6 | Breadth > 中位,2018,243,-0.1467663168618737,-0.26689852480724485
S ret20 D2~D6 | Breadth > 中位,2019,244,0.3727729364438477,-0.10167152850504602
S ret20 D2~D6 | Breadth > 中位,2020,243,0.243001278491636,-0.12275727994663133
S ret20 D2~D6 | Breadth > 中位,2021,243,0.25260758158361063,-0.04297819970099137
S ret20 D2~D6 | Breadth > 中位,2022,242,0.12968753321703952,-0.11512481163448929
S ret20 D2~D6 | Breadth > 中位,2023,242,0.013399181309452501,-0.13755388105958943
S ret20 D2~D6 | Breadth > 中位,2024,242,0.3138898929494882,-0.12286085291391857
S ret20 D2~D6 | Breadth > 中位,2025,243,0.18838761634108425,-0.0937718046985121
S ret20 D2~D6 | Breadth > 中位,2026,175,0.07191729906781541,-0.11326075692800308
S ret20 D2~D6 | Breadth < 中位,2015,244,0.5086058434151808,-0.26542813245477115
S ret20 D2~D6 | Breadth < 中位,2016,244,0.2657286302286823,-0.13201447493016893
S ret20 D2~D6 | Breadth < 中位,2017,244,-0.18334346453903572,-0.22592493460452057
S ret20 D2~D6 | Breadth < 中位,2018,243,-0.12216327978845398,-0.23768225375956487
S ret20 D2~D6 | Breadth < 中位,2019,244,0.07989067229295821,-0.17243708459347362
S ret20 D2~D6 | Breadth < 中位,2020,243,-0.029195470681035673,-0.18507858623046403
S ret20 D2~D6 | Breadth < 中位,2021,243,0.046452796461441404,-0.08292424096628281
S ret20 D2~D6 | Breadth < 中位,2022,242,-0.13174028149984385,-0.24517013187053827
S ret20 D2~D6 | Breadth < 中位,2023,242,0.12730754639758213,-0.06949605243692414
S ret20 D2~D6 | Breadth < 中位,2024,242,-0.15335236245131234,-0.33533416438718366
S ret20 D2~D6 | Breadth < 中位,2025,243,0.2946397001491785,-0.16963278858866981
S ret20 D2~D6 | Breadth < 中位,2026,175,-0.06556218627988597,-0.183552261914099
L 深度超跌 | 全环境,2015,244,1.2733610323703224,-0.47388532813400286
L 深度超跌 | 全环境,2016,244,0.18619333828057516,-0.243478227096939
L 深度超跌 | 全环境,2017,244,-0.1727766664923387,-0.265044896225613
L 深度超跌 | 全环境,2018,243,-0.24454187493263047,-0.369292802637478
L 深度超跌 | 全环境,2019,244,0.5743654327280825,-0.17381816168195674
L 深度超跌 | 全环境,2020,243,0.14783237684594397,-0.21086596864567098
L 深度超跌 | 全环境,2021,243,0.37285315317977097,-0.1401520720413093
L 深度超跌 | 全环境,2022,242,-0.023686823273579294,-0.338357911387726
L 深度超跌 | 全环境,2023,242,0.058973182869086704,-0.14847449403403867
L 深度超跌 | 全环境,2024,242,0.24431703428475826,-0.37870450105477427
L 深度超跌 | 全环境,2025,243,0.7052234395733137,-0.17522955298179832
L 深度超跌 | 全环境,2026,175,0.0610515280359476,-0.2545256835267038
L 深度超跌 | 市场 Close>MA60,2015,244,0.33256262345891185,-0.42163702970118067
L 深度超跌 | 市场 Close>MA60,2016,244,0.010985008248628247,-0.15509369105185722
L 深度超跌 | 市场 Close>MA60,2017,244,-0.0572043430571213,-0.1498387905086519
L 深度超跌 | 市场 Close>MA60,2018,243,-0.18878728762382047,-0.20116087039270225
L 深度超跌 | 市场 Close>MA60,2019,244,0.32230700726027295,-0.1681468534441144
L 深度超跌 | 市场 Close>MA60,2020,243,-0.10154486879636127,-0.201234408658285
L 深度超跌 | 市场 Close>MA60,2021,243,0.26440156867346953,-0.08706564785189064
L 深度超跌 | 市场 Close>MA60,2022,242,-0.016845805790747126,-0.08763629000140538
L 深度超跌 | 市场 Close>MA60,2023,242,-0.0050916237863788405,-0.13512621617432796
L 深度超跌 | 市场 Close>MA60,2024,242,0.22472165568282754,-0.14525843413678918
L 深度超跌 | 市场 Close>MA60,2025,243,0.33366751387437255,-0.10494203286837622
L 深度超跌 | 市场 Close>MA60,2026,175,-0.09519209754290558,-0.21151860330772554
L 深度超跌 | 市场 Close<MA60,2015,244,0.7060069015513861,-0.36326457590079364
L 深度超跌 | 市场 Close<MA60,2016,244,0.17330457781512254,-0.243478227096939
L 深度超跌 | 市场 Close<MA60,2017,244,-0.12258470070807703,-0.2153356434267274
L 深度超跌 | 市场 Close<MA60,2018,243,-0.06872992306234316,-0.33273763607642515
L 深度超跌 | 市场 Close<MA60,2019,244,0.1906201994573551,-0.10427328295421012
L 深度超跌 | 市场 Close<MA60,2020,243,0.27756226992462096,-0.08204657566252793
L 深度超跌 | 市场 Close<MA60,2021,243,0.08577305437866722,-0.1401520720413093
L 深度超跌 | 市场 Close<MA60,2022,242,-0.006958234550719644,-0.31642262299956403
L 深度超跌 | 市场 Close<MA60,2023,242,0.06439266990522396,-0.09791397858943551
L 深度超跌 | 市场 Close<MA60,2024,242,0.01599986291661093,-0.36090822522144406
L 深度超跌 | 市场 Close<MA60,2025,243,0.27859711797249354,-0.07852845591517532
L 深度超跌 | 市场 Close<MA60,2026,175,0.1726815439548639,-0.1836024657416896
L 深度超跌 | 市场 MA20>MA60,2015,244,0.6410293855185485,-0.47388532813400286
L 深度超跌 | 市场 MA20>MA60,2016,244,-0.10558815654758125,-0.248942810098996
L 深度超跌 | 市场 MA20>MA60,2017,244,-0.11821288667805818,-0.22487493514123258
L 深度超跌 | 市场 MA20>MA60,2018,243,-0.11136179224075116,-0.1278302410156782
L 深度超跌 | 市场 MA20>MA60,2019,244,0.10363872931828944,-0.25377163331028596
L 深度超跌 | 市场 MA20>MA60,2020,243,0.09336955272213499,-0.21086596864567098
L 深度超跌 | 市场 MA20>MA60,2021,243,0.2325714519702473,-0.08706564785189119
L 深度超跌 | 市场 MA20>MA60,2022,242,-0.06323271940824493,-0.13596094964859884
L 深度超跌 | 市场 MA20>MA60,2023,242,-0.08698081346860398,-0.1890732415678662
L 深度超跌 | 市场 MA20>MA60,2024,242,-0.17470503932125114,-0.2578721071182085
L 深度超跌 | 市场 MA20>MA60,2025,243,0.1991097483695461,-0.17522955298179843
L 深度超跌 | 市场 MA20>MA60,2026,175,-0.10862019787641242,-0.2389253459746441
L 深度超跌 | 市场 MA20<MA60,2015,244,0.385326218062795,-0.4118898575536363
L 深度超跌 | 市场 MA20<MA60,2016,244,0.32622722626512046,-0.1776717425188109
L 深度超跌 | 市场 MA20<MA60,2017,244,-0.06187863146323758,-0.16179944932536172
L 深度超跌 | 市场 MA20<MA60,2018,243,-0.14986985876704606,-0.3208567936671092
L 深度超跌 | 市场 MA20<MA60,2019,244,0.42652245785226905,-0.0872761447163024
L 深度超跌 | 市场 MA20<MA60,2020,243,0.04981190850633688,-0.11243804775340738
L 深度超跌 | 市场 MA20<MA60,2021,243,0.11381222645168765,-0.1401520720413093
L 深度超跌 | 市场 MA20<MA60,2022,242,0.04221528329820057,-0.3164226229995638
L 深度超跌 | 市场 MA20<MA60,2023,242,0.15985863001650102,-0.09791397858943551
L 深度超跌 | 市场 MA20<MA60,2024,242,0.5077240181636293,-0.34993841332440256
L 深度超跌 | 市场 MA20<MA60,2025,243,0.42207453645668225,-0.034378090204848166
L 深度超跌 | 市场 MA20<MA60,2026,175,0.19034728575646542,-0.15300268517151916
L 深度超跌 | 市场 HV20 > 中位,2015,244,0.7588170848933915,-0.47388532813400286
L 深度超跌 | 市场 HV20 > 中位,2016,244,0.2853401122859742,-0.243478227096939
L 深度超跌 | 市场 HV20 > 中位,2017,244,0.22167669586366334,-0.10331860242038671
L 深度超跌 | 市场 HV20 > 中位,2018,243,0.18363940297594517,-0.17412878552965205
L 深度超跌 | 市场 HV20 > 中位,2019,244,0.5967593657308561,-0.1697318220917663
L 深度超跌 | 市场 HV20 > 中位,2020,243,0.26247247889992376,-0.11956766902869209
L 深度超跌 | 市场 HV20 > 中位,2021,243,0.19166063471699757,-0.06456445315870918
L 深度超跌 | 市场 HV20 > 中位,2022,242,0.2100022773219501,-0.2307899473035161
L 深度超跌 | 市场 HV20 > 中位,2023,242,0.05554703785287396,-0.05872767201683071
L 深度超跌 | 市场 HV20 > 中位,2024,242,0.5592955947699458,-0.3095535482766444
L 深度超跌 | 市场 HV20 > 中位,2025,243,0.5915018814451314,-0.07956749840164645
L 深度超跌 | 市场 HV20 > 中位,2026,175,0.14039643796415135,-0.1240689719004835
L 深度超跌 | 市场 HV20 < 中位,2015,244,0.29255114241065083,-0.018928185540001197
L 深度超跌 | 市场 HV20 < 中位,2016,244,-0.07713660614626472,-0.11022105354931944
L 深度超跌 | 市场 HV20 < 中位,2017,244,-0.3228786827902481,-0.3575425163409358
L 深度超跌 | 市场 HV20 < 中位,2018,243,-0.36174976672120607,-0.3737157005014621
L 深度超跌 | 市场 HV20 < 中位,2019,244,-0.014024613528740959,-0.20181153051613254
L 深度超跌 | 市场 HV20 < 中位,2020,243,-0.09080602070143406,-0.18717619076084047
L 深度超跌 | 市场 HV20 < 中位,2021,243,0.1520504354881238,-0.21356217842438474
L 深度超跌 | 市场 HV20 < 中位,2022,242,-0.19313112460642867,-0.23347157137698737
L 深度超跌 | 市场 HV20 < 中位,2023,242,0.003245847786357725,-0.19328511621985178
L 深度超跌 | 市场 HV20 < 中位,2024,242,-0.20200054533704925,-0.2538261026265314
L 深度超跌 | 市场 HV20 < 中位,2025,243,0.0714554971338881,-0.14206068470294342
L 深度超跌 | 市场 HV20 < 中位,2026,175,-0.0695766027381245,-0.2182010650534031
L 深度超跌 | Breadth > 中位,2015,244,0.4811812124460002,-0.33470727982743387
L 深度超跌 | Breadth > 中位,2016,244,-0.03882988554044975,-0.19091653443764067
L 深度超跌 | Breadth > 中位,2017,244,0.10093331811973494,-0.09158924218478515
L 深度超跌 | Breadth > 中位,2018,243,-0.11961606575080597,-0.30129063798146916
L 深度超跌 | Breadth > 中位,2019,244,0.5011999556336713,-0.10339428524801819
L 深度超跌 | Breadth > 中位,2020,243,0.28470415903577484,-0.15587933717861824
L 深度超跌 | Breadth > 中位,2021,243,0.3943394448022417,-0.06722721017827127
L 深度超跌 | Breadth > 中位,2022,242,0.07690350920517353,-0.1695932024691419
L 深度超跌 | Breadth > 中位,2023,242,-0.07271542055332691,-0.2128514739015367
L 深度超跌 | Breadth > 中位,2024,242,0.4759015894037144,-0.1314037465699951
L 深度超跌 | Breadth > 中位,2025,243,0.20532486542947392,-0.08451328503371414
L 深度超跌 | Breadth > 中位,2026,175,0.06987765870705998,-0.13927650798572988
L 深度超跌 | Breadth < 中位,2015,244,0.5348297786036122,-0.3006459755859995
L 深度超跌 | Breadth < 中位,2016,244,0.2341138373279017,-0.1366447929926795
L 深度超跌 | Breadth < 中位,2017,244,-0.24861631500038384,-0.3011583115055305
L 深度超跌 | Breadth < 中位,2018,243,-0.14189923773241386,-0.28401418833972947
L 深度超跌 | Breadth < 中位,2019,244,0.04873799577453686,-0.182675779317636
L 深度超跌 | Breadth < 中位,2020,243,-0.10653953381185999,-0.19975879195590096
L 深度超跌 | Breadth < 中位,2021,243,-0.015409656308989383,-0.11924718645253096
L 深度超跌 | Breadth < 中位,2022,242,-0.09340700593778839,-0.25084570673118267
L 深度超跌 | Breadth < 中位,2023,242,0.14201530613287505,-0.08465426116703245
L 深度超跌 | Breadth < 中位,2024,242,-0.15691056692507543,-0.34138701253882586
L 深度超跌 | Breadth < 中位,2025,243,0.41474177500330467,-0.16732741947899132
L 深度超跌 | Breadth < 中位,2026,175,-0.00824966350057299,-0.1936350149444912
