factor,factor_cn,group,ic5,icir5,ic_pos5,n_day5,t5,ic10,icir10,ic_pos10,n_day10,t10,ic20,icir20,ic_pos20,n_day20,t20
ret5,过去5日涨幅,价格,-0.036305314623346956,-0.2651333087769891,0.38657811953862287,2861.0,-14.181534329588635,-0.032645914896935205,-0.2463870251820695,0.4100140056022409,2856.0,-13.167306216708381,-0.036110262129746856,-0.27384677754029707,0.3977512297962052,2846.0,-14.60915452180438
ret10,过去10日涨幅,价格,-0.042469480365349734,-0.2938617333503956,0.3746498599439776,2856.0,-15.704428532866402,-0.04395103916567578,-0.3099646100072327,0.38091897579796563,2851.0,-16.550484811984337,-0.05227249930301454,-0.3719888343679892,0.36149243224216826,2841.0,-19.827388721491985
ret20,过去20日涨幅,价格,-0.056643592768033574,-0.37506687324032534,0.353829936753338,2846.0,-20.009035550442523,-0.06316577158293765,-0.4240616348421418,0.34424498416050686,2841.0,-22.602922719903212,-0.07006117970225043,-0.4637357887935347,0.3306252207700459,2831.0,-24.67405613996896
ret40,过去40日涨幅,价格,-0.05666645614180274,-0.3616061322781743,0.36801132342533616,2826.0,-19.22303096784521,-0.06476249948330494,-0.4096164174077228,0.3431407302375044,2821.0,-21.755992373262004,-0.07203210042805847,-0.45609236114674734,0.3400924937744575,2811.0,-24.181499125794964
ret60,过去60日涨幅,价格,-0.053647319711514624,-0.3396587914780269,0.37312900926585885,2806.0,-17.992300395642808,-0.0616692371632878,-0.39063591294196554,0.34737593716529813,2801.0,-20.674200409217477,-0.06724319567034627,-0.4236757476130672,0.3324973127911143,2791.0,-22.382754059126334
px_ma20_pct,距MA20,价格,-0.050257445672214573,-0.3337296960211663,0.36611830591529576,2857.0,-17.83815663369474,-0.05289058710234673,-0.36008533208190713,0.36746143057503505,2852.0,-19.230040173574587,-0.06119611265520763,-0.41789790559982776,0.34658691062631947,2842.0,-22.27830941324816
px_ma60_pct,距MA60,价格,-0.06394719225329501,-0.3882856386072072,0.35706732463870283,2837.0,-20.68145053642508,-0.07133891615350398,-0.4348099196178866,0.341454802259887,2832.0,-23.139078950404574,-0.07851896704029954,-0.47949922798420996,0.32778171509567683,2822.0,-25.47219771038403
px_ma120_pct,距MA120,价格,-0.059564781366622584,-0.3645226925158927,0.363021018881368,2807.0,-19.312823692013918,-0.06754291073505363,-0.4083412563708489,0.3418986438258387,2802.0,-21.615103834957036,-0.07378267559509781,-0.44043397724311323,0.3420487106017192,2792.0,-23.272257960112995
sl5,MA5斜率,趋势,-0.12457350059379836,-0.9317284081628157,0.14645228940929744,2861.0,-49.83658397039824,-0.0843178937279688,-0.6499972972108096,0.21988795518207283,2856.0,-34.736867520044996,-0.04773238594221808,-0.3708054272866331,0.3236120871398454,2846.0,-19.781696295319655
sl20,MA20斜率,趋势,-0.024801891672406335,-0.16328159614499205,0.4146170063246662,2846.0,-8.710732658879031,0.004328371952225867,0.029090217917376635,0.4857444561774023,2841.0,1.5505386327541113,0.0283946630060799,0.18856982172830072,0.5566937477922995,2831.0,10.033261352833717
sl60,MA60斜率,趋势,0.0077471895044286115,0.049026031149311027,0.5085531004989309,2806.0,2.5969917510632414,0.029422128862929418,0.1868786011367208,0.5719385933595145,2801.0,9.890451758511947,0.04554322910414997,0.2905558035595026,0.6176997491938373,2791.0,15.35003862780365
dif,DIF,MACD,-0.05252860031456834,-0.3350735740532157,0.3762652705061082,2865.0,-17.935045848352328,-0.061595058520674685,-0.39634206558614404,0.3503496503496504,2860.0,-21.195964574556196,-0.0665569981709522,-0.4252015875861954,0.35017543859649125,2850.0,-22.69955311772877
dea,DEA,MACD,-0.04795117141239182,-0.30969098626339625,0.38708551483420595,2865.0,-16.576425201986645,-0.057153953606315276,-0.3693451944079086,0.363986013986014,2860.0,-19.75219976934562,-0.0595923070577455,-0.3824748494320524,0.3649122807017544,2850.0,-20.418569484099585
hist,MACD柱,MACD,-0.027253292112342953,-0.20426937097921544,0.41954624781849914,2865.0,-10.933660000727114,-0.031078353388070648,-0.23880785656248807,0.41748251748251747,2860.0,-12.771197678294463,-0.03850831162415897,-0.2967168708486186,0.39052631578947367,2850.0,-15.840346243742841
hist_z,MACD柱Z,MACD,-0.02057095756712202,-0.1648367369708159,0.4196651229070182,2807.0,-8.733236378543005,-0.020220614275483426,-0.16628699686133863,0.4300499643112063,2802.0,-8.80222276706891,-0.02663595057707218,-0.2236054955145053,0.4061604584527221,2792.0,-11.815175580879473
dhist1,MACD柱1日变化,MACD,-0.009972378997077676,-0.07862546590795648,0.4642233856893543,2865.0,-4.2084826888894105,-0.0020524800608679155,-0.01654481470662876,0.4902097902097902,2860.0,-0.8847996134240244,-0.0038039602835653503,-0.031339696881009314,0.4887719298245614,2850.0,-1.6730819799673902
dhist3,MACD柱3日变化,MACD,-0.011878292758821797,-0.09423680696109948,0.45546629409710093,2863.0,-5.042329667520556,-0.005930348143792317,-0.04803124467631805,0.4842547235829251,2858.0,-2.5677630983828696,-0.009679394461595879,-0.07887303651135143,0.4648876404494382,2848.0,-4.209190227408087
hist_upstreak,MACD柱连续改善天数,MACD,-0.007191273639719175,-0.06458436707464982,0.4750087382034254,2861.0,-3.4545090658310817,-0.0009318071278899845,-0.008529727389037298,0.5070028011204482,2856.0,-0.4558419112918128,-0.0013540330369354342,-0.012341944333234616,0.4971890372452565,2846.0,-0.6584169931932106
rvol20,VOL/VOL20,量能,-0.028830535081227345,-0.3039645088412162,0.3576950105411103,2846.0,-16.215872681402097,-0.025501144003657588,-0.28022883536976634,0.36747624076029567,2841.0,-14.93648608912512,-0.025858371762096852,-0.2886757514460685,0.3648887318968562,2831.0,-15.359611808178226
vr20m,VR20,量能,-0.025717101965472885,-0.27118263103294044,0.37491215741391426,2846.0,-14.46702786125249,-0.02205926474084168,-0.24292742634581702,0.3812038014783527,2841.0,-12.948282497386193,-0.02293170601293841,-0.25551241767936195,0.3797244789826916,2831.0,-13.595085586734148
vt_5_20,VOL5/VOL20,量能,-0.025688418650742117,-0.27385810682207495,0.3744292237442922,2847.0,-14.61232540794486,-0.026622155538197922,-0.29083411451841634,0.3673469387755102,2842.0,-15.504486393319695,-0.02750948563287922,-0.29678629726294037,0.365819209039548,2832.0,-15.793939498437602
vt_20_60,VOL20/VOL60,量能,-0.040016610410202394,-0.3774965531014593,0.3469896686854293,2807.0,-20.00019346963865,-0.0441518630060845,-0.4133264852413962,0.3369022127052106,2802.0,-21.87899154651377,-0.047465517002521655,-0.4545864928810413,0.3159025787965616,2792.0,-24.0200681013106
dvt5,5日量能趋势,量能,-0.0061578935581039496,-0.07732231710583534,0.47009148486981,2842.0,-4.122084561683911,-0.004769021517726461,-0.060928787133333356,0.4783221713077194,2837.0,-3.2452802062481876,-0.004884936269580608,-0.06433188422534451,0.4672798019101521,2827.0,-3.4204967013883096
rs_mkt20,相对市场20日强弱,相对强弱,-0.056641145447908256,-0.374984885579234,0.3539543057996485,2845.0,-20.001146848483927,-0.06305285091803406,-0.42357496328529026,0.3443661971830986,2840.0,-22.573008852230206,-0.06991232527342296,-0.4633058384790169,0.33074204946996466,2830.0,-24.6468255341646
rs_mkt60,相对市场60日强弱,相对强弱,-0.0536395911142314,-0.33955046174885684,0.3732620320855615,2805.0,-17.983356682977252,-0.06166799791133386,-0.3905583381148952,0.3475,2800.0,-20.666404702293836,-0.06726452739266352,-0.423744874392821,0.3326164874551971,2790.0,-22.382395198503296
rs_sz20,相对同规模20日强弱,相对强弱,-0.06485652561268265,-0.4492672191311,0.3145789101203114,2826.0,-23.88310621776505,-0.07320290202852425,-0.5087000669665941,0.2998936547323644,2821.0,-27.01863086260769,-0.08062651539791062,-0.5474365670169384,0.2888651725364639,2811.0,-29.024465205829287
hv20,20日历史波动,波动,-0.06429959980318824,-0.34746469472355596,0.3453970484891075,2846.0,-18.536516886130045,-0.07323586551689562,-0.3964749859108523,0.31819781766983457,2841.0,-21.13252586561774,-0.08508274267216721,-0.45647302011276797,0.3058989756269869,2831.0,-24.28762497271516
atr_pct,ATR占比,波动,-0.06321316045052199,-0.32155594719170894,0.3467741935483871,2852.0,-17.17241229126725,-0.0728026724183815,-0.37051251692283327,0.3245521601685985,2847.0,-19.769542438671035,-0.0836272926022517,-0.425508814369212,0.3168840324286218,2837.0,-22.664087007585746
m_above60,市场距MA60,市场(无截面),,,,,,,,,,,,,,,
m_ma20v60,市场MA20/MA60-1,市场(无截面),,,,,,,,,,,,,,,
breadth,Breadth,市场(无截面),,,,,,,,,,,,,,,
mhv20,市场HV20,市场(无截面),,,,,,,,,,,,,,,
