tag,n,nav_cagr,nav_mdd,nav_sharpe,nav_ann_arith,avg_holdings,exw1,t1,mean1,med1,win1,pf1,payoff1,exw5,t5,mean5,med5,win5,pf5,payoff5,exw10,t10,mean10,med10,win10,pf10,payoff10,exw20,t20,mean20,med20,win20,pf20,payoff20,exw40,t40,mean40,med40,win40,pf40,payoff40,exw60,t60,mean60,med60,win60,pf60,payoff60
S ret20 D2~D6 | 基线,5246722,0.18382301185228234,-0.5127579066638034,0.6898804793166569,0.22007432475070865,1839.0947368421052,0.0001972069956144685,3.8790482919086364,0.0007906935629843047,0.0,0.4876598326407729,1.0864659408356516,1.0744184671514208,0.0007996561856080382,6.912790505185699,0.003873499535497016,0.0,0.4975184564858606,1.1922045356630633,1.1742382835786123,0.0012756002283006319,7.5914055357427905,0.007497965277209034,0.0012594429426826537,0.5040731526876444,1.2674850763991663,1.2258760853597732,0.0014506789311825024,5.276245427058765,0.01426089587835731,0.0012874937383458018,0.5028826104846577,1.3649051652349746,1.3349664575610787,-0.0005143061786043975,-1.1403850717228907,0.025189157946480713,-0.0021918691927567124,0.4914717261673076,1.4744177575629416,1.5148843621561023,-0.00360289803637144,-5.883251438024436,0.03405460689307309,-0.0058681252412498,0.4831263954664729,1.5423274443732653,1.6408887503097778
S ret20 D2~D6 | 量比>=0.5,4909883,0.19648776111870125,-0.5120572102241627,0.7241587022640378,0.23052382038234792,1720.9449122807018,0.00023897878889545942,4.488803088303446,0.0008383195961493296,0.0,0.48689469453032025,1.0918514950377978,1.0828700415000134,0.0009254445698212064,7.74812838557847,0.003978347521822192,0.0,0.49817828218189397,1.1981094302082742,1.1768453319529615,0.001469889838743834,8.509620077618171,0.007796564000960513,0.001650142832659185,0.5064558446279807,1.279473419709383,1.2255921237578191,0.0017230673338566147,6.134008663747423,0.014794001635305367,0.0019831873942166567,0.505746922934557,1.3802902680666949,1.3345780030229817,-0.00018552181307400573,-0.4046455345737204,0.025337326733707716,-0.001893905340693891,0.4923920670871995,1.4780086822058474,1.512940446760345,-0.0033512714509330915,-5.429026798905389,0.03350855085310871,-0.0058554597198963165,0.4831172009580092,1.5333730013230527,1.6313502881942878
S ret20 D2~D6 | 量比>=0.7,3895690,0.21850371585530293,-0.500178858378429,0.7821763282152743,0.24853301782698703,1365.3480701754386,0.0003109704432530978,5.297448385257613,0.001059977130719536,0.0,0.4875132412736088,1.1159176765322945,1.1037157314073258,0.0011157955745518323,8.62665257565416,0.0045763796062640895,0.0005556380492635071,0.5011538533812087,1.2298414588809545,1.19345258924505,0.0018355533980084517,9.90390443265854,0.008985133778326477,0.002619620645418763,0.5127138839995015,1.326852340887196,1.2391942253643247,0.002145853181803075,7.234189723717736,0.016536615958372785,0.003649642807431519,0.5128177928736382,1.4302716829187998,1.344146461911391,0.00036171189742228445,0.7452834979761321,0.02633652860375479,-0.0012936757993884385,0.49417680175340584,1.498900389522011,1.5233236220667459,-0.0028733233389121463,-4.5303957545419715,0.03324964417317646,-0.005841118050739169,0.4830961160516291,1.5294173557252608,1.6271622883682324
S ret20 D2~D6 | 量比>=0.9,2643434,0.2128650516779873,-0.47619357001871243,0.7686280107939345,0.24351562350228775,926.4971929824561,0.0002909134411743124,4.379667378985738,0.0014226495552666586,0.0,0.489110655223958,1.1533229029729173,1.134375082131899,0.0009600731702083067,6.472892144528658,0.005581513025260529,0.0012047772761434317,0.5055332852238551,1.281585528246757,1.2222501232778435,0.0017583784064565135,8.549113759524442,0.010782096097349,0.003810353809967637,0.520458984170876,1.3980567688877177,1.2656072652746402,0.001983203991176899,6.1924541451548745,0.019117522906563024,0.005571022164076567,0.5207563700136075,1.5043930319364813,1.3694394283084208,0.00011322210628204226,0.2128106249379379,0.027928650510862164,-0.0008202777244150639,0.49540852012493664,1.5290183973226286,1.546303874640999,-0.0032771324231650424,-4.929874597762243,0.03341700884293037,-0.006273314822465181,0.48189080390164646,1.530309675045946,1.635924735242742
S ret20 D2~D6 | 量比>=1.0,2119675,0.20161718784089877,-0.4609501723976942,0.7399678164258121,0.23393711167890718,742.9764912280701,0.00025262339947135145,3.545245458855694,0.0016239025392399435,0.0,0.4896620185380473,1.1730084638912486,1.151916166347254,0.0007901104493885911,4.991855887570744,0.006221591965930744,0.0014285616925917566,0.5074484452972143,1.3143354756010688,1.2439540822054864,0.0015417070550374085,7.1633283092340605,0.01181909704311704,0.004347822163254023,0.5237958063586883,1.4392025467982574,1.285498637112889,0.0017001002081712593,5.0742021742222585,0.02072156235237941,0.006510438863188028,0.5245710030789036,1.5512083640455525,1.3906843064459296,-0.00019023700358410895,-0.3417253627284052,0.029092724772858795,-0.0003166388487443328,0.4962477403399834,1.5510505234984269,1.5634430604381486,-0.003700686765062779,-5.36857172249454,0.03401921622280825,-0.006600622553378344,0.48109403897101777,1.538981627950514,1.6504452421819582
S ret20 D2~D6 | 量比>=1.1,1694615,0.18927784641828138,-0.4786989932409512,0.7068802748456018,0.22363887289873366,594.0157894736842,0.00021145625439785245,2.729132747088804,0.001826197140240525,0.0,0.48982158309927376,1.191939556411005,1.1709709667622492,0.0005419263759662608,3.156157572898863,0.0068795970526395744,0.0015773142804391682,0.5087368444705679,1.347535352813711,1.2690764080189756,0.00122039817001557,5.2957802533586005,0.012822228277179588,0.004807703197002411,0.5265659612309548,1.4789141072321925,1.3064054384070598,0.0013019329815431113,3.6721282117775234,0.022290653097852175,0.007288691122084856,0.5277865586529721,1.5971483890687128,1.4135077333669157,-0.0006759795746090492,-1.1502125580965568,0.030200028955335783,0.0,0.49701292002063363,1.5715646677102608,1.5793806704083142,-0.004248070359233057,-5.971108067342022,0.03465708883148726,-0.006979041965678334,0.4801986490412551,1.5474086575117536,1.6654237648583894
S ret20 D2~D6 | 量比>=1.2,1356901,0.16707595338970505,-0.5244106636473329,0.6473329675153694,0.20471466953318102,475.66245614035086,0.00013580686985568385,1.6194866810925306,0.001997086456804006,0.0,0.4891770516907906,1.206496743339084,1.189342088650238,0.00026603519774442947,1.4331553702236737,0.007501978388350392,0.0017035517375916243,0.5097834056840409,1.378262108748343,1.2928742243243223,0.000838893658368426,3.4505751391628996,0.013787795841918754,0.005194823257625103,0.528861325239799,1.5168539680920343,1.3278166148938249,0.0007369183233687224,1.9618075223902791,0.023774285858401977,0.007984431460499763,0.530433018224953,1.6405952688478618,1.4365800273594331,-0.0012335169574106332,-1.9943521827923978,0.03132885550145605,0.0,0.4977597674289795,1.5926789859014094,1.59584988800832,-0.004912913312525415,-6.617959759161257,0.03529618135345827,-0.007435931358486414,0.47904240419212285,1.5556083603177995,1.6820999897701725
S ret20 D2~D6 | 量比>=1.5,727329,0.12455406029346006,-0.6426887619612518,0.5277795771477796,0.16855109905262408,255.0916110916111,-2.2314523735286805e-05,-0.21656929421367704,0.002462376055122424,0.0,0.4864686359658537,1.2409547675958816,1.240133417451013,-0.0005221014007163724,-2.245457636394743,0.009054285058167692,0.0016666207229718566,0.509199555997477,1.4497910157919844,1.3640914789779726,-0.00032243652890208386,-1.0773545920239025,0.016251734885313993,0.0058188349939882755,0.5321440689889184,1.6133516914572106,1.3937785897699184,-0.0007848128014343868,-1.7615322652517371,0.028087913113699133,0.009727328550070524,0.5372708853602224,1.769079981734242,1.5069658343444883,-0.0029434615842827802,-4.217768200404511,0.03501403631046728,0.0010327881900593638,0.5014878254879706,1.664977005203549,1.6436164266814295,-0.0068205832225431955,-8.368183901263839,0.037553025601734256,-0.008426939137279987,0.47688929731398144,1.5870917396955584,1.7312331568240384
S ret20 D2~D6 | 量比>=2.0,301667,0.025915698499720863,-0.7953121810982038,0.24139058672788113,0.07887195819863342,105.81642681642681,-0.00038093215417450054,-2.554480489572778,0.0025741372210865815,0.0,0.4754453993916496,1.2276117286971397,1.2864772754402864,-0.0018921995743551986,-5.9279512242710695,0.009188056347854289,0.0,0.49797324887707034,1.428053123316868,1.4071845070081308,-0.002212231501524858,-5.323915473468123,0.01756501324547831,0.004950473317876458,0.5261567409791158,1.652535882110967,1.4626606379621574,-0.00291829903915248,-4.936371693749395,0.031933465395852595,0.010498677380383015,0.5396974383469672,1.883401536897736,1.5884996938795597,-0.005975335966942895,-6.987198570532897,0.03969566329229147,0.002688148757442832,0.5060272932767719,1.7642048050605985,1.7101166855684016,-0.009770340581906642,-9.552823012265945,0.039553568065865984,-0.0101937185972929,0.47226093382509254,1.6168648851924063,1.797191733057565
S ret20 D2~D6 | 量比>=2.5,147178,-0.03765978977282991,-0.8666190698493899,0.05639367394692895,0.019156605354858056,51.77367124252024,-0.0007170265791198285,-3.6819585108430846,0.0018725263567050628,-0.0014306200901046395,0.4610813860995724,1.1477580913691772,1.2781036062574902,-0.00346399809352667,-8.424583690701498,0.006030117093553565,-0.0020345906959846616,0.47704293393209496,1.2522205142508962,1.3430770953293905,-0.004654710099176977,-8.560571632648845,0.015497889033830795,0.0021905689500272274,0.5087851969941614,1.5464393600081643,1.468206260087023,-0.005352304144416109,-6.8519192901806365,0.031690610911308634,0.008403315208852291,0.5313804667716104,1.8608090347986836,1.6225756266856115,-0.00779418613955313,-7.207288966648911,0.042612205990910375,0.003562072408385575,0.5084753924684581,1.8335692597818591,1.7604626532501646,-0.011188482601544161,-8.37051551524118,0.03898866876857885,-0.012862403877079487,0.4647534189805222,1.6070698107118213,1.8409161780142635
S ret20 D2~D6 | 量比<=0.5,336840,0.074634654379643,-0.8739070468191862,0.38123800479749426,0.132796602138293,119.53425630102946,-8.794851053820102e-05,-0.4046518318433725,9.699742942872619e-05,0.0,0.49880615808605167,1.0103168575702033,0.9579850404874061,-0.0006918134170896547,-1.2884143181094283,0.0023446705424561265,-1.238054028362967e-05,0.48789591109072333,1.110625478738618,1.1381821017053735,-0.0007618574033163769,-0.9495352504919482,0.0031473760362213036,-0.003991199191659689,0.46935596497824567,1.1049695993326765,1.2299850746520031,-0.0012080216395012379,-1.1261751136337048,0.00649986572744037,-0.008027106523513794,0.46118503866211114,1.1559083433565018,1.3369201990994013,-0.0025908497796104063,-1.373702872247784,0.02304106291999504,-0.006451558321714401,0.4781307870021293,1.4236780949672365,1.5437563123885885,-0.006423951868504795,-3.5782343715719516,0.041935042879415144,-0.006030097138136625,0.48325762472197187,1.6725273686956377,1.779605078911203
S ret20 D2~D6 | 量比<=0.7,1351032,0.12881624293995708,-0.659783991598954,0.5359661992768218,0.1751063947285304,474.7461322081575,-1.3207895401476318e-05,-0.1207125822125157,1.461253612623345e-05,0.0,0.48808231210995884,1.001597774482883,0.9900466877025438,-0.00012208414092661646,-0.46867546660371084,0.001844867592123304,-0.0004454402660485357,0.4870260800827335,1.0884768964746023,1.1190071374442419,-0.00011214104777408045,-0.2856887259952085,0.003204904214520311,-0.0025596434716135263,0.4791296529294022,1.1082943717126001,1.1857007865905025,-1.1624326981409589e-05,-0.020909435346858254,0.007690639234390123,-0.005299463169649243,0.47419863538883633,1.1877948290199796,1.3037104179282866,-0.0019591737069553426,-2.676512821398915,0.021877642081187542,-0.004680155077949166,0.48366439671941697,1.4053119171910826,1.4900961080221908,-0.005573150909392822,-6.177612845717169,0.0363717833402821,-0.005952381994575262,0.48321355819485406,1.5795153516668663,1.680427454420721
S ret20 D2~D6 | 量比<=0.9,2603288,0.1707374566272828,-0.5733154583454948,0.6531289284058647,0.2098584001803149,913.2384129213483,0.00011243395002230816,1.5296508956642012,0.00014911233489797284,0.0,0.4861869127760628,1.016552755801822,1.0108249620570655,0.0005800553291682124,3.708334795181303,0.0021369958431737535,0.0,0.48936993788206845,1.1042955465053976,1.1238729903279059,0.0007674261324808198,3.2278654662258304,0.004156694978702303,-0.001263657701201737,0.4874022296794908,1.1433724555350788,1.1827403850393237,0.0009379058156801437,2.755815176536334,0.009318048437769611,-0.0029352898709475994,0.4846915354796681,1.2313255736620456,1.295566895425528,-0.0011441455274571386,-2.328605306603255,0.022394184142583224,-0.0034168476704508066,0.48745520276951565,1.4193468018490765,1.4820567636209219,-0.0044628754694174275,-6.43275077940519,0.03470486991342495,-0.005434783874079585,0.4843865302844597,1.554671253608029,1.6459590374690063
S ret20 D2~D6 | 量比<=1.0,3127051,0.18606404546360533,-0.5353656936234606,0.695111791346749,0.222467453314347,1096.5043875043875,0.00018248951556730026,2.3926174038977446,0.00022592935416523724,0.0,0.4863030383736441,1.025157124566667,1.0186108060443169,0.0006925378296491678,4.984313058200494,0.002279752446451707,0.0,0.49077869740295127,1.1117664857382894,1.125034612177987,0.001036166322620633,4.922636597726598,0.004562553923757066,-0.0005681632028426975,0.4906751293869248,1.158461452040712,1.182572825594181,0.0011327524271874457,3.632920926014472,0.00987034096997891,-0.002150239422917366,0.488143658946863,1.2461899038441189,1.2930710144435587,-0.0008670483508408912,-1.8716622024281873,0.02252726445030484,-0.0031780125573277473,0.4882149074023763,1.4226553995601148,1.4808867141750444,-0.004272779365626912,-6.4249907356619085,0.034078688512780696,-0.0053571490570902824,0.48451298011746513,1.5446297826631754,1.6344202767094893
S ret20 D2~D6 | 量比<=1.1,3552107,0.18816767908784438,-0.5329494825017727,0.7014633272735068,0.22397642554018726,1245.5159705159706,0.00018852373902805266,2.9743621426191615,0.0002966642676960379,0.0,0.4866284812489872,1.033079931127582,1.0248507760584566,0.0007918871454287277,6.11186038987447,0.0024373187043354692,0.0,0.49215880541390056,1.1199239873144182,1.126914447907897,0.001210278822444067,6.209372649608714,0.004951907723717947,0.0,0.49331711282048524,1.1729451789490566,1.1846217178430742,0.00135880504510009,4.535836852736282,0.010419548145265134,-0.001485874061472714,0.4909688349835576,1.261013813994341,1.29369342770199,-0.0005912178198421013,-1.299248232523595,0.0227824489319947,-0.0029850718565285206,0.488810304395674,1.4280924316862345,1.4829603083649465,-0.003907454142612206,-6.015530166872749,0.03376470006044277,-0.005336183588951826,0.48453519071619233,1.5398524487860603,1.6291778375237405
S ret20 D2~D6 | 量比<=1.2,3889821,0.19586525818349476,-0.5287354773695433,0.7221378007419669,0.2302805099074244,1363.4322807017543,0.0002380061572020956,3.6713560935803202,0.00036981764925781346,0.0,0.4871305183872899,1.0412705426527296,1.0308659951747643,0.0008945024852047151,7.186965666760896,0.0026058756151911893,0.0,0.493233646344905,1.1285906562395305,1.1306884248456166,0.0014055582559672662,7.440238928728851,0.0052983805073281804,0.0,0.4954046064910564,1.185874337363528,1.1875840170637313,0.00167060137287109,5.697627117665428,0.010932495140716137,-0.0008620510925538838,0.4932436912731608,1.274894808218614,1.2960582569473946,-0.00032557480218224947,-0.7271585518968036,0.023031838607808875,-0.0028449284145608544,0.4892622829667743,1.4331123593905455,1.4854858889402984,-0.0036289517274650557,-5.724946487995559,0.033617093479523304,-0.00531905610114336,0.48456553667012986,1.5375731834339144,1.626505643786398
S ret20 D2~D6 | 量比<=1.5,4519393,0.1996627707088312,-0.5184394284416183,0.7338434500673727,0.2329565141131832,1584.0926315789475,0.00024870346695445695,4.351130645202832,0.000521591525433707,0.0,0.4878515876264546,1.0581382773165326,1.0446338968859237,0.000981076682147538,8.262225029393818,0.0030383969713294805,0.0,0.49563555357243944,1.1507386637566375,1.1417901973212872,0.0015346464035492053,8.520982533345922,0.006085338092758005,0.0,0.49954324828818275,1.2151892420274244,1.1968697191475635,0.0017721537070381412,6.362262404702813,0.012028605003464777,0.0,0.497330825099462,1.3045652632274003,1.3046709035031108,-0.00010110066436900041,-0.22783775856844282,0.023595471842351983,-0.002669530804269016,0.48984702225611976,1.4438048512832662,1.4930877973242664,-0.0033098723929350813,-5.358249562633992,0.03348437880396086,-0.005464475601911545,0.48414301721969405,1.5348723112086604,1.6263240966163999
S ret20 D2~D6 | 量比<=2.0,4945055,0.19659428616681152,-0.5146087139162367,0.7253904998554586,0.23045505379610137,1733.3154385964913,0.00023870389504709015,4.594872625467789,0.0006818550824551025,0.0,0.48840524466953,1.075656957527258,1.0599565461551381,0.0009319499804420116,8.057915293680368,0.0035487556583973373,0.0,0.4974906665779508,1.1767937758981522,1.159026907167896,0.0014688784818707703,8.661260614322089,0.006882076546224772,0.0010110298753716052,0.5027221078519307,1.2449185639743103,1.2105925235939414,0.0016769822897403951,6.089841693507336,0.013179327980800959,0.0005615408299490809,0.5006295291808598,1.3356884836467748,1.3182560378426182,-0.00026577331159458164,-0.5928567099611542,0.024296910010205394,-0.002457025460898876,0.49057646060160837,1.4570035565339936,1.5023632748669908,-0.0033544219029123766,-5.496180121109806,0.033714344667101194,-0.0056053404696285725,0.48379872357502557,1.5376116255671393,1.6314484690523952
S ret20 D2~D6 | 量比<=2.5,5099544,0.1908192651568943,-0.5134861783679427,0.7096874154045115,0.22571636688427765,1787.4845614035087,0.00021976102382076433,4.3033861572544065,0.0007594577238141382,0.0,0.4884272341157259,1.0839857973419267,1.0682828349451878,0.0008975012202465514,7.748223168592452,0.0038111534258466724,0.0,0.4981103876650891,1.1901350887409334,1.16931268178846,0.0014124682755400405,8.363391663509763,0.007266396877648984,0.0012345234863460064,0.5039367563178899,1.2593124561731117,1.2186254240836825,0.0015934216320079983,5.799538808696475,0.013756109639048645,0.001067229313775897,0.5020572770999033,1.351398660186656,1.3261509840167298,-0.0003755850865712069,-0.8357577797323593,0.024681913721747724,-0.0023473440669476986,0.4909766915724106,1.4643614098180067,1.5075241903340082,-0.0034484920750569,-5.655887545982569,0.033910026827288164,-0.005660441238433123,0.48366476855866913,1.5403858076955377,1.6352835701920687
L 深度超跌并集 | 基线,1737367,0.22106142934528306,-0.502219295108467,0.7431709742547719,0.2622903657505229,617.5320284697509,0.0004390615888480096,3.704474862162381,0.0009472051225170606,0.0,0.4880090360838258,1.0917501419831286,1.095878248681242,0.001646450955078341,5.828572466811845,0.004363596899511823,0.0,0.49204121067179635,1.191673590267899,1.2081697580385529,0.0021948519668028134,5.715574187354268,0.00797812642158814,0.0,0.49551624698027935,1.2530910892625666,1.2600775896281622,0.0021941424922075877,4.029230287097763,0.01429003122744111,-0.0012706362176686525,0.4929552779370962,1.3269080355455065,1.3535952824681559,-0.00290232591251421,-3.879595000698359,0.020799024959311137,-0.0073782457038760185,0.4782055048312833,1.3479943321809986,1.4628535098535034,-0.008694242439090895,-9.570683474192148,0.02442691305513359,-0.01610642485320568,0.4609091249819292,1.3387328045053208,1.5590798005634785
L 深度超跌并集 | 量比>=0.5,1641490,0.23348253455349388,-0.47179799010736445,0.7722420552518043,0.27241007532085065,583.420640569395,0.00048009091482953934,4.017914502696111,0.001003440083769163,0.0,0.4875180857526967,1.0974441387951919,1.1039911009253267,0.0017373857966264373,6.127422156540861,0.0045051025524256725,0.0,0.4924081884202404,1.1989340811741491,1.213735938662508,0.002347034803152094,6.073473780773709,0.00836009570303278,0.0,0.4976858549647146,1.2666501583000649,1.2626872983990693,0.0023902465216460076,4.374016160424253,0.014990182457055764,0.0,0.4959083348688504,1.3451646615160366,1.356075355181063,-0.0026776586023399456,-3.5700608780825167,0.02130404814030916,-0.006890852702781558,0.4796141485513118,1.3576919857837562,1.4650855651330317,-0.008561334499284713,-9.38731684271377,0.02442981336308209,-0.015873000025749207,0.4614147271802801,1.3389545327342334,1.5561815687802494
L 深度超跌并集 | 量比>=0.7,1312246,0.24162148689551244,-0.4563160422650583,0.7906363271945341,0.2790047320123506,466.31779359430607,0.0005068282747781352,4.096612829437339,0.001234489201211879,0.0,0.48812724510112926,1.1186992521781631,1.1230752721665467,0.001868847051323946,6.483829104687849,0.005189124969236184,0.0,0.4950654121562306,1.2296617211070215,1.2319808663685698,0.0026730563037358043,6.746909858916303,0.009732289389914547,0.0011661567259579897,0.5035875274688635,1.3134085004281528,1.2786426867709086,0.002634234027959876,4.754509187074854,0.0170498795252493,0.0012004723539575934,0.5026281851394166,1.396516679053152,1.3704481509365896,-0.002424127366114743,-3.145647790843136,0.022340060416698206,-0.006443263730034232,0.480885960608397,1.3752623119769245,1.4764617083370761,-0.008375282725651394,-9.025898329382459,0.024347191949995694,-0.015847010537981987,0.46134111742199047,1.3367972907211316,1.554065981736035
L 深度超跌并集 | 量比>=0.9,899903,0.2214862346886739,-0.46752473459802246,0.743855401904957,0.26266092140257025,319.76476868327404,0.0004405639685257056,3.40026676665973,0.0015859065152074101,0.0,0.4886710537884277,1.1489634243430242,1.15232064057075,0.0016475462665880116,5.49412376997896,0.006175591345235161,0.0,0.49827037837632954,1.2723624975222556,1.2588234858539835,0.0023822567268811643,5.850133222930043,0.011456596706166614,0.002409602515399456,0.5102017338703372,1.3716683696110539,1.3002117631710037,0.001963254386365687,3.4274222469441313,0.019643739330279054,0.003048777114599943,0.5093285861780206,1.4609339166300244,1.3955662855865798,-0.0031784900468009936,-3.941737835223089,0.023300857910134608,-0.006460212869569659,0.48094887618184906,1.3885553885356212,1.490296697074775,-0.009186431658628794,-9.63853307071579,0.024116800024309763,-0.016567216254770756,0.4598699896119824,1.3308290128788511,1.5564539692050685
L 深度超跌并集 | 量比>=1.0,727403,0.19656310061353777,-0.488447844882974,0.6850826993593891,0.24213828467894002,258.4758007117438,0.0003573570394219975,2.6777660364617897,0.00175299321478336,0.0,0.48876317090196153,1.1619730510500028,1.1656619375153343,0.0013880148943910553,4.530228038654233,0.00672602389415946,0.0,0.49929395476346106,1.2954644917987868,1.2766231153455154,0.0020408209392510537,4.9851950173744255,0.012371752783500027,0.002885973663069308,0.5126625116721091,1.4022943446193976,1.3163712703942654,0.0014042145922760262,2.415680944949079,0.02107778321323019,0.0038250857032835484,0.5122216924646295,1.4966655395224298,1.4132609699240737,-0.0038563511060045958,-4.679977052916177,0.023895743110189323,-0.006355344783514738,0.4813630673911371,1.3965615322973102,1.4964820026739514,-0.009754073699402246,-10.114766266037527,0.02436037458725938,-0.016896739602088928,0.4592681080836835,1.332515248413776,1.5621626265370223
L 深度超跌并集 | 量比>=1.1,587130,0.17098777589802938,-0.5440312434710413,0.6235030075451232,0.2206835601653384,208.63274021352314,0.0002703710573522493,1.9501664362749487,0.0019274979933670082,0.0,0.48837713088776613,1.1750652114787201,1.1814142532060399,0.0010818505028540155,3.4387236990012906,0.007406302288841393,0.0003060988674405962,0.5004108421324158,1.324143000223108,1.2993310270408518,0.0015452001764568479,3.6711360460844467,0.013329623418170363,0.003316746326163411,0.5149180571880245,1.4341727086675646,1.3342458009744735,0.0007310662630919372,1.2253129723087153,0.022659481826273805,0.004577352665364742,0.5147310984516256,1.5360329714550525,1.4359076829273243,-0.0047427670941424535,-5.588264061008948,0.024516889953269512,-0.006309141870588064,0.48158575519774355,1.404790657401753,1.504072841186634,-0.010491984684945036,-10.752401133336468,0.02453989961418183,-0.017241358757019043,0.4585753010523523,1.3330893818096592,1.567328004274096
L 深度超跌并集 | 量比>=1.2,475041,0.13064501900878667,-0.6220456283605381,0.5241836804538205,0.18561918672397415,168.81387900355872,0.00012820614785022784,0.8861481239100221,0.0020596817931353485,0.0,0.4872345673286717,1.183467861136727,1.1959104336617445,0.0006138665008532186,1.9052182805656812,0.007946284563201856,0.0002816343621816486,0.500351502382405,1.3452157723139997,1.320423667045094,0.0008784195125632506,2.044852010756337,0.014112142058600062,0.0035842261277139187,0.5161655176496206,1.4586771947298731,1.3503725653128145,-0.00018110563502737103,-0.29442503104627255,0.023950206509939908,0.005098770372569561,0.5164740785352416,1.5668102266944506,1.454652584290526,-0.005783253784458576,-6.598421323853003,0.025088659384491858,-0.006224995478987694,0.48189080001794576,1.4114669100321775,1.5093788931732806,-0.011476056439633057,-11.508669792082603,0.024806610271671206,-0.017808543518185616,0.45785404731610596,1.3339802823122417,1.5730768187357054
L 深度超跌并集 | 量比>=1.5,264224,0.07969519755013366,-0.7030439842935197,0.393223313973048,0.14125450840322074,93.95407618369526,-6.543197999490562e-05,-0.39112118605470725,0.002449014672159963,0.0,0.4842772538335916,1.2049574195312704,1.2339573258170422,-0.0004697337502950761,-1.3053699894220787,0.009402665309395581,0.0,0.49970024663251755,1.3967361433377417,1.3753761430895777,-0.0008013559086564384,-1.7237543738854728,0.01637016726603914,0.004110004287213087,0.5185244282349366,1.526775648953755,1.4006387395447129,-0.0026092979917140403,-3.8538513056503088,0.027549783310247596,0.006269611418247223,0.5203227871250914,1.6500928559631474,1.5082776175404105,-0.008701467267207618,-9.204871073178202,0.026743740967451912,-0.005925911013036966,0.4829909809077354,1.4327966015375562,1.525240227104983,-0.014060219129843135,-13.115688775431792,0.026104756053457776,-0.01881379820406437,0.4561983152456773,1.3451200388797433,1.5968973731467353
L 深度超跌并集 | 量比>=2.0,117455,-0.026546223892863985,-0.8576328800437091,0.11012563744196656,0.040475740473513204,41.80726754542216,-0.0004503922001510587,-1.988218375364952,0.002559091093913466,-0.0007692164508625865,0.475923069712747,1.194187089123651,1.2671413128276117,-0.0025915584945448364,-5.825761127495448,0.009705514211608032,-0.0006293723126873374,0.4905272320742802,1.3801681110200632,1.410999125034743,-0.0038844033393254235,-6.538190866451816,0.01748800282443067,0.0029586120508611202,0.512564402710254,1.5388903699067946,1.4454625960282412,-0.006435306058907039,-7.485960985822461,0.02976631397090595,0.005423732567578554,0.5171565897583085,1.6836640470382287,1.5590391015068215,-0.012513641752782776,-11.121042272433034,0.028110985314495154,-0.005751662654802203,0.48345300204900393,1.44630586893685,1.537068612808873,-0.018535330465960564,-13.760728510200353,0.026667165685874072,-0.021226339042186737,0.4518280183710008,1.3440972390022097,1.6243715785655832
L 深度超跌并集 | 量比>=2.5,61326,-0.11879138515648913,-0.9047732398877864,-0.13257495684546067,-0.05138373233123341,21.98636526731252,-0.0008660057337327775,-3.1089336413292097,0.0019442717701005367,-0.0017148270271718502,0.4652066061753378,1.1334143898611773,1.2582625335559818,-0.003994004617874521,-7.1192675966142565,0.007480833117505594,-0.0032223393209278584,0.4738175399601216,1.2666653094843308,1.3842832948291555,-0.005707112326996572,-7.519117623411081,0.015724530333515944,0.0,0.49696463927478607,1.4552420715854664,1.4545233388774954,-0.008538968395694149,-7.723627197710248,0.028522558470356764,0.0023501968244090676,0.50644706191148,1.6258829442502012,1.5709003777239894,-0.015020087520207386,-10.639508393946867,0.02818592840346842,-0.006723182275891304,0.4806916426512968,1.4401269687587686,1.5474334489591908,-0.020836112984581153,-12.38149351961021,0.026192827547488907,-0.023109293542802334,0.4471761126909596,1.332130560564468,1.6406478020838908
L 深度超跌并集 | 量比<=0.5,95877,-0.13467570872198664,-0.9976055020702632,-0.14988807944177449,-0.061238415502522625,35.435489833641405,-0.0006273558817538822,-1.711066012218467,-1.4603796308972069e-05,0.0,0.49640595495185336,0.9986441613740664,0.9657771789708092,0.00029976416172442806,0.30052193000211824,0.0019407893918801686,-0.001161495572887361,0.4857579532488197,1.0782170411910441,1.121157047055343,-0.0006756438557316124,-0.5195640720395209,0.0014395274008550541,-0.006444728001952171,0.4583766199695682,1.0417975327332234,1.2161419837366314,-0.0021743011833656703,-1.5254169472804167,0.0022923998741402663,-0.013785927090793848,0.44235236968826563,1.0471952159811657,1.3096877502455846,-0.0016582132248198806,-0.8686150667565208,0.012204121752659784,-0.015692412853240967,0.4542320381037244,1.1927457686589371,1.4252782692839912,-0.007348813353716396,-3.257889417347079,0.02437780895183584,-0.02000002097338438,0.4523489503328213,1.3350145224776615,1.609100984750755
L 深度超跌并集 | 量比<=0.7,425121,0.1523333166105556,-0.7733883146579064,0.5728637311041916,0.20822744520170983,151.8627591136526,0.00029311976429548643,1.5512020338467603,6.12721425824118e-05,0.0,0.4876445005083406,1.0060736751752815,1.009472474305725,0.0017019184561402666,3.3600161536051676,0.0018138630539647229,-0.0014770682901144028,0.4827006332118555,1.0778672150205486,1.133613329804069,0.0013245074492996122,1.9476888086506547,0.00255375782916097,-0.004487760132178664,0.47055756231216284,1.0774448293974408,1.1977138785395272,0.00038646907237057537,0.4805333781952422,0.00572654331967015,-0.008836683351546526,0.46294137321420037,1.1246886341459605,1.294241055315061,-0.0035056363737176878,-3.4411321445725584,0.016026237201015016,-0.01013511698693037,0.4699037837655305,1.2648940520259067,1.4192659772320908,-0.008807965244566198,-7.039136841488401,0.024673271736189484,-0.016887858510017395,0.45957415744007785,1.3447747928506175,1.5747284200234246
L 深度超跌并集 | 量比<=0.9,837464,0.2212092759293558,-0.5454088365925056,0.7408586712038592,0.26353616881687,297.97934472934475,0.00047059754922177175,3.200301902965874,0.000261319766155965,0.0,0.4872981119267239,1.026191214315374,1.031020971241493,0.0018136900864509612,5.347094432704966,0.0024148938589220867,-0.0011405752156861126,0.48534207421758857,1.1056185807589984,1.1508109157238942,0.002179593263967572,4.47730409890498,0.004231377177211535,-0.002998540410771966,0.47969813372728815,1.1311057208354682,1.2121419303035834,0.0021435396730257778,3.4480597942872593,0.008503656806679933,-0.005847996799275279,0.47525874122484985,1.1894051026464774,1.3026780248683756,-0.002133267504075737,-2.558807221828525,0.01808954220829884,-0.008333311416208744,0.4752344362187556,1.3037600135472072,1.4319062151481512,-0.00840302857244216,-8.18781836126917,0.02476288539850023,-0.015600609593093395,0.4620349104556604,1.3474922986039657,1.5620981586738176
L 深度超跌并集 | 量比<=1.0,1009964,0.25032458231056154,-0.5111109797683577,0.806251358162774,0.287337009086261,359.05622775800714,0.0005406106393062033,3.731563044549492,0.00036713797355538786,0.0,0.4874661528641714,1.036844494862133,1.0412188947068732,0.0019425431314826146,6.344054880287836,0.0026605595045995577,-0.0009555951692163944,0.4868128186699193,1.116860988252036,1.1557626469614093,0.002267154843425552,4.84466133534649,0.004805678046429295,-0.002413535723462701,0.4831356676863295,1.1498096665027253,1.2151117896097305,0.002363798501706709,3.89493392210842,0.00937238523484283,-0.004938266705721617,0.478996988596027,1.2099747548535171,1.3054032243374405,-0.0021436942229066626,-2.7021811359365215,0.018547965637679586,-0.008086282294243574,0.47591021663013466,1.3121881204989105,1.4371752366247985,-0.008314661373775014,-7.850535048927528,0.024475357651705366,-0.015550213865935802,0.4621038985338733,1.343385640435669,1.5569672444439058
L 深度超跌并集 | 量比<=1.1,1150237,0.2548828147378759,-0.4961123763981674,0.8200583742638736,0.2898006930123092,408.89928825622775,0.0005505993917451638,4.204560176086486,0.00044703015589044417,0.0,0.4878212230212697,1.0448217465601393,1.0479067584074873,0.0018541898808139454,6.354428343395532,0.002808989404044413,-0.0008123423031065613,0.4877649202860729,1.1236170855087424,1.1583604807692915,0.0022413771658385817,5.039739190851432,0.0052393261914600265,-0.0019841401372104883,0.4855867483192858,1.1640200790901662,1.2180467171628215,0.002566964074558369,4.3332884148906965,0.009993022322728346,-0.0042372834868729115,0.48177522572776604,1.22480434532654,1.3067445818162038,-0.002109833019189476,-2.767671270138761,0.01888192545498841,-0.007893658708781004,0.4764624947132295,1.3181103986716451,1.440407520282089,-0.00810024015667374,-7.816470025484557,0.024368490920351267,-0.01551930932328105,0.4621158789296596,1.3417477694493591,1.554937073780628
L 深度超跌并集 | 量比<=1.2,1262326,0.25763960090761295,-0.4938951618029511,0.827851554739898,0.291676351380575,448.7181494661922,0.0005582040572736785,4.4386231759836425,0.0005286762480076352,0.0,0.4883004017771461,1.0529515085284924,1.0542717660002423,0.0019382575500371524,6.662335299488326,0.0030139717331205667,-0.0006293336628004909,0.4889106617974526,1.1329460627745653,1.1627252240652868,0.0025334563838313113,6.184496897720169,0.005663531965737079,-0.0016025686054490507,0.4877245016967757,1.1780542454679113,1.2221752324544684,0.0028439537900518774,5.0197993881076055,0.010633547419879015,-0.003620075178332627,0.48405315027941304,1.2402264130185758,1.3110990204465882,-0.0018715548011360304,-2.5026677995227766,0.019167319193683592,-0.007772961165755987,0.4768036796853414,1.3231730609792816,1.4439740621014683,-0.007880255413936388,-8.127754792956589,0.024281922107104073,-0.015479893889278173,0.46207573508013,1.3406236934293345,1.5538548639796756
L 深度超跌并集 | 量比<=1.5,1473143,0.2523608881783994,-0.47940144242065674,0.8172813008592563,0.2870606019386419,523.6113879003559,0.0005394899738698647,4.428133293037437,0.0006778242072522111,0.0,0.4886784091866778,1.0675645851320532,1.0677516646097376,0.0019544658794376298,6.8348536436585645,0.0034586587681130917,-0.00014323108189273626,0.49066576721145033,1.1530516204510783,1.1751573583219606,0.0026406070925107,6.638134145452625,0.006468605445991516,-0.0008849007426761091,0.49137764317007515,1.204682778511451,1.2315657192893525,0.002983975540686595,5.328815469224917,0.011898006113595256,-0.0025673445779830217,0.48801824978813285,1.2706957409117772,1.322172995740582,-0.0019455624425713794,-2.6051922223341575,0.019720291665150876,-0.0076218899339437485,0.4773371282149728,1.3319863829886116,1.4505410898605784,-0.0077680755991179455,-8.285743684000213,0.024120753738099177,-0.01563578099012375,0.4617687157141792,1.3374993007441163,1.552197843448271
L 深度超跌并集 | 量比<=2.0,1619912,0.2431330263746545,-0.48090015435118916,0.795825466766311,0.27979471031090125,575.7693950177936,0.0005100311606491465,4.307020967970557,0.0008302892121330085,0.0,0.48888567486983225,1.0820713032155953,1.0817840182053735,0.0018712376649584318,6.644688985021352,0.00397575086508969,0.0,0.4921511319904804,1.1761901896664724,1.19174891125493,0.00252417965209785,6.516686717507554,0.007286615605039531,0.0,0.49427659006045244,1.231650694583712,1.2446738943489548,0.0027176010054656805,4.9539048460846145,0.013161515818521027,-0.0017421387019567192,0.49119054193691875,1.3010043633430644,1.33657285812585,-0.002372704490372366,-3.1608564069046534,0.020262321451490706,-0.007488876581192017,0.4778203345038715,1.3403595388303005,1.4568031773783119,-0.00818580848582975,-8.911115874968484,0.024261439605495812,-0.015753916464746,0.46157988952732876,1.3383046088168897,1.5543304257365824
L 深度超跌并集 | 量比<=2.5,1676041,0.23337100604241856,-0.48748099171990944,0.772852721582715,0.27205236528613025,595.7256227758007,0.00047864061573512555,4.049589912316022,0.0009107077166814637,0.0,0.48884371402679466,1.0895643353431528,1.089646886266193,0.0017948535558496611,6.3858748270650825,0.004249381051177762,0.0,0.4927089277982944,1.1882586533789734,1.2013993628326032,0.00240957670168366,6.262248427534087,0.007693876011628066,0.0,0.4954630989507966,1.2449343492422469,1.2521534721405603,0.002524036723125388,4.63163477464784,0.013766261453298541,-0.0014104199362918735,0.49245876817994394,1.3154195927550116,1.3445605837552248,-0.0025781712819522035,-3.4400730723457986,0.020525154819127017,-0.0073982300236821175,0.47811333103769965,1.344324622032816,1.4594070689447427,-0.008351143233993162,-9.148106149408669,0.02436099778066512,-0.01585726998746395,0.46142172923222374,1.3390032565716037,1.556149326096416
S | 缩量下跌→放量上涨,122044,-0.7373267969724391,-0.9999998954318128,-3.481892206541949,-1.2677559181432776,43.57158157800785,-0.005749121330696154,-21.602915860151935,-0.006741961731499871,-0.006289237877354026,0.34392514175215494,0.46155441024922716,0.8434083781892535,-0.013139646105420113,-15.549717681199827,-0.015742705842312514,-0.015688186511397362,0.3176105012011446,0.4247732623986883,0.8964560197775405,-0.012968979653132566,-11.100839376455678,-0.012217448368493805,-0.01468872930854559,0.39249281314168377,0.6603217875879304,1.0078937526655516,-0.012758279115388344,-7.758011532486378,-0.0037395099611232997,-0.013730615377426147,0.4376485736925515,0.9201110046954104,1.1711450244216337,-0.017111557727538074,-12.88642694240634,0.003564811533935621,-0.020502300933003426,0.4354791630180056,1.0563209139674785,1.3609156628348649,-0.022055669744373726,-13.444121734463067,0.012159556759640911,-0.023990542627871037,0.43671270811522744,1.165272193972397,1.4960476574549146
L | 缩量下跌→放量上涨,41153,-0.7571325647101443,-0.9999999106253273,-3.3690728394551592,-1.3368186139159555,15.67136329017517,-0.0059810380624365465,-15.88081751526471,-0.0065407744676115155,-0.006993027403950691,0.3579082934415474,0.5144385351833765,0.8946878618546658,-0.01614106609380204,-19.037921201488874,-0.017990423797897708,-0.018865609541535378,0.3152530829664583,0.4216982379064779,0.9035879533322048,-0.014990506707578666,-13.316016613816984,-0.014072385115878978,-0.0187713373452425,0.3874277914544081,0.6551097318197576,1.0256722734234973,-0.013508532639280597,-9.32697636313794,-0.005162116346646897,-0.018505064770579338,0.42972212021055206,0.9007634878427848,1.187178769614126,-0.019791003829122578,-11.146803937807238,-0.002069067970361502,-0.028618600219488144,0.42061667037559036,0.9707177150767247,1.3304499163490584,-0.024515070849643442,-11.364781687782317,0.002126286554311588,-0.034746624529361725,0.4190204326923077,1.025602361171839,1.4172361061155494
S | 缩量→放量(不限阳线),253588,-0.6013119486935051,-0.99998834562669,-2.499871044701156,-0.8590614960481666,89.41748942172073,-0.004158044230175808,-21.083194001923495,-0.004396935888682188,-0.004070542519912124,0.39576399514172594,0.6164010604019962,0.8959099917382168,-0.009291102044733752,-13.343004879371712,-0.010789734532533367,-0.01114824740216136,0.36835625843414854,0.5608385232277382,0.9416997505832417,-0.008335975043011047,-9.459280008172142,-0.007192701124568418,-0.010735387913882732,0.41964759033761384,0.7823491411608908,1.0655262526175104,-0.008434731154973472,-6.968473818809194,-0.0005420303814069394,-0.010754923801869154,0.44934360050223304,0.9877157437525211,1.19830045400389,-0.011309740356717581,-9.799116304611202,0.009091082442018056,-0.01503758504986763,0.4516943750676507,1.1529921993456478,1.3907497678595357,-0.01477263689003164,-10.354552721623234,0.018438546183145162,-0.01806316990405321,0.45071022036289343,1.2671251045026222,1.5363961697201776
L | 缩量→放量(不限阳线),87448,-0.5841414659016413,-0.9999608037845319,-2.174263194913212,-0.8067874147719856,31.84559359067735,-0.003741472524629029,-14.85707679994616,-0.003958768612380573,-0.0042471729684621096,0.4109299240691611,0.6789423783231143,0.9385407720384222,-0.010389134332518698,-12.943559231748457,-0.012413089899560274,-0.013398306909948587,0.3641232205794846,0.5527138577032003,0.9499139766252329,-0.009294723918920356,-8.857676799513516,-0.008656481119838655,-0.013831689953804016,0.41359857822622254,0.7683526600037373,1.0768908137006248,-0.008328904518476371,-6.596803682397202,-0.0022525761023760335,-0.015314686112105846,0.43931893534720945,0.9543746296723379,1.2087678251605856,-0.012535802094880154,-8.777315418334897,0.0033603496976186455,-0.02281245030462742,0.43609424168882593,1.0500013960025836,1.3511960130846965,-0.016989432682761398,-10.460137030928927,0.008318339233090135,-0.028494615107774734,0.4319670399323896,1.105728948343755,1.4487960696771152
S | 放量上涨(不限前期缩量),737976,0.22526949170821675,-0.38420880856221695,0.7957942183571903,0.25396249785660335,258.67988767988766,0.0003192368522258182,2.2106926159470346,0.0023429166489665957,0.0,0.47757263097048896,1.248047222857952,1.2912337325200651,-0.0005430286469436452,-2.0292766267607494,0.00790750875490376,0.0016141360392794013,0.5091992040260526,1.4054471008798561,1.321639526373505,-0.0005276308193867003,-1.5096739489567612,0.013626167673219565,0.005550472065806389,0.5312717216688226,1.5098229209454854,1.308963426905025,-0.0011545018672848117,-2.290439567487928,0.025312599028204784,0.009093556553125381,0.5347226686618529,1.6771639961392122,1.4437059185760874,-0.00398908600293578,-5.18996825334744,0.03048151115780188,-0.0021141456672921777,0.4921986382776888,1.558949171097423,1.5975373894003575,-0.008219995374206776,-9.087496638307352,0.034120184084692244,-0.010035591665655375,0.4724932995251282,1.5207204342837555,1.688635953464045
L | 放量上涨(不限前期缩量),240410,0.1785950205079443,-0.4530372123361929,0.6353343082489219,0.22901416895111956,85.63490364025697,0.0003520243805554678,1.5947974163484797,0.0026909522041986995,-0.0004783654003404081,0.4780099104393017,1.2449758680744738,1.3078335922895366,-0.001060372610561168,-2.453004721771635,0.008515537749207753,0.0,0.49932992380753577,1.3720006941036118,1.3519945971276692,-0.001465615729008224,-2.434715560513697,0.013539766005931025,0.003918141359463334,0.5178437045336722,1.4332633386659426,1.318960523764341,-0.003718960563856179,-4.796198997801542,0.02627236976567475,0.006622548680752516,0.521698457511295,1.6194238543207893,1.4730593880199951,-0.010503043482143799,-9.635854374310632,0.023706858566656663,-0.00895856972783804,0.47488205800841987,1.3788260019478604,1.516516955205564,-0.016822255163317125,-13.973652339048057,0.023337018206814615,-0.021007895469665527,0.45061317777891485,1.305538757196497,1.5853235355210842
S | 连续3日量比渐降,1002253,6.78165686462684,-0.47514566238498523,6.239862818588581,2.117614568098045,351.66771929824563,0.007782612229467462,43.82014505616074,0.007605559694443617,0.004232713021337986,0.5760511567438561,2.0130426742453555,1.3869394680883096,0.014442116313460589,49.46322566420136,0.01651656906357846,0.009868419263511896,0.5758367384509483,1.913107385989824,1.374405119075939,0.014333389550317394,43.35010853892851,0.02003875963887507,0.010501806624233723,0.5591796798638213,1.8007850845852706,1.3949386211677162,0.014048858847780647,33.91611463038675,0.027357199073500767,0.010477242525666952,0.5403625759984846,1.76669616624168,1.4859802899486902,0.011666770108815703,19.484437869530232,0.03856668595755422,0.0068212468177080154,0.5189626531927961,1.7806563616729172,1.6386040552074455,0.00781496763705973,10.43798879662493,0.04724201510004846,0.003436369472183287,0.5075683342459663,1.8005479548958692,1.7369571493174552
L | 连续3日量比渐降,326464,7.738599754993739,-0.43168265490963176,5.719079754477475,2.2537971463208026,116.22071911712354,0.008511163645643544,33.885245755174175,0.008134965606947629,0.004504506243392825,0.569425725347971,1.915205135017515,1.3833176085617398,0.015904380861167047,34.52184123015242,0.018139294629575753,0.01052630739286542,0.5702622616222597,1.8883762814217773,1.397298695731859,0.015854719584718527,28.66993383919286,0.02147613394741608,0.010416659526526928,0.5504141497839151,1.7622798113120348,1.421287884221012,0.014895099641336038,20.750058690043588,0.02841503789364456,0.008897768333554268,0.5304840268655977,1.710799842450455,1.5008812769050877,0.009067622595827978,9.66800243711915,0.03378976432924612,0.002145033562555909,0.5045858614364329,1.604419108604713,1.5662927186512925,0.0033046043415332284,3.0168257050696217,0.03657078792405017,-0.00756325270049274,0.48166881381962645,1.535131278829059,1.6448586390710633
